#VRML V2.0 utf8
# 3D model generated by easyeda2kicad.py (https://github.com/uPesy/easyeda2kicad.py)

Shape{
    appearance Appearance {
        material  Material 	{
            diffuseColor 0.6470588235294118 0.6196078431372549 0.5882352941176471
            specularColor 0.45098039215686275 0.43529411764705883 0.4117647058823529
            ambientIntensity 0.6242
            transparency 0.0
            shininess 0.5
        }
    }
    geometry IndexedFaceSet {
        ccw TRUE
        solid FALSE
        coord DEF co Coordinate {
            point [
                -0.7674 -0.2428 3.2205, -0.2017 -0.1884 3.2205, -0.7983 -0.1884 3.2205, -0.1884 -0.1533 3.2205, -0.8116 -0.1533 3.2205, -0.7267 -0.2903 3.2205, -0.6777 -0.3292 3.2205, -0.6222 -0.358 3.2205, -0.5622 -0.3757 3.2205, -0.5 -0.3817 3.2205, -0.4378 -0.3757 3.2205, -0.3778 -0.358 3.2205, -0.3223 -0.3292 3.2205, -0.2326 -0.2428 3.2205, -0.2733 -0.2903 3.2205, -0.7863 -0.3412 3.1417, -0.7813 -0.347 3.1417, -0.7795 -0.3451 3.1621, -0.7021 -0.4048 3.1417, -0.6517 -0.431 3.1417, -0.6507 -0.4285 3.1621, -0.3955 -0.445 3.1417, -0.3483 -0.431 3.1417, -0.3493 -0.4285 3.1621, -0.2137 -0.3412 3.1417, -0.1682 -0.2881 3.1417, -0.1704 -0.2865 3.1621, -0.1873 -0.1533 3.2205, -0.1831 -0.1968 3.2178, -0.1673 -0.1533 3.2179, -0.1671 -0.1533 3.2178, -0.1585 -0.1533 3.2151, -0.1658 -0.2045 3.2099, -0.1476 -0.1533 3.2095, -0.1412 -0.1533 3.2062, -0.1509 -0.2112 3.1974, -0.1338 -0.1533 3.2005, -0.1395 -0.2163 3.1811, -0.1212 -0.1533 3.1868, -0.1307 -0.1533 3.1971, -0.1094 -0.1533 3.1621, -0.1094 -0.1533 3.1624, -0.1323 -0.2195 3.1621, -0.1164 -0.1533 3.1793, -0.1175 -0.1533 3.1811, -0.1066 -0.1533 3.1417, -0.1076 -0.1533 3.1542, -0.1088 -0.1597 3.1417, -0.1299 -0.2206 3.1417, -0.1504 -0.2568 3.1417, -0.8934 -0.1533 3.1417, -0.8912 -0.1597 3.1417, -0.893 -0.1533 3.1498, -0.8905 -0.1533 3.1621, -0.8677 -0.2195 3.1621, -0.89 -0.1533 3.1644, -0.8605 -0.2163 3.1811, -0.8825 -0.1533 3.1812, -0.878 -0.1533 3.1878, -0.8491 -0.2112 3.1974, -0.8692 -0.1533 3.1971, -0.8418 -0.1533 3.215, -0.8524 -0.1533 3.2095, -0.8342 -0.2045 3.2099, -0.8591 -0.1533 3.206, -0.865 -0.1533 3.2015, -0.8348 -0.1533 3.2173, -0.8169 -0.1968 3.2178, -0.8329 -0.1533 3.2176, -0.815 -0.1533 3.2204, -0.3112 -0.3463 3.2178, -0.3702 -0.3769 3.2178, -0.3009 -0.3622 3.2099, -0.3631 -0.3945 3.2099, -0.292 -0.3759 3.1974, -0.357 -0.4096 3.1974, -0.2852 -0.3864 3.1811, -0.3523 -0.4212 3.1811, -0.2809 -0.393 3.1621, -0.5661 -0.3957 3.2178, -0.6298 -0.3769 3.2178, -0.5697 -0.4144 3.2099, -0.6369 -0.3945 3.2099, -0.5729 -0.4304 3.1974, -0.643 -0.4096 3.1974, -0.5752 -0.4427 3.1811, -0.6477 -0.4212 3.1811, -0.5767 -0.4504 3.1621, -0.7841 -0.2545 3.2178, -0.7996 -0.2654 3.2099, -0.8129 -0.2748 3.1974, -0.8232 -0.282 3.1811, -0.8296 -0.2865 3.1621, -0.1768 -0.282 3.1811, -0.1871 -0.2748 3.1974, -0.2004 -0.2654 3.2099, -0.2159 -0.2545 3.2178, -0.2187 -0.347 3.1417, -0.2205 -0.3451 3.1621, -0.226 -0.3394 3.1811, -0.2347 -0.3304 3.1974, -0.246 -0.3186 3.2099, -0.2592 -0.305 3.2178, -0.2795 -0.3952 3.1417, -0.2979 -0.4048 3.1417, -0.4228 -0.453 3.1417, -0.4233 -0.4504 3.1621, -0.4248 -0.4427 3.1811, -0.4271 -0.4304 3.1974, -0.4303 -0.4144 3.2099, -0.4339 -0.3957 3.2178, -0.5 -0.4021 3.2178, -0.5 -0.4211 3.2099, -0.5 -0.4374 3.1974, -0.5 -0.4499 3.1811, -0.5 -0.4578 3.1621, -0.5 -0.4604 3.1417, -0.5772 -0.453 3.1417, -0.6045 -0.445 3.1417, -0.7205 -0.3952 3.1417, -0.7191 -0.393 3.1621, -0.7148 -0.3864 3.1811, -0.708 -0.3759 3.1974, -0.6991 -0.3622 3.2099, -0.6888 -0.3463 3.2178, -0.7408 -0.305 3.2178, -0.754 -0.3186 3.2099, -0.7653 -0.3304 3.1974, -0.774 -0.3394 3.1811, -0.8318 -0.2881 3.1417, -0.8701 -0.2206 3.1417, -0.8496 -0.2568 3.1417, -0.2648 -0.0549 2.6435, -0.2728 0.006 1.8392, -0.2728 0.006 2.6435, -0.2963 0.0627 1.8392, -0.2963 0.0627 2.6435, -0.3337 0.1114 1.8392, -0.3337 0.1114 2.6435, -0.3824 0.1488 1.8392, -0.3824 0.1488 2.6435, -0.4391 0.1723 1.8392, -0.4391 0.1723 2.6435, -0.5 0.1803 1.8392, -0.5 0.1803 2.6435, -0.5609 0.1723 1.8392, -0.5609 0.1723 2.6435, -0.6176 0.1488 1.8392, -0.6176 0.1488 2.6435, -0.6663 0.1114 1.8392, -0.6663 0.1114 2.6435, -0.7037 0.0627 1.8392, -0.7037 0.0627 2.6435, -0.7272 0.006 1.8392, -0.7272 0.006 2.6435, -0.7352 -0.0549 1.8392, -0.7352 -0.0549 2.6435, -0.7272 -0.1158 1.8392, -0.7272 -0.1158 2.6435, -0.7037 -0.1725 1.8392, -0.7037 -0.1725 2.6435, -0.6663 -0.2212 1.8392, -0.6663 -0.2212 2.6435, -0.6176 -0.2586 1.8392, -0.6176 -0.2586 2.6435, -0.5609 -0.2821 1.8392, -0.5609 -0.2821 2.6435, -0.5 -0.2901 1.8392, -0.5 -0.2901 2.6435, -0.4391 -0.2821 1.8392, -0.4391 -0.2821 2.6435, -0.3824 -0.2586 1.8392, -0.3824 -0.2586 2.6435, -0.3337 -0.2212 1.8392, -0.3337 -0.2212 2.6435, -0.2963 -0.1725 1.8392, -0.2963 -0.1725 2.6435, -0.2728 -0.1158 1.8392, -0.2728 -0.1158 2.6435, -0.2648 -0.0549 1.8392
            ]
        }
        coordIndex [
            0,1,2,-1,2,1,3,-1,2,3,4,-1,0,5,1,-1,1,5,6,-1,1,6,7,-1,7,8,1,-1,1,8,9,-1,1,9,10,-1,10,11,1,-1,1,11,12,-1,1,12,13,-1,13,12,14,-1,15,16,17,-1,18,19,20,-1,21,22,23,-1,24,25,26,-1,3,1,27,-1,27,1,28,-1,27,28,29,-1,29,28,30,-1,30,28,31,-1,31,28,32,-1,31,32,33,-1,33,32,34,-1,34,32,35,-1,34,35,36,-1,37,38,35,-1,35,38,39,-1,35,39,36,-1,40,41,42,-1,42,41,43,-1,42,43,37,-1,37,43,44,-1,37,44,38,-1,45,46,47,-1,47,46,40,-1,47,40,48,-1,48,40,42,-1,48,42,49,-1,50,51,52,-1,52,51,53,-1,53,54,55,-1,55,54,56,-1,55,56,57,-1,57,56,58,-1,58,56,59,-1,58,59,60,-1,61,62,63,-1,63,62,64,-1,63,64,59,-1,59,64,65,-1,59,65,60,-1,61,63,66,-1,66,63,67,-1,66,67,68,-1,68,67,69,-1,69,67,2,-1,69,2,4,-1,12,11,70,-1,70,11,71,-1,70,71,72,-1,72,71,73,-1,72,73,74,-1,74,73,75,-1,74,75,76,-1,76,75,77,-1,76,77,78,-1,78,77,23,-1,8,7,79,-1,79,7,80,-1,79,80,81,-1,81,80,82,-1,81,82,83,-1,83,82,84,-1,83,84,85,-1,85,84,86,-1,85,86,87,-1,87,86,20,-1,0,2,88,-1,88,2,67,-1,88,67,89,-1,89,67,63,-1,89,63,90,-1,90,63,59,-1,90,59,91,-1,91,59,56,-1,91,56,92,-1,92,56,54,-1,25,49,26,-1,26,49,42,-1,26,42,93,-1,93,42,37,-1,93,37,94,-1,94,37,35,-1,94,35,95,-1,95,35,32,-1,95,32,96,-1,96,32,28,-1,96,28,13,-1,13,28,1,-1,97,24,98,-1,98,24,26,-1,98,26,99,-1,99,26,93,-1,99,93,100,-1,100,93,94,-1,100,94,101,-1,101,94,95,-1,101,95,102,-1,102,95,96,-1,102,96,14,-1,14,96,13,-1,14,12,102,-1,102,12,70,-1,102,70,101,-1,101,70,72,-1,101,72,100,-1,100,72,74,-1,100,74,99,-1,99,74,76,-1,99,76,98,-1,98,76,78,-1,98,78,97,-1,97,78,103,-1,23,22,78,-1,78,22,104,-1,78,104,103,-1,105,21,106,-1,106,21,23,-1,106,23,107,-1,107,23,77,-1,107,77,108,-1,108,77,75,-1,108,75,109,-1,109,75,73,-1,109,73,110,-1,110,73,71,-1,110,71,10,-1,10,71,11,-1,10,9,110,-1,110,9,111,-1,110,111,109,-1,109,111,112,-1,109,112,108,-1,108,112,113,-1,108,113,107,-1,107,113,114,-1,107,114,106,-1,106,114,115,-1,106,115,105,-1,105,115,116,-1,9,8,111,-1,111,8,79,-1,111,79,112,-1,112,79,81,-1,112,81,113,-1,113,81,83,-1,113,83,114,-1,114,83,85,-1,114,85,115,-1,115,85,87,-1,115,87,116,-1,116,87,117,-1,20,19,87,-1,87,19,118,-1,87,118,117,-1,119,18,120,-1,120,18,20,-1,120,20,121,-1,121,20,86,-1,121,86,122,-1,122,86,84,-1,122,84,123,-1,123,84,82,-1,123,82,124,-1,124,82,80,-1,124,80,6,-1,6,80,7,-1,6,5,124,-1,124,5,125,-1,124,125,123,-1,123,125,126,-1,123,126,122,-1,122,126,127,-1,122,127,121,-1,121,127,128,-1,121,128,120,-1,120,128,17,-1,120,17,119,-1,119,17,16,-1,129,15,92,-1,92,15,17,-1,92,17,91,-1,91,17,128,-1,91,128,90,-1,90,128,127,-1,90,127,89,-1,89,127,126,-1,89,126,88,-1,88,126,125,-1,88,125,0,-1,0,125,5,-1,53,51,54,-1,54,51,130,-1,54,130,92,-1,92,130,131,-1,92,131,129,-1,132,133,134,-1,134,133,135,-1,134,135,136,-1,136,135,137,-1,136,137,138,-1,138,137,139,-1,138,139,140,-1,140,139,141,-1,140,141,142,-1,142,141,143,-1,142,143,144,-1,144,143,145,-1,144,145,146,-1,146,145,147,-1,146,147,148,-1,148,147,149,-1,148,149,150,-1,150,149,151,-1,150,151,152,-1,152,151,153,-1,152,153,154,-1,154,153,155,-1,154,155,156,-1,156,155,157,-1,156,157,158,-1,158,157,159,-1,158,159,160,-1,160,159,161,-1,160,161,162,-1,162,161,163,-1,162,163,164,-1,164,163,165,-1,164,165,166,-1,166,165,167,-1,166,167,168,-1,168,167,169,-1,168,169,170,-1,170,169,171,-1,170,171,172,-1,172,171,173,-1,172,173,174,-1,174,173,175,-1,174,175,176,-1,176,175,177,-1,176,177,178,-1,178,177,179,-1,178,179,132,-1,132,179,133,-1,
        ]
    }
}
Shape{
    appearance Appearance {
        material  Material 	{
            diffuseColor 0.27450980392156865 0.49411764705882355 0.27450980392156865
            specularColor 0.0196078431372549 0.03529411764705882 0.0196078431372549
            ambientIntensity 0.5763
            transparency 0.0
            shininess 0.5
        }
    }
    geometry IndexedFaceSet {
        ccw TRUE
        solid FALSE
        coord DEF co Coordinate {
            point [
                -0.5747 -0.9996 0.0, -0.575 -0.9997 0.0, -0.5983 -0.9997 0.0, -1.5747 -0.9996 0.0, -1.575 -0.9997 0.0, -1.5983 -0.9997 0.0, 1.4253 -0.9996 0.0, 1.425 -0.9997 0.0, 1.4017 -0.9997 0.0, 0.4253 -0.9996 0.0, 0.425 -0.9997 0.0, 0.4017 -0.9997 0.0, 0.2017 -0.9512 0.0, 0.2017 -0.9093 0.0, 0.3027 -0.9512 0.0, 0.3027 -0.9093 0.0, 0.4017 -0.9512 0.0, 0.4017 -0.9093 0.0, 0.5071 -0.9512 0.0, 0.5071 -0.9093 0.0, 1.0 -0.9512 0.0, 0.8937 -0.9093 0.0, 1.0 1.1811 0.0, 0.8937 0.9842 0.0, 0.5071 1.1811 0.0, 0.5071 0.9842 0.0, 0.4017 1.1811 0.0, 0.4017 0.9842 0.0, 0.3027 1.1811 0.0, 0.3027 0.9842 0.0, 0.2017 1.1811 0.0, 0.2017 0.9842 0.0, 0.117 1.1811 0.0, 0.117 0.9842 0.0, 0.0 1.1811 0.0, 0.1063 0.9842 0.0, 0.0 -0.9512 0.0, 0.1063 -0.9093 0.0, 0.117 -0.9512 0.0, 0.117 -0.9093 0.0, 0.5759 -1.0757 0.0, 0.5374 -1.0664 0.0, 0.5926 -1.0069 0.0, 0.5283 -1.0242 0.0, 0.5938 -0.9997 0.0, 0.597 -0.9941 0.0, 0.5969 -0.9939 0.0, 0.5971 -0.9944 0.0, 0.5204 -0.9932 0.0, 0.5202 -0.9932 0.0, 0.52 -0.9932 0.0, 0.5071 -0.9997 0.0, 0.5193 -0.9946 0.0, 0.5188 -0.9981 0.0, 0.5198 -0.9934 0.0, 0.5196 -0.9936 0.0, 0.5195 -0.9938 0.0, 0.5977 -0.9981 0.0, 0.5976 -0.9967 0.0, 0.5974 -0.9956 0.0, 0.5973 -0.9949 0.0, 0.5224 -0.9959 0.0, 0.596 -0.9936 0.0, 0.5233 -0.9997 0.0, 0.5958 -0.9936 0.0, 0.5955 -0.9938 0.0, 0.5241 -1.0027 0.0, 0.5946 -0.9956 0.0, 0.5948 -0.9948 0.0, 0.522 -0.9949 0.0, 0.5217 -0.9942 0.0, 0.5214 -0.9938 0.0, 0.5952 -0.994 0.0, 0.595 -0.9943 0.0, 0.5211 -0.9935 0.0, 0.5209 -0.9933 0.0, 0.5206 -0.9932 0.0, 0.5967 -0.9937 0.0, 0.5965 -0.9936 0.0, 0.5963 -0.9936 0.0, 0.5993 -1.0245 0.0, 0.5996 -1.0241 0.0, 1.0 -1.1839 0.0, 0.5998 -1.0238 0.0, 0.5998 -1.0235 0.0, 1.0 -0.9997 0.0, 0.5998 -1.0224 0.0, 0.5994 -1.0158 0.0, 0.5994 -1.0157 0.0, 0.5983 -1.003 0.0, 0.5979 -0.9997 0.0, 0.5592 -1.1867 0.0, 0.5598 -1.1839 0.0, 0.5866 -1.0653 0.0, 0.59 -1.0511 0.0, 0.5915 -1.0444 0.0, 0.5934 -1.0378 0.0, 0.5954 -1.0324 0.0, 0.5972 -1.0274 0.0, 0.5984 -1.0256 0.0, 0.5193 -1.0267 0.0, 0.523 -1.0391 0.0, 0.5179 -1.0242 0.0, 0.5173 -1.0231 0.0, 0.5186 -0.9997 0.0, 0.5184 -1.0015 0.0, 0.517 -1.0134 0.0, 0.5261 -1.0517 0.0, 0.5071 -1.1839 0.0, 0.5167 -1.0215 0.0, 0.5166 -1.0189 0.0, 0.4127 -1.014 0.0, 0.4129 -1.0141 0.0, 0.4017 -1.1839 0.0, 0.4735 -1.1784 0.0, 0.4787 -1.1757 0.0, 0.4731 -1.0099 0.0, 0.4678 -1.0078 0.0, 0.4124 -1.0122 0.0, 0.4123 -1.0125 0.0, 0.4671 -1.1799 0.0, 0.414 -1.0144 0.0, 0.4235 -1.1627 0.0, 0.4133 -1.0143 0.0, 0.413 -1.0142 0.0, 0.4121 -1.1725 0.0, 0.4121 -1.1732 0.0, 0.4123 -1.1739 0.0, 0.4125 -1.1744 0.0, 0.4833 -1.1715 0.0, 0.4879 -1.165 0.0, 0.4922 -1.1534 0.0, 0.4247 -0.9998 0.0, 0.4229 -1.0012 0.0, 0.4188 -1.0049 0.0, 0.4198 -1.1646 0.0, 0.4147 -1.1689 0.0, 0.415 -1.0143 0.0, 0.4189 -1.0143 0.0, 0.4235 -1.0143 0.0, 0.4583 -1.1805 0.0, 0.452 -1.18 0.0, 0.4473 -1.0046 0.0, 0.4348 -1.0032 0.0, 0.4302 -1.002 0.0, 0.4123 -1.0128 0.0, 0.4124 -1.0132 0.0, 0.4126 -1.0138 0.0, 0.4216 -1.1635 0.0, 0.4135 -1.1699 0.0, 0.4127 -1.1708 0.0, 0.4122 -1.1719 0.0, 0.4894 -1.0304 0.0, 0.4835 -1.0199 0.0, 0.4786 -1.014 0.0, 0.4134 -1.0108 0.0, 0.4129 -1.0114 0.0, 0.4126 -1.0119 0.0, 0.4175 -1.0064 0.0, 0.4141 -1.01 0.0, 0.4291 -1.1751 0.0, 0.4351 -1.1757 0.0, 0.4458 -1.1788 0.0, 0.4129 -1.1748 0.0, 0.4133 -1.1751 0.0, 0.4184 -1.1742 0.0, 0.4964 -1.1217 0.0, 0.4977 -1.0825 0.0, 0.4948 -1.0491 0.0, 0.4243 -1.1742 0.0, 0.4267 -1.1747 0.0, 0.426 -0.9996 0.0, 0.4263 -0.9996 0.0, 0.4264 -0.9997 0.0, 0.4272 -1.0002 0.0, 0.3835 -1.0989 0.0, 0.383 -1.0986 0.0, 0.3823 -1.0245 0.0, 0.3145 -1.175 0.0, 0.3146 -1.1753 0.0, 0.3027 -1.1839 0.0, 0.3297 -1.1009 0.0, 0.3535 -1.104 0.0, 0.3297 -1.1632 0.0, 0.3633 -1.106 0.0, 0.375 -1.1114 0.0, 0.3832 -1.1714 0.0, 0.3787 -1.1708 0.0, 0.3147 -1.1754 0.0, 0.3148 -1.1755 0.0, 0.315 -1.1756 0.0, 0.372 -1.1699 0.0, 0.3653 -1.1692 0.0, 0.3724 -1.11 0.0, 0.3696 -1.1082 0.0, 0.3839 -1.0992 0.0, 0.3027 -0.9997 0.0, 0.3212 -1.0011 0.0, 0.3206 -1.0014 0.0, 0.3152 -1.171 0.0, 0.3148 -1.1719 0.0, 0.3145 -1.1733 0.0, 0.3857 -1.1738 0.0, 0.3857 -1.1734 0.0, 0.3838 -1.1024 0.0, 0.3842 -1.1018 0.0, 0.3839 -1.1715 0.0, 0.3844 -1.1012 0.0, 0.3844 -1.1716 0.0, 0.3845 -1.1007 0.0, 0.3849 -1.1719 0.0, 0.3853 -1.1723 0.0, 0.3198 -1.0019 0.0, 0.3193 -1.0027 0.0, 0.319 -1.0033 0.0, 0.3145 -1.1742 0.0, 0.3145 -1.1748 0.0, 0.3154 -1.1757 0.0, 0.3161 -1.1757 0.0, 0.3169 -1.1757 0.0, 0.3764 -1.1844 0.0, 0.3769 -1.1839 0.0, 0.3846 -1.1759 0.0, 0.3297 -1.091 0.0, 0.3297 -1.0143 0.0, 0.3719 -1.0202 0.0, 0.3832 -1.1032 0.0, 0.3903 -1.0157 0.0, 0.3914 -1.013 0.0, 0.3913 -1.0125 0.0, 0.391 -1.012 0.0, 0.322 -1.001 0.0, 0.3234 -1.001 0.0, 0.3188 -1.0044 0.0, 0.3188 -1.006 0.0, 0.3189 -1.0066 0.0, 0.3857 -1.173 0.0, 0.3856 -1.1726 0.0, 0.3825 -1.0984 0.0, 0.3818 -1.0983 0.0, 0.3798 -1.0231 0.0, 0.376 -1.0213 0.0, 0.3183 -1.167 0.0, 0.3163 -1.1693 0.0, 0.3844 -1.1003 0.0, 0.3843 -1.0998 0.0, 0.3911 -1.0145 0.0, 0.3914 -1.0138 0.0, 0.3914 -1.0134 0.0, 0.3908 -1.0117 0.0, 0.3906 -1.0115 0.0, 0.3903 -1.0114 0.0, 0.3902 -1.0113 0.0, 0.3895 -1.0112 0.0, 0.3886 -1.0111 0.0, 0.3223 -1.1748 0.0, 0.3271 -1.1742 0.0, 0.3319 -1.1742 0.0, 0.3851 -1.175 0.0, 0.3855 -1.1743 0.0, 0.3416 -1.0049 0.0, 0.3286 -1.0027 0.0, 0.3254 -1.0015 0.0, 0.3207 -1.0138 0.0, 0.3215 -1.0211 0.0, 0.3215 -1.0265 0.0, 0.3328 -1.1742 0.0, 0.3383 -1.1744 0.0, 0.3438 -1.1751 0.0, 0.3549 -1.1771 0.0, 0.3646 -1.179 0.0, 0.3723 -1.1818 0.0, 0.3843 -1.0109 0.0, 0.3629 -1.0083 0.0, 0.3215 -1.1632 0.0, 0.3218 -1.0335 0.0, 0.3216 -1.03 0.0, 0.3739 -1.1827 0.0, 0.3756 -1.1839 0.0, 0.3027 -1.2992 0.0, 0.4017 -1.2992 0.0, 0.1278 -1.1884 0.0, 0.1297 -1.1907 0.0, 0.117 -1.2992 0.0, 0.2017 -1.2992 0.0, 0.138 -1.1572 0.0, 0.1792 -1.0209 0.0, 0.1801 -1.0213 0.0, 0.2017 -1.1839 0.0, 0.1352 -1.1839 0.0, 0.1422 -1.1751 0.0, 0.2017 -0.9997 0.0, 0.1917 -1.0086 0.0, 0.1914 -1.008 0.0, 0.1393 -1.1689 0.0, 0.138 -1.1609 0.0, 0.1898 -1.0127 0.0, 0.1909 -1.0115 0.0, 0.1914 -1.0106 0.0, 0.1916 -1.0097 0.0, 0.1867 -1.0155 0.0, 0.1306 -1.0307 0.0, 0.1306 -1.1581 0.0, 0.117 -1.1839 0.0, 0.138 -1.0129 0.0, 0.1597 -1.0147 0.0, 0.1701 -1.0163 0.0, 0.1736 -1.0171 0.0, 0.1304 -1.1719 0.0, 0.1286 -1.1839 0.0, 0.1283 -1.1856 0.0, 0.1757 -1.0181 0.0, 0.1783 -1.0203 0.0, 0.1309 -1.0014 0.0, 0.1304 -1.0016 0.0, 0.117 -0.9997 0.0, 0.1301 -1.0018 0.0, 0.1297 -1.0023 0.0, 0.1293 -1.0031 0.0, 0.1291 -1.0038 0.0, 0.1291 -1.0054 0.0, 0.1299 -1.0123 0.0, 0.13 -1.014 0.0, 0.1912 -1.0077 0.0, 0.1908 -1.0075 0.0, 0.1901 -1.0072 0.0, 0.189 -1.0071 0.0, 0.184 -1.007 0.0, 0.1769 -1.0059 0.0, 0.1582 -1.004 0.0, 0.1521 -1.0035 0.0, 0.1402 -1.0024 0.0, 0.1314 -1.0013 0.0, 0.1322 -1.0014 0.0, 0.1337 -1.0018 0.0, 1.2017 -0.9512 0.0, 1.2017 -0.9093 0.0, 1.3027 -0.9512 0.0, 1.3027 -0.9093 0.0, 1.4017 -0.9512 0.0, 1.4017 -0.9093 0.0, 1.5071 -0.9512 0.0, 1.5071 -0.9093 0.0, 2.0 -0.9512 0.0, 1.8937 -0.9093 0.0, 2.0 1.1811 0.0, 1.8937 0.9842 0.0, 1.5071 1.1811 0.0, 1.5071 0.9842 0.0, 1.4017 1.1811 0.0, 1.4017 0.9842 0.0, 1.3027 1.1811 0.0, 1.3027 0.9842 0.0, 1.2017 1.1811 0.0, 1.2017 0.9842 0.0, 1.117 1.1811 0.0, 1.117 0.9842 0.0, 1.1063 0.9842 0.0, 1.1063 -0.9093 0.0, 1.117 -0.9512 0.0, 1.117 -0.9093 0.0, 1.5759 -1.0757 0.0, 1.5374 -1.0664 0.0, 1.5926 -1.0069 0.0, 1.5283 -1.0242 0.0, 1.5938 -0.9997 0.0, 1.597 -0.9941 0.0, 1.5969 -0.9939 0.0, 1.5204 -0.9932 0.0, 1.5202 -0.9932 0.0, 1.52 -0.9932 0.0, 1.5071 -0.9997 0.0, 1.5193 -0.9946 0.0, 1.5188 -0.9981 0.0, 1.5198 -0.9934 0.0, 1.5196 -0.9936 0.0, 1.5195 -0.9938 0.0, 2.0 -0.9997 0.0, 1.5979 -0.9997 0.0, 1.5977 -0.9981 0.0, 1.5974 -0.9956 0.0, 1.5973 -0.9949 0.0, 1.5971 -0.9944 0.0, 1.5976 -0.9967 0.0, 1.5224 -0.9959 0.0, 1.596 -0.9936 0.0, 1.5233 -0.9997 0.0, 1.5958 -0.9936 0.0, 1.5955 -0.9938 0.0, 1.5241 -1.0027 0.0, 1.5946 -0.9956 0.0, 1.5948 -0.9948 0.0, 1.522 -0.9949 0.0, 1.5217 -0.9942 0.0, 1.5214 -0.9938 0.0, 1.5952 -0.994 0.0, 1.595 -0.9943 0.0, 1.5211 -0.9935 0.0, 1.5209 -0.9933 0.0, 1.5206 -0.9932 0.0, 1.5967 -0.9937 0.0, 1.5965 -0.9936 0.0, 1.5963 -0.9936 0.0, 1.5998 -1.0224 0.0, 1.5994 -1.0158 0.0, 1.5993 -1.0245 0.0, 1.5996 -1.0241 0.0, 2.0 -1.1839 0.0, 1.5998 -1.0238 0.0, 1.5998 -1.0235 0.0, 1.5994 -1.0157 0.0, 1.5983 -1.003 0.0, 1.59 -1.0511 0.0, 1.5866 -1.0653 0.0, 1.5598 -1.1839 0.0, 1.5915 -1.0444 0.0, 1.5934 -1.0378 0.0, 1.5954 -1.0324 0.0, 1.5972 -1.0274 0.0, 1.5984 -1.0256 0.0, 1.5546 -1.1839 0.0, 1.5552 -1.1867 0.0, 1.5071 -1.2992 0.0, 1.5592 -1.1867 0.0, 2.0 -1.2992 0.0, 1.5193 -1.0267 0.0, 1.523 -1.0391 0.0, 1.5179 -1.0242 0.0, 1.5173 -1.0231 0.0, 1.5186 -0.9997 0.0, 1.5184 -1.0015 0.0, 1.517 -1.0134 0.0, 1.5261 -1.0517 0.0, 1.5071 -1.1839 0.0, 1.5167 -1.0215 0.0, 1.5166 -1.0189 0.0, 1.4127 -1.014 0.0, 1.4129 -1.0141 0.0, 1.4017 -1.1839 0.0, 1.4734 -1.1784 0.0, 1.4787 -1.1757 0.0, 1.4731 -1.0099 0.0, 1.4678 -1.0078 0.0, 1.4124 -1.0122 0.0, 1.4123 -1.0125 0.0, 1.4671 -1.1799 0.0, 1.414 -1.0144 0.0, 1.4235 -1.1627 0.0, 1.4133 -1.0143 0.0, 1.413 -1.0142 0.0, 1.4121 -1.1725 0.0, 1.4121 -1.1732 0.0, 1.4123 -1.1739 0.0, 1.4125 -1.1744 0.0, 1.4833 -1.1715 0.0, 1.4879 -1.165 0.0, 1.4922 -1.1534 0.0, 1.4247 -0.9998 0.0, 1.4229 -1.0012 0.0, 1.4188 -1.0049 0.0, 1.4198 -1.1646 0.0, 1.4147 -1.1689 0.0, 1.415 -1.0143 0.0, 1.4189 -1.0143 0.0, 1.4235 -1.0143 0.0, 1.4583 -1.1805 0.0, 1.452 -1.18 0.0, 1.4473 -1.0046 0.0, 1.4348 -1.0032 0.0, 1.4302 -1.002 0.0, 1.4123 -1.0128 0.0, 1.4124 -1.0132 0.0, 1.4126 -1.0138 0.0, 1.4216 -1.1635 0.0, 1.4135 -1.1699 0.0, 1.4127 -1.1708 0.0, 1.4122 -1.1719 0.0, 1.4894 -1.0304 0.0, 1.4835 -1.0199 0.0, 1.4786 -1.014 0.0, 1.4134 -1.0108 0.0, 1.4129 -1.0114 0.0, 1.4126 -1.0119 0.0, 1.4175 -1.0064 0.0, 1.4141 -1.01 0.0, 1.4291 -1.1751 0.0, 1.4351 -1.1757 0.0, 1.4458 -1.1788 0.0, 1.4129 -1.1748 0.0, 1.4133 -1.1751 0.0, 1.4184 -1.1742 0.0, 1.4964 -1.1217 0.0, 1.4977 -1.0825 0.0, 1.4948 -1.0491 0.0, 1.4243 -1.1742 0.0, 1.4267 -1.1747 0.0, 1.426 -0.9996 0.0, 1.4263 -0.9996 0.0, 1.4264 -0.9997 0.0, 1.4272 -1.0002 0.0, 1.3835 -1.0989 0.0, 1.383 -1.0986 0.0, 1.3823 -1.0245 0.0, 1.3145 -1.175 0.0, 1.3146 -1.1753 0.0, 1.3027 -1.1839 0.0, 1.3297 -1.1009 0.0, 1.3535 -1.104 0.0, 1.3297 -1.1632 0.0, 1.3633 -1.106 0.0, 1.375 -1.1114 0.0, 1.3832 -1.1714 0.0, 1.3787 -1.1708 0.0, 1.3147 -1.1754 0.0, 1.3148 -1.1755 0.0, 1.315 -1.1756 0.0, 1.372 -1.1699 0.0, 1.3653 -1.1692 0.0, 1.3724 -1.11 0.0, 1.3696 -1.1082 0.0, 1.3839 -1.0992 0.0, 1.3027 -0.9997 0.0, 1.3212 -1.0011 0.0, 1.3206 -1.0014 0.0, 1.3152 -1.171 0.0, 1.3148 -1.1719 0.0, 1.3145 -1.1733 0.0, 1.3857 -1.1738 0.0, 1.3857 -1.1734 0.0, 1.3838 -1.1024 0.0, 1.3842 -1.1018 0.0, 1.3839 -1.1715 0.0, 1.3844 -1.1012 0.0, 1.3844 -1.1716 0.0, 1.3845 -1.1007 0.0, 1.3849 -1.1719 0.0, 1.3853 -1.1723 0.0, 1.3198 -1.0019 0.0, 1.3193 -1.0027 0.0, 1.319 -1.0033 0.0, 1.3145 -1.1742 0.0, 1.3145 -1.1748 0.0, 1.3154 -1.1757 0.0, 1.3161 -1.1757 0.0, 1.3169 -1.1757 0.0, 1.3764 -1.1844 0.0, 1.3769 -1.1839 0.0, 1.3846 -1.1759 0.0, 1.3297 -1.091 0.0, 1.3297 -1.0143 0.0, 1.3719 -1.0202 0.0, 1.3832 -1.1032 0.0, 1.3903 -1.0157 0.0, 1.3914 -1.013 0.0, 1.3913 -1.0125 0.0, 1.391 -1.012 0.0, 1.322 -1.001 0.0, 1.3234 -1.001 0.0, 1.3188 -1.0044 0.0, 1.3188 -1.006 0.0, 1.3189 -1.0066 0.0, 1.3857 -1.173 0.0, 1.3856 -1.1726 0.0, 1.3825 -1.0984 0.0, 1.3818 -1.0983 0.0, 1.3798 -1.0231 0.0, 1.376 -1.0213 0.0, 1.3183 -1.167 0.0, 1.3163 -1.1693 0.0, 1.3844 -1.1003 0.0, 1.3843 -1.0998 0.0, 1.3911 -1.0145 0.0, 1.3914 -1.0138 0.0, 1.3914 -1.0134 0.0, 1.3908 -1.0117 0.0, 1.3906 -1.0115 0.0, 1.3903 -1.0114 0.0, 1.3902 -1.0113 0.0, 1.3895 -1.0112 0.0, 1.3886 -1.0111 0.0, 1.3223 -1.1748 0.0, 1.3271 -1.1742 0.0, 1.3319 -1.1742 0.0, 1.3851 -1.175 0.0, 1.3855 -1.1743 0.0, 1.3416 -1.0049 0.0, 1.3286 -1.0027 0.0, 1.3254 -1.0015 0.0, 1.3207 -1.0138 0.0, 1.3215 -1.0211 0.0, 1.3215 -1.0265 0.0, 1.3328 -1.1742 0.0, 1.3383 -1.1744 0.0, 1.3438 -1.1751 0.0, 1.3549 -1.1771 0.0, 1.3646 -1.179 0.0, 1.3723 -1.1818 0.0, 1.3843 -1.0109 0.0, 1.3629 -1.0083 0.0, 1.3215 -1.1632 0.0, 1.3218 -1.0335 0.0, 1.3216 -1.03 0.0, 1.3739 -1.1827 0.0, 1.3756 -1.1839 0.0, 1.3027 -1.2992 0.0, 1.4017 -1.2992 0.0, 1.1278 -1.1884 0.0, 1.1297 -1.1907 0.0, 1.117 -1.2992 0.0, 1.2017 -1.2992 0.0, 1.138 -1.1572 0.0, 1.1792 -1.0209 0.0, 1.1801 -1.0213 0.0, 1.2017 -1.1839 0.0, 1.1352 -1.1839 0.0, 1.1422 -1.1751 0.0, 1.2017 -0.9997 0.0, 1.1917 -1.0086 0.0, 1.1914 -1.008 0.0, 1.1393 -1.1689 0.0, 1.138 -1.1609 0.0, 1.1898 -1.0127 0.0, 1.1909 -1.0115 0.0, 1.1914 -1.0106 0.0, 1.1916 -1.0097 0.0, 1.1867 -1.0155 0.0, 1.1306 -1.0307 0.0, 1.1306 -1.1581 0.0, 1.117 -1.1839 0.0, 1.138 -1.0129 0.0, 1.1597 -1.0147 0.0, 1.1701 -1.0163 0.0, 1.1736 -1.0171 0.0, 1.1304 -1.1719 0.0, 1.1286 -1.1839 0.0, 1.1283 -1.1856 0.0, 1.1757 -1.0181 0.0, 1.1783 -1.0203 0.0, 1.1309 -1.0014 0.0, 1.1304 -1.0016 0.0, 1.117 -0.9997 0.0, 1.1301 -1.0018 0.0, 1.1297 -1.0023 0.0, 1.1293 -1.0031 0.0, 1.1291 -1.0038 0.0, 1.1291 -1.0054 0.0, 1.1299 -1.0123 0.0, 1.13 -1.014 0.0, 1.1912 -1.0077 0.0, 1.1908 -1.0075 0.0, 1.1901 -1.0072 0.0, 1.189 -1.0071 0.0, 1.184 -1.007 0.0, 1.1769 -1.0059 0.0, 1.1582 -1.004 0.0, 1.1521 -1.0035 0.0, 1.1402 -1.0024 0.0, 1.1314 -1.0013 0.0, 1.1322 -1.0014 0.0, 1.1337 -1.0018 0.0, -1.7983 -0.9512 0.0, -1.7983 -0.9093 0.0, -1.6973 -0.9512 0.0, -1.6973 -0.9093 0.0, -1.5983 -0.9512 0.0, -1.5983 -0.9093 0.0, -1.4929 -0.9512 0.0, -1.4929 -0.9093 0.0, -1.0 -0.9512 0.0, -1.1063 -0.9093 0.0, -1.0 1.1811 0.0, -1.1063 0.9842 0.0, -1.4929 1.1811 0.0, -1.4929 0.9842 0.0, -1.5983 1.1811 0.0, -1.5983 0.9842 0.0, -1.6973 1.1811 0.0, -1.6973 0.9842 0.0, -1.7983 1.1811 0.0, -1.7983 0.9842 0.0, -1.883 1.1811 0.0, -1.883 0.9842 0.0, -2.0 1.1811 0.0, -1.8937 0.9842 0.0, -2.0 -0.9512 0.0, -1.8937 -0.9093 0.0, -1.883 -0.9512 0.0, -1.883 -0.9093 0.0, -1.4241 -1.0757 0.0, -1.4626 -1.0664 0.0, -1.4074 -1.0069 0.0, -1.4717 -1.0242 0.0, -1.4062 -0.9997 0.0, -1.403 -0.9941 0.0, -1.4031 -0.9939 0.0, -1.4029 -0.9944 0.0, -1.4796 -0.9932 0.0, -1.4798 -0.9932 0.0, -1.48 -0.9932 0.0, -1.4929 -0.9997 0.0, -1.4807 -0.9946 0.0, -1.4812 -0.9981 0.0, -1.4802 -0.9934 0.0, -1.4804 -0.9936 0.0, -1.4805 -0.9938 0.0, -1.4023 -0.9981 0.0, -1.4024 -0.9967 0.0, -1.4026 -0.9956 0.0, -1.4027 -0.9949 0.0, -1.4776 -0.9959 0.0, -1.404 -0.9936 0.0, -1.4767 -0.9997 0.0, -1.4042 -0.9936 0.0, -1.4045 -0.9938 0.0, -1.4759 -1.0027 0.0, -1.4054 -0.9956 0.0, -1.4052 -0.9948 0.0, -1.478 -0.9949 0.0, -1.4783 -0.9942 0.0, -1.4786 -0.9938 0.0, -1.4048 -0.994 0.0, -1.405 -0.9943 0.0, -1.4789 -0.9935 0.0, -1.4791 -0.9933 0.0, -1.4794 -0.9932 0.0, -1.4033 -0.9937 0.0, -1.4035 -0.9936 0.0, -1.4037 -0.9936 0.0, -1.4007 -1.0245 0.0, -1.4004 -1.0241 0.0, -1.0 -1.1839 0.0, -1.4002 -1.0238 0.0, -1.4002 -1.0235 0.0, -1.0 -0.9997 0.0, -1.4002 -1.0224 0.0, -1.4006 -1.0158 0.0, -1.4006 -1.0157 0.0, -1.4017 -1.003 0.0, -1.4021 -0.9997 0.0, -1.4408 -1.1867 0.0, -1.4402 -1.1839 0.0, -1.4134 -1.0653 0.0, -1.41 -1.0511 0.0, -1.4085 -1.0444 0.0, -1.4066 -1.0378 0.0, -1.4046 -1.0324 0.0, -1.4028 -1.0274 0.0, -1.4016 -1.0256 0.0, -1.4807 -1.0267 0.0, -1.477 -1.0391 0.0, -1.4821 -1.0242 0.0, -1.4827 -1.0231 0.0, -1.4814 -0.9997 0.0, -1.4816 -1.0015 0.0, -1.483 -1.0134 0.0, -1.4739 -1.0517 0.0, -1.4929 -1.1839 0.0, -1.4833 -1.0215 0.0, -1.4834 -1.0189 0.0, -1.5873 -1.014 0.0, -1.5871 -1.0141 0.0, -1.5983 -1.1839 0.0, -1.5266 -1.1784 0.0, -1.5213 -1.1757 0.0, -1.5269 -1.0099 0.0, -1.5322 -1.0078 0.0, -1.5876 -1.0122 0.0, -1.5877 -1.0125 0.0, -1.5329 -1.1799 0.0, -1.586 -1.0144 0.0, -1.5765 -1.1627 0.0, -1.5867 -1.0143 0.0, -1.587 -1.0142 0.0, -1.5879 -1.1725 0.0, -1.5879 -1.1732 0.0, -1.5877 -1.1739 0.0, -1.5875 -1.1744 0.0, -1.5167 -1.1715 0.0, -1.5121 -1.165 0.0, -1.5078 -1.1534 0.0, -1.5753 -0.9998 0.0, -1.5771 -1.0012 0.0, -1.5812 -1.0049 0.0, -1.5802 -1.1646 0.0, -1.5853 -1.1689 0.0, -1.585 -1.0143 0.0, -1.5811 -1.0143 0.0, -1.5765 -1.0143 0.0, -1.5417 -1.1805 0.0, -1.548 -1.18 0.0, -1.5527 -1.0046 0.0, -1.5652 -1.0032 0.0, -1.5698 -1.002 0.0, -1.5877 -1.0128 0.0, -1.5876 -1.0132 0.0, -1.5874 -1.0138 0.0, -1.5784 -1.1635 0.0, -1.5865 -1.1699 0.0, -1.5873 -1.1708 0.0, -1.5878 -1.1719 0.0, -1.5106 -1.0304 0.0, -1.5165 -1.0199 0.0, -1.5214 -1.014 0.0, -1.5866 -1.0108 0.0, -1.5871 -1.0114 0.0, -1.5874 -1.0119 0.0, -1.5825 -1.0064 0.0, -1.5859 -1.01 0.0, -1.5709 -1.1751 0.0, -1.5649 -1.1757 0.0, -1.5542 -1.1788 0.0, -1.5871 -1.1748 0.0, -1.5867 -1.1751 0.0, -1.5816 -1.1742 0.0, -1.5036 -1.1217 0.0, -1.5023 -1.0825 0.0, -1.5052 -1.0491 0.0, -1.5757 -1.1742 0.0, -1.5733 -1.1747 0.0, -1.574 -0.9996 0.0, -1.5737 -0.9996 0.0, -1.5736 -0.9997 0.0, -1.5728 -1.0002 0.0, -1.6165 -1.0989 0.0, -1.617 -1.0986 0.0, -1.6177 -1.0245 0.0, -1.6855 -1.175 0.0, -1.6854 -1.1753 0.0, -1.6973 -1.1839 0.0, -1.6703 -1.1009 0.0, -1.6465 -1.104 0.0, -1.6703 -1.1632 0.0, -1.6367 -1.106 0.0, -1.625 -1.1114 0.0, -1.6168 -1.1714 0.0, -1.6213 -1.1708 0.0, -1.6853 -1.1754 0.0, -1.6852 -1.1755 0.0, -1.685 -1.1756 0.0, -1.628 -1.1699 0.0, -1.6347 -1.1692 0.0, -1.6276 -1.11 0.0, -1.6304 -1.1082 0.0, -1.6161 -1.0992 0.0, -1.6973 -0.9997 0.0, -1.6788 -1.0011 0.0, -1.6794 -1.0014 0.0, -1.6848 -1.171 0.0, -1.6852 -1.1719 0.0, -1.6855 -1.1733 0.0, -1.6143 -1.1738 0.0, -1.6143 -1.1734 0.0, -1.6162 -1.1024 0.0, -1.6158 -1.1018 0.0, -1.6161 -1.1715 0.0, -1.6156 -1.1012 0.0, -1.6156 -1.1716 0.0, -1.6155 -1.1007 0.0, -1.6151 -1.1719 0.0, -1.6147 -1.1723 0.0, -1.6802 -1.0019 0.0, -1.6807 -1.0027 0.0, -1.681 -1.0033 0.0, -1.6855 -1.1742 0.0, -1.6855 -1.1748 0.0, -1.6846 -1.1757 0.0, -1.6839 -1.1757 0.0, -1.6831 -1.1757 0.0, -1.6236 -1.1844 0.0, -1.6231 -1.1839 0.0, -1.6154 -1.1759 0.0, -1.6703 -1.091 0.0, -1.6703 -1.0143 0.0, -1.6281 -1.0202 0.0, -1.6168 -1.1032 0.0, -1.6097 -1.0157 0.0, -1.6086 -1.013 0.0, -1.6087 -1.0125 0.0, -1.609 -1.012 0.0, -1.678 -1.001 0.0, -1.6766 -1.001 0.0, -1.6812 -1.0044 0.0, -1.6812 -1.006 0.0, -1.6811 -1.0066 0.0, -1.6143 -1.173 0.0, -1.6144 -1.1726 0.0, -1.6175 -1.0984 0.0, -1.6182 -1.0983 0.0, -1.6202 -1.0231 0.0, -1.624 -1.0213 0.0, -1.6817 -1.167 0.0, -1.6837 -1.1693 0.0, -1.6156 -1.1003 0.0, -1.6157 -1.0998 0.0, -1.6089 -1.0145 0.0, -1.6086 -1.0138 0.0, -1.6086 -1.0134 0.0, -1.6092 -1.0117 0.0, -1.6094 -1.0115 0.0, -1.6097 -1.0114 0.0, -1.6098 -1.0113 0.0, -1.6105 -1.0112 0.0, -1.6114 -1.0111 0.0, -1.6777 -1.1748 0.0, -1.6729 -1.1742 0.0, -1.6681 -1.1742 0.0, -1.6149 -1.175 0.0, -1.6145 -1.1743 0.0, -1.6584 -1.0049 0.0, -1.6714 -1.0027 0.0, -1.6746 -1.0015 0.0, -1.6793 -1.0138 0.0, -1.6785 -1.0211 0.0, -1.6785 -1.0265 0.0, -1.6672 -1.1742 0.0, -1.6617 -1.1744 0.0, -1.6562 -1.1751 0.0, -1.6451 -1.1771 0.0, -1.6354 -1.179 0.0, -1.6277 -1.1818 0.0, -1.6157 -1.0109 0.0, -1.6371 -1.0083 0.0, -1.6785 -1.1632 0.0, -1.6782 -1.0335 0.0, -1.6784 -1.03 0.0, -1.6261 -1.1827 0.0, -1.6244 -1.1839 0.0, -1.6973 -1.2992 0.0, -1.5983 -1.2992 0.0, -1.8722 -1.1884 0.0, -1.8703 -1.1907 0.0, -1.883 -1.2992 0.0, -1.7983 -1.2992 0.0, -1.862 -1.1572 0.0, -1.8208 -1.0209 0.0, -1.8199 -1.0213 0.0, -1.7983 -1.1839 0.0, -1.8648 -1.1839 0.0, -1.8578 -1.1751 0.0, -1.7983 -0.9997 0.0, -1.8083 -1.0086 0.0, -1.8086 -1.008 0.0, -1.8607 -1.1689 0.0, -1.862 -1.1609 0.0, -1.8102 -1.0127 0.0, -1.8091 -1.0115 0.0, -1.8086 -1.0106 0.0, -1.8084 -1.0097 0.0, -1.8133 -1.0155 0.0, -1.8694 -1.0307 0.0, -1.8694 -1.1581 0.0, -1.883 -1.1839 0.0, -1.862 -1.0129 0.0, -1.8403 -1.0147 0.0, -1.8299 -1.0163 0.0, -1.8264 -1.0171 0.0, -1.8696 -1.1719 0.0, -1.8714 -1.1839 0.0, -1.8717 -1.1856 0.0, -1.8243 -1.0181 0.0, -1.8217 -1.0203 0.0, -1.8691 -1.0014 0.0, -1.8696 -1.0016 0.0, -1.883 -0.9997 0.0, -1.8699 -1.0018 0.0, -1.8703 -1.0023 0.0, -1.8707 -1.0031 0.0, -1.8709 -1.0038 0.0, -1.8709 -1.0054 0.0, -1.8701 -1.0123 0.0, -1.87 -1.014 0.0, -1.8088 -1.0077 0.0, -1.8092 -1.0075 0.0, -1.8099 -1.0072 0.0, -1.811 -1.0071 0.0, -1.8159 -1.007 0.0, -1.8231 -1.0059 0.0, -1.8418 -1.004 0.0, -1.8479 -1.0035 0.0, -1.8598 -1.0024 0.0, -1.8686 -1.0013 0.0, -1.8678 -1.0014 0.0, -1.8663 -1.0018 0.0, -0.5983 -0.9093 0.0, -0.1063 -0.9093 0.0, -0.1063 0.9842 0.0, -0.5983 1.1811 0.0, -0.5983 0.9842 0.0, -0.6973 1.1811 0.0, -0.6973 0.9842 0.0, -0.7983 1.1811 0.0, -0.7983 0.9842 0.0, -0.883 1.1811 0.0, -0.883 0.9842 0.0, -0.8937 0.9842 0.0, -0.8937 -0.9093 0.0, -0.883 -0.9512 0.0, -0.883 -0.9093 0.0, -0.7983 -0.9512 0.0, -0.7983 -0.9093 0.0, -0.6973 -0.9512 0.0, -0.6973 -0.9093 0.0, -0.5983 -0.9512 0.0, -0.4241 -1.0757 0.0, -0.4626 -1.0664 0.0, -0.4074 -1.0069 0.0, -0.4717 -1.0242 0.0, -0.4062 -0.9997 0.0, -0.5737 -0.9996 0.0, -0.574 -0.9996 0.0, -0.4796 -0.9932 0.0, -0.4798 -0.9932 0.0, -0.4029 -0.9944 0.0, -0.403 -0.9941 0.0, -0.4794 -0.9932 0.0, -0.48 -0.9932 0.0, -0.4802 -0.9934 0.0, -0.4804 -0.9936 0.0, -0.4023 -0.9981 0.0, -0.4024 -0.9967 0.0, -0.4814 -0.9997 0.0, -0.5736 -0.9997 0.0, -0.4812 -0.9981 0.0, -0.4807 -0.9946 0.0, -0.4805 -0.9938 0.0, -0.4031 -0.9939 0.0, -0.4033 -0.9937 0.0, -0.4035 -0.9936 0.0, -0.4037 -0.9936 0.0, -0.4039 -0.9936 0.0, -0.4791 -0.9933 0.0, -0.4026 -0.9956 0.0, -0.4027 -0.9949 0.0, -0.4783 -0.9942 0.0, -0.4786 -0.9938 0.0, -0.4789 -0.9935 0.0, -0.4045 -0.9938 0.0, -0.4048 -0.994 0.0, -0.4767 -0.9997 0.0, -0.405 -0.9943 0.0, -0.4052 -0.9948 0.0, -0.4759 -1.0027 0.0, -0.4054 -0.9956 0.0, -0.4042 -0.9936 0.0, -0.4776 -0.9959 0.0, -0.478 -0.9949 0.0, -0.4007 -1.0245 0.0, -0.4004 -1.0241 0.0, 0.0 -1.1839 0.0, -0.4002 -1.0238 0.0, -0.4002 -1.0235 0.0, 0.0 -0.9997 0.0, -0.4002 -1.0224 0.0, -0.4006 -1.0158 0.0, -0.4006 -1.0157 0.0, -0.4017 -1.003 0.0, -0.4021 -0.9997 0.0, -0.4408 -1.1867 0.0, -0.4402 -1.1839 0.0, -0.4134 -1.0653 0.0, -0.41 -1.0511 0.0, -0.4085 -1.0444 0.0, -0.4066 -1.0378 0.0, -0.4046 -1.0324 0.0, -0.4028 -1.0274 0.0, -0.4016 -1.0256 0.0, -0.5983 -1.2992 0.0, -0.5983 -1.1839 0.0, -0.4454 -1.1839 0.0, -0.5873 -1.014 0.0, -0.5871 -1.0141 0.0, -0.5214 -1.014 0.0, -0.5269 -1.0099 0.0, -0.5876 -1.0122 0.0, -0.5877 -1.0125 0.0, -0.5329 -1.1799 0.0, -0.5265 -1.1784 0.0, -0.5213 -1.1757 0.0, -0.5167 -1.1715 0.0, -0.5121 -1.165 0.0, -0.586 -1.0144 0.0, -0.5765 -1.1627 0.0, -0.5867 -1.0143 0.0, -0.587 -1.0142 0.0, -0.5879 -1.1725 0.0, -0.5879 -1.1732 0.0, -0.5877 -1.1739 0.0, -0.5875 -1.1744 0.0, -0.483 -1.0134 0.0, -0.4834 -1.0189 0.0, -0.5165 -1.0199 0.0, -0.5753 -0.9998 0.0, -0.5771 -1.0012 0.0, -0.5812 -1.0049 0.0, -0.5802 -1.1646 0.0, -0.5853 -1.1689 0.0, -0.585 -1.0143 0.0, -0.5811 -1.0143 0.0, -0.5765 -1.0143 0.0, -0.5322 -1.0078 0.0, -0.5527 -1.0046 0.0, -0.5652 -1.0032 0.0, -0.5417 -1.1805 0.0, -0.548 -1.18 0.0, -0.5106 -1.0304 0.0, -0.4833 -1.0215 0.0, -0.4827 -1.0231 0.0, -0.5877 -1.0128 0.0, -0.5876 -1.0132 0.0, -0.5874 -1.0138 0.0, -0.5784 -1.1635 0.0, -0.5865 -1.1699 0.0, -0.5873 -1.1708 0.0, -0.5878 -1.1719 0.0, -0.4816 -1.0015 0.0, -0.5698 -1.002 0.0, -0.5728 -1.0002 0.0, -0.5866 -1.0108 0.0, -0.5871 -1.0114 0.0, -0.5874 -1.0119 0.0, -0.5825 -1.0064 0.0, -0.5859 -1.01 0.0, -0.5709 -1.1751 0.0, -0.5649 -1.1757 0.0, -0.5542 -1.1788 0.0, -0.5078 -1.1534 0.0, -0.5036 -1.1217 0.0, -0.4739 -1.0517 0.0, -0.5023 -1.0825 0.0, -0.477 -1.0391 0.0, -0.5052 -1.0491 0.0, -0.4807 -1.0267 0.0, -0.4821 -1.0242 0.0, -0.5871 -1.1748 0.0, -0.5867 -1.1751 0.0, -0.5816 -1.1742 0.0, -0.5757 -1.1742 0.0, -0.5733 -1.1747 0.0, -0.6854 -1.1753 0.0, -0.6853 -1.1754 0.0, -0.6973 -1.1839 0.0, -0.6165 -1.0989 0.0, -0.617 -1.0986 0.0, -0.6177 -1.0245 0.0, -0.6855 -1.175 0.0, -0.6703 -1.1009 0.0, -0.6465 -1.104 0.0, -0.6703 -1.1632 0.0, -0.6367 -1.106 0.0, -0.625 -1.1114 0.0, -0.6168 -1.1714 0.0, -0.6213 -1.1708 0.0, -0.6852 -1.1755 0.0, -0.685 -1.1756 0.0, -0.6846 -1.1757 0.0, -0.628 -1.1699 0.0, -0.6347 -1.1692 0.0, -0.6276 -1.11 0.0, -0.6304 -1.1082 0.0, -0.6161 -1.0992 0.0, -0.6973 -0.9997 0.0, -0.6788 -1.0011 0.0, -0.6794 -1.0014 0.0, -0.6848 -1.171 0.0, -0.6852 -1.1719 0.0, -0.6855 -1.1733 0.0, -0.6143 -1.1738 0.0, -0.6143 -1.1734 0.0, -0.6162 -1.1024 0.0, -0.6158 -1.1018 0.0, -0.6161 -1.1715 0.0, -0.6156 -1.1012 0.0, -0.6156 -1.1716 0.0, -0.6155 -1.1007 0.0, -0.6151 -1.1719 0.0, -0.6147 -1.1723 0.0, -0.6802 -1.0019 0.0, -0.6807 -1.0027 0.0, -0.681 -1.0033 0.0, -0.6855 -1.1742 0.0, -0.6855 -1.1748 0.0, -0.6231 -1.1839 0.0, -0.6154 -1.1759 0.0, -0.6703 -1.091 0.0, -0.6703 -1.0143 0.0, -0.6281 -1.0202 0.0, -0.6168 -1.1032 0.0, -0.6097 -1.0157 0.0, -0.6086 -1.013 0.0, -0.6087 -1.0125 0.0, -0.609 -1.012 0.0, -0.678 -1.001 0.0, -0.6766 -1.001 0.0, -0.6812 -1.0044 0.0, -0.6812 -1.006 0.0, -0.6811 -1.0066 0.0, -0.6143 -1.173 0.0, -0.6144 -1.1726 0.0, -0.6175 -1.0984 0.0, -0.6182 -1.0983 0.0, -0.6202 -1.0231 0.0, -0.624 -1.0213 0.0, -0.6817 -1.167 0.0, -0.6837 -1.1693 0.0, -0.6839 -1.1757 0.0, -0.6831 -1.1757 0.0, -0.6777 -1.1748 0.0, -0.6156 -1.1003 0.0, -0.6157 -1.0998 0.0, -0.6089 -1.0145 0.0, -0.6086 -1.0138 0.0, -0.6086 -1.0134 0.0, -0.6092 -1.0117 0.0, -0.6094 -1.0115 0.0, -0.6097 -1.0114 0.0, -0.6098 -1.0113 0.0, -0.6105 -1.0112 0.0, -0.6114 -1.0111 0.0, -0.6729 -1.1742 0.0, -0.6681 -1.1742 0.0, -0.6672 -1.1742 0.0, -0.6149 -1.175 0.0, -0.6145 -1.1743 0.0, -0.6451 -1.1771 0.0, -0.6354 -1.179 0.0, -0.6584 -1.0049 0.0, -0.6714 -1.0027 0.0, -0.6746 -1.0015 0.0, -0.6793 -1.0138 0.0, -0.6785 -1.0211 0.0, -0.6785 -1.0265 0.0, -0.6617 -1.1744 0.0, -0.6562 -1.1751 0.0, -0.6277 -1.1818 0.0, -0.6261 -1.1827 0.0, -0.6244 -1.1839 0.0, -0.6157 -1.0109 0.0, -0.6371 -1.0083 0.0, -0.6785 -1.1632 0.0, -0.6782 -1.0335 0.0, -0.6784 -1.03 0.0, -0.6236 -1.1844 0.0, -0.6973 -1.2992 0.0, -0.8722 -1.1884 0.0, -0.8703 -1.1907 0.0, -0.883 -1.2992 0.0, -0.7983 -1.2992 0.0, -0.862 -1.1572 0.0, -0.8208 -1.0209 0.0, -0.8199 -1.0213 0.0, -0.7983 -1.1839 0.0, -0.8648 -1.1839 0.0, -0.8578 -1.1751 0.0, -0.7983 -0.9997 0.0, -0.8083 -1.0086 0.0, -0.8086 -1.008 0.0, -0.8607 -1.1689 0.0, -0.862 -1.1609 0.0, -0.8102 -1.0127 0.0, -0.8091 -1.0115 0.0, -0.8086 -1.0106 0.0, -0.8084 -1.0097 0.0, -0.8133 -1.0155 0.0, -0.8694 -1.0307 0.0, -0.8694 -1.1581 0.0, -0.883 -1.1839 0.0, -0.862 -1.0129 0.0, -0.8403 -1.0147 0.0, -0.8299 -1.0163 0.0, -0.8264 -1.0171 0.0, -0.8696 -1.1719 0.0, -0.8714 -1.1839 0.0, -0.8717 -1.1856 0.0, -0.8243 -1.0181 0.0, -0.8217 -1.0203 0.0, -0.8691 -1.0014 0.0, -0.8696 -1.0016 0.0, -0.883 -0.9997 0.0, -0.8699 -1.0018 0.0, -0.8703 -1.0023 0.0, -0.8707 -1.0031 0.0, -0.8709 -1.0038 0.0, -0.8709 -1.0054 0.0, -0.8701 -1.0123 0.0, -0.87 -1.014 0.0, -0.8088 -1.0077 0.0, -0.8092 -1.0075 0.0, -0.8099 -1.0072 0.0, -0.811 -1.0071 0.0, -0.8159 -1.007 0.0, -0.8231 -1.0059 0.0, -0.8418 -1.004 0.0, -0.8479 -1.0035 0.0, -0.8598 -1.0024 0.0, -0.8686 -1.0013 0.0, -0.8678 -1.0014 0.0, -0.8663 -1.0018 0.0, 0.5546 -1.1839 0.0, 0.5552 -1.1867 0.0, 0.5071 -1.2992 0.0, 1.0 -1.2992 0.0, -0.4448 -1.1867 0.0, 0.0 -1.2992 0.0, -1.4454 -1.1839 0.0, -1.4448 -1.1867 0.0, -1.4929 -1.2992 0.0, -1.0 -1.2992 0.0, -2.0 -1.2992 0.0, -2.0 -1.1839 0.0, 1.2823 -1.1802 0.0, 1.2866 -1.1802 0.0, 1.2866 -1.1046 0.0, 1.2432 -1.0027 0.0, 1.2367 -1.0065 0.0, 1.2319 -1.0113 0.0, 1.2255 -1.0219 0.0, 1.2623 -1.1811 0.0, 1.2689 -1.1775 0.0, 1.2209 -1.078 0.0, 1.2848 -1.0551 0.0, 1.2219 -1.123 0.0, 1.2863 -1.07 0.0, 1.2245 -1.1378 0.0, 1.2887 -1.036 0.0, 1.2854 -1.0233 0.0, 1.2715 -1.0044 0.0, 1.2646 -1.0013 0.0, 1.258 -1.0001 0.0, 1.2507 -1.0004 0.0, 1.2176 -1.0456 0.0, 1.2145 -1.0648 0.0, 1.2144 -1.1219 0.0, 1.2212 -1.1526 0.0, 1.2272 -1.1661 0.0, 1.233 -1.1736 0.0, 1.2418 -1.1804 0.0, 1.254 -1.0095 0.0, 1.2279 -1.0375 0.0, 1.2908 -1.0698 0.0, 1.2806 -1.0135 0.0, 1.2769 -1.0088 0.0, 1.2745 -1.1724 0.0, 1.2778 -1.168 0.0, 1.2803 -1.1635 0.0, 1.2717 -1.0158 0.0, 1.2758 -1.0206 0.0, 1.2606 -1.173 0.0, 1.2405 -1.1689 0.0, 1.236 -1.1645 0.0, 1.2788 -1.1445 0.0, 1.2812 -1.1046 0.0, 1.246 -1.1824 0.0, 1.25 -1.1832 0.0, 1.254 -1.1833 0.0, 1.2604 -1.0099 0.0, 1.2666 -1.0123 0.0, 1.2795 -1.028 0.0, 1.2836 -1.0467 0.0, 1.2563 -1.174 0.0, 1.2504 -1.1736 0.0, 1.2453 -1.1719 0.0, 1.2427 -1.0131 0.0, 1.2386 -1.0169 0.0, 1.2322 -1.026 0.0, 1.2463 -1.011 0.0, 1.2501 -1.0098 0.0, 1.2753 -1.1573 0.0, 1.2718 -1.1643 0.0, 1.2683 -1.1684 0.0, 1.2311 -1.1568 0.0, 1.2646 -1.1713 0.0, 0.2823 -1.1802 0.0, 0.2866 -1.1802 0.0, 0.2866 -1.1046 0.0, 0.2432 -1.0027 0.0, 0.2367 -1.0065 0.0, 0.2319 -1.0113 0.0, 0.2255 -1.0219 0.0, 0.2623 -1.1811 0.0, 0.2689 -1.1775 0.0, 0.2209 -1.078 0.0, 0.2848 -1.0551 0.0, 0.2219 -1.123 0.0, 0.2863 -1.07 0.0, 0.2245 -1.1378 0.0, 0.2887 -1.036 0.0, 0.2854 -1.0233 0.0, 0.2715 -1.0044 0.0, 0.2646 -1.0013 0.0, 0.258 -1.0001 0.0, 0.2507 -1.0004 0.0, 0.2176 -1.0456 0.0, 0.2145 -1.0648 0.0, 0.2144 -1.1219 0.0, 0.2212 -1.1526 0.0, 0.2272 -1.1661 0.0, 0.233 -1.1736 0.0, 0.2418 -1.1804 0.0, 0.254 -1.0095 0.0, 0.2279 -1.0375 0.0, 0.2908 -1.0698 0.0, 0.2806 -1.0135 0.0, 0.2769 -1.0088 0.0, 0.2745 -1.1724 0.0, 0.2778 -1.168 0.0, 0.2803 -1.1635 0.0, 0.2717 -1.0158 0.0, 0.2758 -1.0206 0.0, 0.2606 -1.173 0.0, 0.2405 -1.1689 0.0, 0.236 -1.1645 0.0, 0.2788 -1.1445 0.0, 0.2812 -1.1046 0.0, 0.246 -1.1824 0.0, 0.25 -1.1832 0.0, 0.254 -1.1833 0.0, 0.2604 -1.0099 0.0, 0.2666 -1.0123 0.0, 0.2795 -1.028 0.0, 0.2836 -1.0467 0.0, 0.2563 -1.174 0.0, 0.2504 -1.1736 0.0, 0.2453 -1.1719 0.0, 0.2427 -1.0131 0.0, 0.2386 -1.0169 0.0, 0.2322 -1.026 0.0, 0.2463 -1.011 0.0, 0.2501 -1.0098 0.0, 0.2753 -1.1573 0.0, 0.2718 -1.1643 0.0, 0.2683 -1.1684 0.0, 0.2311 -1.1568 0.0, 0.2646 -1.1713 0.0, -0.7177 -1.1802 0.0, -0.7134 -1.1802 0.0, -0.7134 -1.1046 0.0, -0.7568 -1.0027 0.0, -0.7633 -1.0065 0.0, -0.7681 -1.0113 0.0, -0.7745 -1.0219 0.0, -0.7377 -1.1811 0.0, -0.7311 -1.1775 0.0, -0.7791 -1.078 0.0, -0.7152 -1.0551 0.0, -0.7781 -1.123 0.0, -0.7137 -1.07 0.0, -0.7755 -1.1378 0.0, -0.7113 -1.036 0.0, -0.7146 -1.0233 0.0, -0.7285 -1.0044 0.0, -0.7354 -1.0013 0.0, -0.742 -1.0001 0.0, -0.7493 -1.0004 0.0, -0.7824 -1.0456 0.0, -0.7855 -1.0648 0.0, -0.7856 -1.1219 0.0, -0.7788 -1.1526 0.0, -0.7728 -1.1661 0.0, -0.767 -1.1736 0.0, -0.7582 -1.1804 0.0, -0.746 -1.0095 0.0, -0.7721 -1.0375 0.0, -0.7092 -1.0698 0.0, -0.7194 -1.0135 0.0, -0.7231 -1.0088 0.0, -0.7255 -1.1724 0.0, -0.7222 -1.168 0.0, -0.7197 -1.1635 0.0, -0.7283 -1.0158 0.0, -0.7241 -1.0206 0.0, -0.7394 -1.173 0.0, -0.7595 -1.1689 0.0, -0.764 -1.1645 0.0, -0.7212 -1.1445 0.0, -0.7188 -1.1046 0.0, -0.754 -1.1824 0.0, -0.75 -1.1832 0.0, -0.746 -1.1833 0.0, -0.7396 -1.0099 0.0, -0.7334 -1.0123 0.0, -0.7205 -1.028 0.0, -0.7164 -1.0467 0.0, -0.7437 -1.174 0.0, -0.7496 -1.1736 0.0, -0.7547 -1.1719 0.0, -0.7573 -1.0131 0.0, -0.7614 -1.0169 0.0, -0.7678 -1.026 0.0, -0.7537 -1.011 0.0, -0.7499 -1.0098 0.0, -0.7247 -1.1573 0.0, -0.7282 -1.1643 0.0, -0.7317 -1.1684 0.0, -0.7689 -1.1568 0.0, -0.7354 -1.1713 0.0, -1.7177 -1.1802 0.0, -1.7134 -1.1802 0.0, -1.7134 -1.1046 0.0, -1.7568 -1.0027 0.0, -1.7633 -1.0065 0.0, -1.7681 -1.0113 0.0, -1.7745 -1.0219 0.0, -1.7377 -1.1811 0.0, -1.7311 -1.1775 0.0, -1.7791 -1.078 0.0, -1.7152 -1.0551 0.0, -1.7781 -1.123 0.0, -1.7137 -1.07 0.0, -1.7755 -1.1378 0.0, -1.7113 -1.036 0.0, -1.7146 -1.0233 0.0, -1.7285 -1.0044 0.0, -1.7354 -1.0013 0.0, -1.742 -1.0001 0.0, -1.7493 -1.0004 0.0, -1.7824 -1.0456 0.0, -1.7855 -1.0648 0.0, -1.7856 -1.1219 0.0, -1.7788 -1.1526 0.0, -1.7728 -1.1661 0.0, -1.767 -1.1736 0.0, -1.7582 -1.1804 0.0, -1.746 -1.0095 0.0, -1.7721 -1.0375 0.0, -1.7092 -1.0698 0.0, -1.7194 -1.0135 0.0, -1.7231 -1.0088 0.0, -1.7255 -1.1724 0.0, -1.7222 -1.168 0.0, -1.7197 -1.1635 0.0, -1.7283 -1.0158 0.0, -1.7242 -1.0206 0.0, -1.7394 -1.173 0.0, -1.7595 -1.1689 0.0, -1.764 -1.1645 0.0, -1.7212 -1.1445 0.0, -1.7188 -1.1046 0.0, -1.754 -1.1824 0.0, -1.75 -1.1832 0.0, -1.746 -1.1833 0.0, -1.7396 -1.0099 0.0, -1.7334 -1.0123 0.0, -1.7205 -1.028 0.0, -1.7164 -1.0467 0.0, -1.7437 -1.174 0.0, -1.7496 -1.1736 0.0, -1.7547 -1.1719 0.0, -1.7573 -1.0131 0.0, -1.7614 -1.0169 0.0, -1.7678 -1.026 0.0, -1.7537 -1.011 0.0, -1.7499 -1.0098 0.0, -1.7247 -1.1573 0.0, -1.7282 -1.1643 0.0, -1.7317 -1.1684 0.0, -1.7689 -1.1568 0.0, -1.7354 -1.1713 0.0, -2.0 -0.9997 0.0, -1.9331 -1.2992 0.2356, -1.9331 -1.2992 1.9685, -2.0 -1.2992 1.9685, 2.0 -1.2992 1.9685, 1.9331 -1.2992 0.2356, 1.9331 -1.2992 1.9685, -0.9331 -1.2992 1.9685, -1.0669 -1.2992 1.9685, -0.9331 -1.2992 0.2356, -1.0669 -1.2992 0.2356, 1.0669 -1.2992 1.9685, 0.9331 -1.2992 1.9685, 1.0669 -1.2992 0.2356, 0.9331 -1.2992 0.2356, 0.0669 -1.2992 1.9685, -0.0669 -1.2992 1.9685, 0.0669 -1.2992 0.2356, -0.0669 -1.2992 0.2356, -1.2638 1.1811 1.1811, -0.7362 1.1811 1.1811, -1.2638 1.1811 0.7874, -0.7362 1.1811 0.7874, -0.2638 1.1811 1.1811, 0.2638 1.1811 1.1811, -0.2638 1.1811 0.7874, 0.2638 1.1811 0.7874, 0.7362 1.1811 1.1811, 1.2638 1.1811 1.1811, 0.7362 1.1811 0.7874, 1.2638 1.1811 0.7874, -2.0 1.1811 1.1811, -1.7362 1.1811 1.1811, -1.7362 1.1811 0.7874, 1.7362 1.1811 1.1811, 2.0 1.1811 1.1811, 1.7362 1.1811 0.7874, -0.7362 0.9842 1.8676, -1.7362 0.9842 1.8676, -2.0 0.5263 3.4646, -1.2638 0.9842 1.8676, 2.0 0.5263 3.4646, 1.2638 0.9842 1.8676, 1.7362 0.9842 1.8676, 0.7362 0.9842 1.8676, 0.2638 0.9842 1.8676, -0.2638 0.9842 1.8676, -0.5 -0.4998 3.4646, -1.3848 -0.4847 3.4646, -1.5 -0.4998 3.4646, 2.0 -0.6361 3.4646, 1.8853 -0.2774 3.4646, 1.8146 -0.3695 3.4646, 1.7225 -0.4402 3.4646, 1.6152 -0.4847 3.4646, 1.5 -0.4998 3.4646, -2.0 -0.6361 3.4646, -1.6152 -0.4847 3.4646, -1.2775 -0.4402 3.4646, -0.6152 -0.4847 3.4646, -0.7225 -0.4402 3.4646, 0.5 -0.4998 3.4646, 0.6152 -0.4847 3.4646, 0.7225 -0.4402 3.4646, 1.3848 -0.4847 3.4646, 1.2775 -0.4402 3.4646, 0.8853 -0.2774 3.4646, 1.1147 -0.2774 3.4646, 0.9298 -0.1701 3.4646, 1.0702 -0.1701 3.4646, 0.9449 -0.0549 3.4646, 1.0551 -0.0549 3.4646, 0.9298 0.0602 3.4646, 1.0702 0.0602 3.4646, 0.8853 0.1676 3.4646, 1.1147 0.1676 3.4646, 0.8146 -0.3695 3.4646, 1.1854 -0.3695 3.4646, 1.5 0.39 3.4646, 1.6152 0.3748 3.4646, -0.8146 -0.3695 3.4646, -0.8853 -0.2774 3.4646, -1.1854 -0.3695 3.4646, -1.1147 -0.2774 3.4646, -1.7225 -0.4402 3.4646, -1.8146 -0.3695 3.4646, -1.8853 -0.2774 3.4646, -1.9298 -0.1701 3.4646, -1.9449 -0.0549 3.4646, -1.9298 0.0602 3.4646, -0.3848 0.3748 3.4646, -0.2775 0.3304 3.4646, 1.3848 0.3748 3.4646, 1.7225 0.3304 3.4646, 1.8146 0.2597 3.4646, 1.8853 0.1676 3.4646, -0.3848 -0.4847 3.4646, -0.2775 -0.4402 3.4646, 0.3848 -0.4847 3.4646, 0.2775 -0.4402 3.4646, -1.8853 0.1676 3.4646, -1.8146 0.2597 3.4646, -1.7225 0.3304 3.4646, -0.5 0.39 3.4646, 1.2775 0.3304 3.4646, 0.6152 0.3748 3.4646, 0.5 0.39 3.4646, 0.3848 0.3748 3.4646, -0.1854 0.2597 3.4646, 0.2775 0.3304 3.4646, 1.9298 0.0602 3.4646, 1.9449 -0.0549 3.4646, 1.9298 -0.1701 3.4646, 1.1854 0.2597 3.4646, 0.7225 0.3304 3.4646, 0.8146 0.2597 3.4646, 0.1854 -0.3695 3.4646, 0.1147 -0.2774 3.4646, -0.1854 -0.3695 3.4646, -0.1147 -0.2774 3.4646, -1.3848 0.3748 3.4646, -1.2775 0.3304 3.4646, -0.6152 0.3748 3.4646, -1.1854 0.2597 3.4646, -0.7225 0.3304 3.4646, -1.1147 0.1676 3.4646, -0.8146 0.2597 3.4646, -1.6152 0.3748 3.4646, -1.5 0.39 3.4646, -1.0702 -0.1701 3.4646, -0.9298 -0.1701 3.4646, -1.0551 -0.0549 3.4646, -0.9449 -0.0549 3.4646, -1.0702 0.0602 3.4646, -0.9298 0.0602 3.4646, -0.8853 0.1676 3.4646, -0.0702 -0.1701 3.4646, 0.0702 -0.1701 3.4646, -0.0551 -0.0549 3.4646, 0.0551 -0.0549 3.4646, -0.0702 0.0602 3.4646, 0.0702 0.0602 3.4646, -0.1147 0.1676 3.4646, 0.1147 0.1676 3.4646, 0.1854 0.2597 3.4646, -2.0 -0.9843 2.1654, 2.0 -0.9843 2.1654, -2.0 -1.1024 2.1654, 2.0 -1.1024 2.1654, -0.0779 -1.2882 2.0334, -2.0 -1.2728 2.0669, -0.9221 -1.2882 2.0334, -1.0779 -1.2882 2.0334, -0.9264 -1.2925 2.0195, 1.0736 -1.2925 2.0195, 1.0779 -1.2882 2.0334, 0.9221 -1.2882 2.0334, 0.0779 -1.2882 2.0334, 0.0736 -1.2925 2.0195, 1.9221 -1.2882 2.0334, 2.0 -1.2728 2.0669, 2.0 -1.2925 2.0195, -1.0686 -1.2975 1.9942, -1.0736 -1.2925 2.0195, -0.9314 -1.2975 1.9942, -2.0 -1.2925 2.0195, -1.9314 -1.2975 1.9942, -1.9264 -1.2925 2.0195, -1.9221 -1.2882 2.0334, 1.9314 -1.2975 1.9942, 1.9264 -1.2925 2.0195, 0.9314 -1.2975 1.9942, 0.9264 -1.2925 2.0195, 1.0686 -1.2975 1.9942, -0.0686 -1.2975 1.9942, -0.0736 -1.2925 2.0195, 0.0686 -1.2975 1.9942, 2.0 -1.2416 2.1077, -2.0 -1.2416 2.1077, 2.0 -1.2008 2.139, -2.0 -1.2008 2.139, 2.0 -1.1533 2.1586, -2.0 -1.1533 2.1586, -0.1063 -0.8354 0.5543, -0.2638 -0.8354 0.5543, -0.7362 -0.8354 0.5543, -0.8937 -0.8354 0.5543, -0.7362 -0.8354 1.3035, -0.8937 -0.8354 1.5292, -0.2638 -0.8354 1.3035, -0.1063 -0.8354 1.5292, -0.8937 -0.6872 1.5292, -0.1063 -0.6872 1.5292, -0.8937 -0.6872 2.6435, -0.1063 -0.6872 2.6435, -0.7272 -0.1158 2.6435, -0.7037 -0.1725 2.6435, -0.4391 -0.2821 2.6435, -0.5 -0.2901 2.6435, -0.5609 -0.2821 2.6435, -0.3824 -0.2586 2.6435, -0.3337 -0.2212 2.6435, -0.2963 -0.1725 2.6435, -0.6663 -0.2212 2.6435, -0.6176 -0.2586 2.6435, -0.7352 -0.0549 2.6435, -0.8937 0.6045 2.6435, -0.7272 0.006 2.6435, -0.2728 0.006 2.6435, -0.1063 0.6045 2.6435, -0.2648 -0.0549 2.6435, -0.2728 -0.1158 2.6435, -0.2963 0.0627 2.6435, -0.3337 0.1114 2.6435, -0.3824 0.1488 2.6435, -0.6176 0.1488 2.6435, -0.6663 0.1114 2.6435, -0.7037 0.0627 2.6435, -0.4391 0.1723 2.6435, -0.5 0.1803 2.6435, -0.5609 0.1723 2.6435, -0.8937 0.6045 2.4779, -0.1063 0.6045 2.4779, -0.8937 0.7633 1.9241, -0.1063 0.7633 1.9241, -0.4016 0.7633 1.5222, -0.1063 0.7633 1.5222, -0.4016 0.7633 1.5433, -0.5984 0.7633 1.5433, -0.5984 0.7633 1.5222, -0.8937 0.7633 1.5222, -0.4016 0.8198 1.5222, -0.1063 0.9842 1.5222, -0.8937 0.9842 1.5222, -0.7362 0.9842 1.5222, -0.5984 0.8198 1.5222, -0.2638 0.9842 1.5222, -0.7362 0.9842 0.7874, -0.2638 0.9842 0.7874, -0.3824 0.1488 2.6818, -0.3402 0.2219 2.6818, -0.4391 0.1723 2.6818, -0.4173 0.2538 2.6818, -0.5 0.1803 2.6818, -0.5 0.2647 2.6818, -0.5609 0.1723 2.6818, -0.5827 0.2538 2.6818, -0.6176 0.1488 2.6818, -0.6598 0.2219 2.6818, -0.6663 0.1114 2.6818, -0.726 0.1711 2.6818, -0.7037 0.0627 2.6818, -0.7768 0.1049 2.6818, -0.7272 0.006 2.6818, -0.8087 0.0278 2.6818, -0.7352 -0.0549 2.6818, -0.8196 -0.0549 2.6818, -0.7272 -0.1158 2.6818, -0.8087 -0.1376 2.6818, -0.7037 -0.1725 2.6818, -0.7768 -0.2147 2.6818, -0.6663 -0.2212 2.6818, -0.726 -0.2809 2.6818, -0.6176 -0.2586 2.6818, -0.6598 -0.3317 2.6818, -0.5609 -0.2821 2.6818, -0.5827 -0.3636 2.6818, -0.5 -0.2901 2.6818, -0.5 -0.3745 2.6818, -0.4391 -0.2821 2.6818, -0.4173 -0.3636 2.6818, -0.3824 -0.2586 2.6818, -0.3402 -0.3317 2.6818, -0.3337 -0.2212 2.6818, -0.274 -0.2809 2.6818, -0.2963 -0.1725 2.6818, -0.2232 -0.2147 2.6818, -0.2728 -0.1158 2.6818, -0.1913 -0.1376 2.6818, -0.2648 -0.0549 2.6818, -0.1804 -0.0549 2.6818, -0.2728 0.006 2.6818, -0.1913 0.0278 2.6818, -0.2963 0.0627 2.6818, -0.2232 0.1049 2.6818, -0.3337 0.1114 2.6818, -0.274 0.1711 2.6818, -0.1804 -0.0549 2.7983, -0.1913 0.0278 2.7983, -0.2232 0.1049 2.7983, -0.274 0.1711 2.7983, -0.3402 0.2219 2.7983, -0.4173 0.2538 2.7983, -0.5 0.2647 2.7983, -0.5827 0.2538 2.7983, -0.6598 0.2219 2.7983, -0.726 0.1711 2.7983, -0.7768 0.1049 2.7983, -0.8087 0.0278 2.7983, -0.8196 -0.0549 2.7983, -0.8087 -0.1376 2.7983, -0.7768 -0.2147 2.7983, -0.726 -0.2809 2.7983, -0.6598 -0.3317 2.7983, -0.5827 -0.3636 2.7983, -0.5 -0.3745 2.7983, -0.4173 -0.3636 2.7983, -0.3402 -0.3317 2.7983, -0.274 -0.2809 2.7983, -0.2232 -0.2147 2.7983, -0.1913 -0.1376 2.7983, -0.1147 0.1676 2.7983, -0.1854 0.2597 2.7983, -0.2775 0.3304 2.7983, -0.3848 0.3748 2.7983, -0.5 0.39 2.7983, -0.6152 0.3748 2.7983, -0.7225 0.3304 2.7983, -0.8146 0.2597 2.7983, -0.8853 0.1676 2.7983, -0.9298 0.0602 2.7983, -0.9449 -0.0549 2.7983, -0.9298 -0.1701 2.7983, -0.8853 -0.2774 2.7983, -0.8146 -0.3695 2.7983, -0.7225 -0.4402 2.7983, -0.6152 -0.4847 2.7983, -0.5 -0.4998 2.7983, -0.3848 -0.4847 2.7983, -0.2775 -0.4402 2.7983, -0.1854 -0.3695 2.7983, -0.1147 -0.2774 2.7983, -0.0702 -0.1701 2.7983, -0.0551 -0.0549 2.7983, -0.0702 0.0602 2.7983
            ]
        }
        coordIndex [
            0,1,2,-1,3,4,5,-1,6,7,8,-1,9,10,11,-1,12,13,14,-1,14,13,15,-1,14,15,16,-1,16,15,17,-1,16,17,18,-1,18,17,19,-1,18,19,20,-1,20,19,21,-1,20,21,22,-1,22,21,23,-1,22,23,24,-1,24,23,25,-1,24,25,26,-1,26,25,27,-1,26,27,28,-1,28,27,29,-1,28,29,30,-1,30,29,31,-1,30,31,32,-1,32,31,33,-1,32,33,34,-1,34,33,35,-1,34,35,36,-1,36,35,37,-1,36,37,38,-1,38,37,39,-1,38,39,12,-1,12,39,13,-1,40,41,42,-1,42,41,43,-1,42,43,44,-1,45,46,20,-1,45,20,47,-1,48,49,18,-1,18,49,50,-1,51,52,53,-1,50,54,18,-1,18,54,55,-1,18,55,51,-1,51,55,56,-1,51,56,52,-1,57,58,20,-1,58,59,20,-1,20,59,60,-1,20,60,47,-1,61,62,63,-1,63,62,64,-1,63,64,65,-1,43,66,44,-1,44,66,63,-1,44,63,67,-1,67,63,68,-1,61,69,62,-1,62,69,70,-1,62,70,71,-1,65,72,63,-1,63,72,73,-1,63,73,68,-1,71,74,62,-1,62,74,75,-1,62,75,18,-1,18,75,76,-1,18,76,48,-1,46,77,20,-1,20,77,78,-1,20,78,18,-1,18,78,79,-1,18,79,62,-1,80,81,82,-1,83,84,85,-1,85,84,86,-1,85,86,87,-1,87,88,85,-1,85,88,89,-1,85,89,90,-1,91,92,82,-1,82,92,93,-1,82,93,94,-1,94,95,82,-1,82,95,96,-1,82,96,97,-1,97,98,82,-1,82,98,99,-1,82,99,80,-1,100,101,102,-1,102,101,103,-1,53,104,51,-1,51,104,105,-1,51,105,106,-1,101,107,103,-1,103,107,108,-1,103,108,109,-1,109,108,51,-1,109,51,110,-1,110,51,106,-1,111,112,113,-1,114,115,108,-1,51,116,117,-1,118,119,11,-1,114,108,120,-1,121,122,123,-1,123,122,124,-1,125,126,113,-1,113,126,127,-1,113,127,128,-1,115,129,108,-1,108,129,130,-1,108,130,131,-1,10,132,11,-1,11,132,133,-1,11,133,134,-1,112,135,136,-1,121,137,122,-1,122,137,138,-1,122,138,139,-1,120,108,140,-1,140,108,113,-1,140,113,141,-1,117,142,51,-1,51,142,143,-1,51,143,144,-1,119,145,11,-1,11,145,146,-1,11,146,113,-1,113,146,147,-1,113,147,111,-1,124,122,112,-1,112,122,148,-1,112,148,135,-1,136,149,112,-1,112,149,150,-1,112,150,113,-1,113,150,151,-1,113,151,125,-1,152,153,51,-1,51,153,154,-1,51,154,116,-1,155,156,11,-1,11,156,157,-1,11,157,118,-1,134,158,11,-1,11,158,159,-1,11,159,155,-1,160,161,113,-1,113,161,162,-1,113,162,141,-1,128,163,113,-1,113,163,164,-1,113,164,165,-1,131,166,108,-1,108,166,167,-1,108,167,51,-1,51,167,168,-1,51,168,152,-1,165,169,113,-1,113,169,170,-1,113,170,160,-1,171,16,172,-1,172,16,18,-1,172,18,173,-1,173,18,51,-1,173,51,174,-1,174,51,144,-1,175,176,177,-1,178,179,180,-1,181,182,183,-1,183,182,184,-1,185,186,187,-1,179,188,180,-1,180,188,189,-1,180,189,190,-1,187,191,185,-1,185,191,192,-1,185,192,193,-1,193,192,183,-1,193,183,194,-1,194,183,184,-1,175,177,195,-1,196,197,198,-1,199,200,180,-1,180,200,201,-1,202,203,113,-1,204,205,206,-1,206,205,207,-1,206,207,208,-1,208,207,209,-1,208,209,210,-1,210,209,211,-1,198,212,196,-1,196,212,213,-1,196,213,214,-1,201,215,180,-1,180,215,216,-1,180,216,178,-1,190,217,180,-1,180,217,218,-1,180,218,219,-1,220,221,113,-1,113,221,222,-1,223,224,225,-1,186,185,206,-1,206,185,226,-1,206,226,204,-1,113,177,227,-1,228,229,11,-1,11,229,230,-1,197,196,231,-1,231,196,11,-1,231,11,232,-1,214,233,196,-1,196,233,234,-1,196,234,235,-1,203,236,113,-1,113,236,237,-1,113,237,211,-1,176,238,177,-1,177,238,239,-1,177,239,240,-1,240,239,223,-1,240,223,241,-1,241,223,225,-1,242,243,196,-1,211,209,113,-1,113,209,244,-1,113,244,177,-1,177,244,245,-1,177,245,195,-1,227,246,113,-1,113,246,247,-1,113,247,11,-1,11,247,248,-1,11,248,228,-1,230,249,11,-1,11,249,250,-1,11,250,251,-1,251,252,11,-1,11,252,253,-1,11,253,254,-1,219,255,180,-1,180,255,256,-1,180,256,257,-1,222,258,113,-1,113,258,259,-1,113,259,202,-1,260,261,11,-1,11,261,262,-1,11,262,232,-1,235,263,196,-1,196,263,264,-1,196,264,265,-1,257,266,180,-1,180,266,267,-1,180,267,268,-1,268,269,180,-1,180,269,270,-1,180,270,271,-1,254,272,11,-1,11,272,273,-1,11,273,260,-1,274,242,275,-1,275,242,196,-1,275,196,276,-1,276,196,265,-1,271,277,180,-1,180,277,278,-1,180,278,279,-1,279,278,280,-1,281,282,283,-1,283,282,284,-1,285,286,287,-1,284,282,288,-1,288,282,289,-1,288,289,290,-1,291,292,293,-1,290,294,288,-1,288,294,295,-1,288,295,285,-1,296,297,288,-1,288,297,298,-1,288,298,291,-1,291,298,299,-1,291,299,292,-1,285,287,288,-1,288,287,300,-1,288,300,296,-1,301,302,303,-1,304,305,285,-1,285,305,306,-1,285,306,307,-1,302,308,303,-1,303,308,309,-1,303,309,310,-1,307,311,285,-1,285,311,312,-1,285,312,286,-1,313,314,315,-1,315,314,316,-1,316,317,315,-1,315,317,318,-1,315,318,319,-1,319,320,315,-1,315,320,321,-1,315,321,322,-1,293,323,291,-1,291,323,324,-1,291,324,325,-1,325,326,291,-1,291,326,327,-1,291,327,328,-1,328,329,291,-1,291,329,330,-1,291,330,331,-1,313,315,332,-1,332,315,291,-1,332,291,333,-1,333,291,331,-1,333,331,334,-1,335,336,337,-1,337,336,338,-1,337,338,339,-1,339,338,340,-1,339,340,341,-1,341,340,342,-1,341,342,343,-1,343,342,344,-1,343,344,345,-1,345,344,346,-1,345,346,347,-1,347,346,348,-1,347,348,349,-1,349,348,350,-1,349,350,351,-1,351,350,352,-1,351,352,353,-1,353,352,354,-1,353,354,355,-1,355,354,356,-1,355,356,22,-1,22,356,357,-1,22,357,20,-1,20,357,358,-1,20,358,359,-1,359,358,360,-1,359,360,335,-1,335,360,336,-1,361,362,363,-1,363,362,364,-1,363,364,365,-1,366,367,343,-1,368,369,341,-1,341,369,370,-1,371,372,373,-1,370,374,341,-1,341,374,375,-1,341,375,371,-1,371,375,376,-1,371,376,372,-1,377,378,379,-1,380,381,343,-1,343,381,382,-1,343,382,366,-1,377,379,343,-1,343,379,383,-1,343,383,380,-1,384,385,386,-1,386,385,387,-1,386,387,388,-1,364,389,365,-1,365,389,386,-1,365,386,390,-1,390,386,391,-1,384,392,385,-1,385,392,393,-1,385,393,394,-1,388,395,386,-1,386,395,396,-1,386,396,391,-1,394,397,385,-1,385,397,398,-1,385,398,341,-1,341,398,399,-1,341,399,368,-1,367,400,343,-1,343,400,401,-1,343,401,341,-1,341,401,402,-1,341,402,385,-1,403,404,377,-1,405,406,407,-1,407,406,408,-1,407,408,377,-1,377,408,409,-1,377,409,403,-1,404,410,377,-1,377,410,411,-1,377,411,378,-1,412,407,413,-1,413,407,414,-1,412,415,407,-1,407,415,416,-1,407,416,417,-1,417,418,407,-1,407,418,419,-1,407,419,405,-1,420,421,422,-1,422,421,423,-1,414,407,423,-1,423,407,424,-1,423,424,422,-1,425,426,427,-1,427,426,428,-1,373,429,371,-1,371,429,430,-1,371,430,431,-1,426,432,428,-1,428,432,433,-1,428,433,434,-1,434,433,371,-1,434,371,435,-1,435,371,431,-1,436,437,438,-1,439,440,433,-1,371,441,442,-1,443,444,8,-1,439,433,445,-1,446,447,448,-1,448,447,449,-1,450,451,438,-1,438,451,452,-1,438,452,453,-1,440,454,433,-1,433,454,455,-1,433,455,456,-1,7,457,8,-1,8,457,458,-1,8,458,459,-1,437,460,461,-1,446,462,447,-1,447,462,463,-1,447,463,464,-1,445,433,465,-1,465,433,438,-1,465,438,466,-1,442,467,371,-1,371,467,468,-1,371,468,469,-1,444,470,8,-1,8,470,471,-1,8,471,438,-1,438,471,472,-1,438,472,436,-1,449,447,437,-1,437,447,473,-1,437,473,460,-1,461,474,437,-1,437,474,475,-1,437,475,438,-1,438,475,476,-1,438,476,450,-1,477,478,371,-1,371,478,479,-1,371,479,441,-1,480,481,8,-1,8,481,482,-1,8,482,443,-1,459,483,8,-1,8,483,484,-1,8,484,480,-1,485,486,438,-1,438,486,487,-1,438,487,466,-1,453,488,438,-1,438,488,489,-1,438,489,490,-1,456,491,433,-1,433,491,492,-1,433,492,371,-1,371,492,493,-1,371,493,477,-1,490,494,438,-1,438,494,495,-1,438,495,485,-1,496,339,497,-1,497,339,341,-1,497,341,498,-1,498,341,371,-1,498,371,499,-1,499,371,469,-1,500,501,502,-1,503,504,505,-1,506,507,508,-1,508,507,509,-1,510,511,512,-1,504,513,505,-1,505,513,514,-1,505,514,515,-1,512,516,510,-1,510,516,517,-1,510,517,518,-1,518,517,508,-1,518,508,519,-1,519,508,509,-1,500,502,520,-1,521,522,523,-1,524,525,505,-1,505,525,526,-1,527,528,438,-1,529,530,531,-1,531,530,532,-1,531,532,533,-1,533,532,534,-1,533,534,535,-1,535,534,536,-1,523,537,521,-1,521,537,538,-1,521,538,539,-1,526,540,505,-1,505,540,541,-1,505,541,503,-1,515,542,505,-1,505,542,543,-1,505,543,544,-1,545,546,438,-1,438,546,547,-1,548,549,550,-1,511,510,531,-1,531,510,551,-1,531,551,529,-1,438,502,552,-1,553,554,8,-1,8,554,555,-1,522,521,556,-1,556,521,8,-1,556,8,557,-1,539,558,521,-1,521,558,559,-1,521,559,560,-1,528,561,438,-1,438,561,562,-1,438,562,536,-1,501,563,502,-1,502,563,564,-1,502,564,565,-1,565,564,548,-1,565,548,566,-1,566,548,550,-1,567,568,521,-1,536,534,438,-1,438,534,569,-1,438,569,502,-1,502,569,570,-1,502,570,520,-1,552,571,438,-1,438,571,572,-1,438,572,8,-1,8,572,573,-1,8,573,553,-1,555,574,8,-1,8,574,575,-1,8,575,576,-1,576,577,8,-1,8,577,578,-1,8,578,579,-1,544,580,505,-1,505,580,581,-1,505,581,582,-1,547,583,438,-1,438,583,584,-1,438,584,527,-1,585,586,8,-1,8,586,587,-1,8,587,557,-1,560,588,521,-1,521,588,589,-1,521,589,590,-1,582,591,505,-1,505,591,592,-1,505,592,593,-1,593,594,505,-1,505,594,595,-1,505,595,596,-1,579,597,8,-1,8,597,598,-1,8,598,585,-1,599,567,600,-1,600,567,521,-1,600,521,601,-1,601,521,590,-1,596,602,505,-1,505,602,603,-1,505,603,604,-1,604,603,605,-1,606,607,608,-1,608,607,609,-1,610,611,612,-1,609,607,613,-1,613,607,614,-1,613,614,615,-1,616,617,618,-1,615,619,613,-1,613,619,620,-1,613,620,610,-1,621,622,613,-1,613,622,623,-1,613,623,616,-1,616,623,624,-1,616,624,617,-1,610,612,613,-1,613,612,625,-1,613,625,621,-1,626,627,628,-1,629,630,610,-1,610,630,631,-1,610,631,632,-1,627,633,628,-1,628,633,634,-1,628,634,635,-1,632,636,610,-1,610,636,637,-1,610,637,611,-1,638,639,640,-1,640,639,641,-1,641,642,640,-1,640,642,643,-1,640,643,644,-1,644,645,640,-1,640,645,646,-1,640,646,647,-1,618,648,616,-1,616,648,649,-1,616,649,650,-1,650,651,616,-1,616,651,652,-1,616,652,653,-1,653,654,616,-1,616,654,655,-1,616,655,656,-1,638,640,657,-1,657,640,616,-1,657,616,658,-1,658,616,656,-1,658,656,659,-1,660,661,662,-1,662,661,663,-1,662,663,664,-1,664,663,665,-1,664,665,666,-1,666,665,667,-1,666,667,668,-1,668,667,669,-1,668,669,670,-1,670,669,671,-1,670,671,672,-1,672,671,673,-1,672,673,674,-1,674,673,675,-1,674,675,676,-1,676,675,677,-1,676,677,678,-1,678,677,679,-1,678,679,680,-1,680,679,681,-1,680,681,682,-1,682,681,683,-1,682,683,684,-1,684,683,685,-1,684,685,686,-1,686,685,687,-1,686,687,660,-1,660,687,661,-1,688,689,690,-1,690,689,691,-1,690,691,692,-1,693,694,668,-1,693,668,695,-1,696,697,666,-1,666,697,698,-1,699,700,701,-1,698,702,666,-1,666,702,703,-1,666,703,699,-1,699,703,704,-1,699,704,700,-1,705,706,668,-1,706,707,668,-1,668,707,708,-1,668,708,695,-1,709,710,711,-1,711,710,712,-1,711,712,713,-1,691,714,692,-1,692,714,711,-1,692,711,715,-1,715,711,716,-1,709,717,710,-1,710,717,718,-1,710,718,719,-1,713,720,711,-1,711,720,721,-1,711,721,716,-1,719,722,710,-1,710,722,723,-1,710,723,666,-1,666,723,724,-1,666,724,696,-1,694,725,668,-1,668,725,726,-1,668,726,666,-1,666,726,727,-1,666,727,710,-1,728,729,730,-1,731,732,733,-1,733,732,734,-1,733,734,735,-1,735,736,733,-1,733,736,737,-1,733,737,738,-1,739,740,730,-1,730,740,741,-1,730,741,742,-1,742,743,730,-1,730,743,744,-1,730,744,745,-1,745,746,730,-1,730,746,747,-1,730,747,728,-1,748,749,750,-1,750,749,751,-1,701,752,699,-1,699,752,753,-1,699,753,754,-1,749,755,751,-1,751,755,756,-1,751,756,757,-1,757,756,699,-1,757,699,758,-1,758,699,754,-1,759,760,761,-1,762,763,756,-1,699,764,765,-1,766,767,5,-1,762,756,768,-1,769,770,771,-1,771,770,772,-1,773,774,761,-1,761,774,775,-1,761,775,776,-1,763,777,756,-1,756,777,778,-1,756,778,779,-1,4,780,5,-1,5,780,781,-1,5,781,782,-1,760,783,784,-1,769,785,770,-1,770,785,786,-1,770,786,787,-1,768,756,788,-1,788,756,761,-1,788,761,789,-1,765,790,699,-1,699,790,791,-1,699,791,792,-1,767,793,5,-1,5,793,794,-1,5,794,761,-1,761,794,795,-1,761,795,759,-1,772,770,760,-1,760,770,796,-1,760,796,783,-1,784,797,760,-1,760,797,798,-1,760,798,761,-1,761,798,799,-1,761,799,773,-1,800,801,699,-1,699,801,802,-1,699,802,764,-1,803,804,5,-1,5,804,805,-1,5,805,766,-1,782,806,5,-1,5,806,807,-1,5,807,803,-1,808,809,761,-1,761,809,810,-1,761,810,789,-1,776,811,761,-1,761,811,812,-1,761,812,813,-1,779,814,756,-1,756,814,815,-1,756,815,699,-1,699,815,816,-1,699,816,800,-1,813,817,761,-1,761,817,818,-1,761,818,808,-1,819,664,820,-1,820,664,666,-1,820,666,821,-1,821,666,699,-1,821,699,822,-1,822,699,792,-1,823,824,825,-1,826,827,828,-1,829,830,831,-1,831,830,832,-1,833,834,835,-1,827,836,828,-1,828,836,837,-1,828,837,838,-1,835,839,833,-1,833,839,840,-1,833,840,841,-1,841,840,831,-1,841,831,842,-1,842,831,832,-1,823,825,843,-1,844,845,846,-1,847,848,828,-1,828,848,849,-1,850,851,761,-1,852,853,854,-1,854,853,855,-1,854,855,856,-1,856,855,857,-1,856,857,858,-1,858,857,859,-1,846,860,844,-1,844,860,861,-1,844,861,862,-1,849,863,828,-1,828,863,864,-1,828,864,826,-1,838,865,828,-1,828,865,866,-1,828,866,867,-1,868,869,761,-1,761,869,870,-1,871,872,873,-1,834,833,854,-1,854,833,874,-1,854,874,852,-1,761,825,875,-1,876,877,5,-1,5,877,878,-1,845,844,879,-1,879,844,5,-1,879,5,880,-1,862,881,844,-1,844,881,882,-1,844,882,883,-1,851,884,761,-1,761,884,885,-1,761,885,859,-1,824,886,825,-1,825,886,887,-1,825,887,888,-1,888,887,871,-1,888,871,889,-1,889,871,873,-1,890,891,844,-1,859,857,761,-1,761,857,892,-1,761,892,825,-1,825,892,893,-1,825,893,843,-1,875,894,761,-1,761,894,895,-1,761,895,5,-1,5,895,896,-1,5,896,876,-1,878,897,5,-1,5,897,898,-1,5,898,899,-1,899,900,5,-1,5,900,901,-1,5,901,902,-1,867,903,828,-1,828,903,904,-1,828,904,905,-1,870,906,761,-1,761,906,907,-1,761,907,850,-1,908,909,5,-1,5,909,910,-1,5,910,880,-1,883,911,844,-1,844,911,912,-1,844,912,913,-1,905,914,828,-1,828,914,915,-1,828,915,916,-1,916,917,828,-1,828,917,918,-1,828,918,919,-1,902,920,5,-1,5,920,921,-1,5,921,908,-1,922,890,923,-1,923,890,844,-1,923,844,924,-1,924,844,913,-1,919,925,828,-1,828,925,926,-1,828,926,927,-1,927,926,928,-1,929,930,931,-1,931,930,932,-1,933,934,935,-1,932,930,936,-1,936,930,937,-1,936,937,938,-1,939,940,941,-1,938,942,936,-1,936,942,943,-1,936,943,933,-1,944,945,936,-1,936,945,946,-1,936,946,939,-1,939,946,947,-1,939,947,940,-1,933,935,936,-1,936,935,948,-1,936,948,944,-1,949,950,951,-1,952,953,933,-1,933,953,954,-1,933,954,955,-1,950,956,951,-1,951,956,957,-1,951,957,958,-1,955,959,933,-1,933,959,960,-1,933,960,934,-1,961,962,963,-1,963,962,964,-1,964,965,963,-1,963,965,966,-1,963,966,967,-1,967,968,963,-1,963,968,969,-1,963,969,970,-1,941,971,939,-1,939,971,972,-1,939,972,973,-1,973,974,939,-1,939,974,975,-1,939,975,976,-1,976,977,939,-1,939,977,978,-1,939,978,979,-1,961,963,980,-1,980,963,939,-1,980,939,981,-1,981,939,979,-1,981,979,982,-1,983,984,36,-1,36,984,34,-1,34,984,985,-1,34,985,986,-1,986,985,987,-1,986,987,988,-1,988,987,989,-1,988,989,990,-1,990,989,991,-1,990,991,992,-1,992,991,993,-1,992,993,670,-1,670,993,994,-1,670,994,668,-1,668,994,995,-1,668,995,996,-1,996,995,997,-1,996,997,998,-1,998,997,999,-1,998,999,1000,-1,1000,999,1001,-1,1000,1001,1002,-1,1003,1004,1005,-1,1005,1004,1006,-1,1005,1006,1007,-1,1008,1009,1002,-1,1010,1011,1002,-1,1012,1013,36,-1,1001,983,1002,-1,1002,983,36,-1,1002,36,1010,-1,1010,36,1014,-1,1011,1015,1002,-1,1002,1015,1016,-1,1002,1016,1017,-1,1018,1019,36,-1,1020,1021,1022,-1,1022,1021,1008,-1,1022,1008,1023,-1,1023,1008,1002,-1,1023,1002,1024,-1,1024,1002,1017,-1,1013,1025,36,-1,36,1025,1026,-1,36,1026,1027,-1,1027,1028,36,-1,36,1028,1029,-1,36,1029,1014,-1,1014,1029,1030,-1,1019,1031,36,-1,36,1031,1032,-1,36,1032,1012,-1,1033,1034,1029,-1,1029,1034,1035,-1,1029,1035,1030,-1,1036,1037,1038,-1,1038,1037,1039,-1,1038,1039,1040,-1,1006,1041,1007,-1,1007,1041,1038,-1,1007,1038,1042,-1,1042,1038,1040,-1,1036,1038,1043,-1,1043,1038,1044,-1,1043,1044,1029,-1,1029,1044,1045,-1,1029,1045,1033,-1,1046,1047,1048,-1,1049,1050,1051,-1,1051,1050,1052,-1,1051,1052,1053,-1,1053,1054,1051,-1,1051,1054,1055,-1,1051,1055,1056,-1,1057,1058,1048,-1,1048,1058,1059,-1,1048,1059,1060,-1,1060,1061,1048,-1,1048,1061,1062,-1,1048,1062,1063,-1,1063,1064,1048,-1,1048,1064,1065,-1,1048,1065,1046,-1,1066,1067,1068,-1,1069,1070,1067,-1,1071,1072,1020,-1,1073,1074,2,-1,1075,1076,1068,-1,1076,1077,1068,-1,1068,1077,1078,-1,1068,1078,1079,-1,1080,1081,1082,-1,1082,1081,1083,-1,1084,1085,1067,-1,1067,1085,1086,-1,1067,1086,1087,-1,1088,1089,1090,-1,1,1091,2,-1,2,1091,1092,-1,2,1092,1093,-1,1070,1094,1095,-1,1080,1096,1081,-1,1081,1096,1097,-1,1081,1097,1098,-1,1072,1099,1020,-1,1020,1099,1100,-1,1020,1100,1101,-1,1075,1068,1102,-1,1102,1068,1067,-1,1102,1067,1103,-1,1090,1089,1104,-1,1104,1089,1105,-1,1104,1105,1106,-1,1074,1107,2,-1,2,1107,1108,-1,2,1108,1067,-1,1067,1108,1109,-1,1067,1109,1069,-1,1083,1081,1070,-1,1070,1081,1110,-1,1070,1110,1094,-1,1095,1111,1070,-1,1070,1111,1112,-1,1070,1112,1067,-1,1067,1112,1113,-1,1067,1113,1084,-1,1071,1020,1090,-1,1090,1020,1114,-1,1090,1114,1088,-1,1101,1115,1020,-1,1020,1115,1116,-1,1020,1116,1021,-1,1117,1118,2,-1,2,1118,1119,-1,2,1119,1073,-1,1093,1120,2,-1,2,1120,1121,-1,2,1121,1117,-1,1122,1123,1067,-1,1067,1123,1124,-1,1067,1124,1103,-1,1079,1125,1068,-1,1068,1125,1126,-1,1068,1126,1127,-1,1127,1126,1128,-1,1127,1128,1129,-1,1129,1128,1130,-1,1129,1130,1131,-1,1131,1130,1104,-1,1131,1104,1132,-1,1132,1104,1106,-1,1087,1133,1067,-1,1067,1133,1134,-1,1067,1134,1135,-1,1135,1136,1067,-1,1067,1136,1137,-1,1067,1137,1122,-1,1138,1139,1140,-1,1141,1142,1143,-1,1138,1140,1144,-1,1145,1146,1147,-1,1147,1146,1148,-1,1149,1150,1151,-1,1139,1152,1140,-1,1140,1152,1153,-1,1140,1153,1154,-1,1151,1155,1149,-1,1149,1155,1156,-1,1149,1156,1157,-1,1157,1156,1147,-1,1157,1147,1158,-1,1158,1147,1148,-1,1141,1143,1159,-1,1160,1161,1162,-1,1163,1164,1140,-1,1140,1164,1165,-1,1166,1167,1067,-1,1168,1169,1170,-1,1170,1169,1171,-1,1170,1171,1172,-1,1172,1171,1173,-1,1172,1173,1174,-1,1174,1173,1175,-1,1162,1176,1160,-1,1160,1176,1177,-1,1160,1177,1178,-1,1165,1179,1140,-1,1140,1179,1180,-1,1140,1180,1144,-1,1067,1181,1182,-1,1183,1184,1185,-1,1150,1149,1170,-1,1170,1149,1186,-1,1170,1186,1168,-1,1067,1143,1187,-1,1188,1189,2,-1,2,1189,1190,-1,1161,1160,1191,-1,1191,1160,2,-1,1191,2,1192,-1,1178,1193,1160,-1,1160,1193,1194,-1,1160,1194,1195,-1,1167,1196,1067,-1,1067,1196,1197,-1,1067,1197,1175,-1,1142,1198,1143,-1,1143,1198,1199,-1,1143,1199,1200,-1,1200,1199,1183,-1,1200,1183,1201,-1,1201,1183,1185,-1,1202,1203,1160,-1,1154,1204,1140,-1,1140,1204,1205,-1,1140,1205,1206,-1,1175,1173,1067,-1,1067,1173,1207,-1,1067,1207,1143,-1,1143,1207,1208,-1,1143,1208,1159,-1,1187,1209,1067,-1,1067,1209,1210,-1,1067,1210,2,-1,2,1210,1211,-1,2,1211,1188,-1,1190,1212,2,-1,2,1212,1213,-1,2,1213,1214,-1,1214,1215,2,-1,2,1215,1216,-1,2,1216,1217,-1,1206,1218,1140,-1,1140,1218,1219,-1,1140,1219,1220,-1,1182,1221,1067,-1,1067,1221,1222,-1,1067,1222,1166,-1,1140,1223,1224,-1,1225,1226,2,-1,2,1226,1227,-1,2,1227,1192,-1,1195,1228,1160,-1,1160,1228,1229,-1,1160,1229,1230,-1,1220,1231,1140,-1,1140,1231,1232,-1,1140,1232,1223,-1,1224,1233,1140,-1,1140,1233,1234,-1,1140,1234,1235,-1,1217,1236,2,-1,2,1236,1237,-1,2,1237,1225,-1,1238,1202,1239,-1,1239,1202,1160,-1,1239,1160,1240,-1,1240,1160,1230,-1,1181,1067,1241,-1,1241,1067,1066,-1,1241,1066,1235,-1,1235,1066,1242,-1,1235,1242,1140,-1,1243,1244,1245,-1,1245,1244,1246,-1,1247,1248,1249,-1,1246,1244,1250,-1,1250,1244,1251,-1,1250,1251,1252,-1,1253,1254,1255,-1,1252,1256,1250,-1,1250,1256,1257,-1,1250,1257,1247,-1,1258,1259,1250,-1,1250,1259,1260,-1,1250,1260,1253,-1,1253,1260,1261,-1,1253,1261,1254,-1,1247,1249,1250,-1,1250,1249,1262,-1,1250,1262,1258,-1,1263,1264,1265,-1,1266,1267,1247,-1,1247,1267,1268,-1,1247,1268,1269,-1,1264,1270,1265,-1,1265,1270,1271,-1,1265,1271,1272,-1,1269,1273,1247,-1,1247,1273,1274,-1,1247,1274,1248,-1,1275,1276,1277,-1,1277,1276,1278,-1,1278,1279,1277,-1,1277,1279,1280,-1,1277,1280,1281,-1,1281,1282,1277,-1,1277,1282,1283,-1,1277,1283,1284,-1,1255,1285,1253,-1,1253,1285,1286,-1,1253,1286,1287,-1,1287,1288,1253,-1,1253,1288,1289,-1,1253,1289,1290,-1,1290,1291,1253,-1,1253,1291,1292,-1,1253,1292,1293,-1,1275,1277,1294,-1,1294,1277,1253,-1,1294,1253,1295,-1,1295,1253,1293,-1,1295,1293,1296,-1,603,545,605,-1,605,545,438,-1,605,438,422,-1,422,438,433,-1,422,433,420,-1,420,433,432,-1,1297,1298,1299,-1,1299,1298,91,-1,1299,91,1300,-1,1300,91,82,-1,1300,82,608,-1,608,82,628,-1,608,628,606,-1,606,628,635,-1,278,220,280,-1,280,220,113,-1,280,113,1299,-1,1299,113,108,-1,1299,108,1297,-1,1297,108,107,-1,1068,1301,1066,-1,1066,1301,1057,-1,1066,1057,1302,-1,1302,1057,1048,-1,1302,1048,283,-1,283,1048,303,-1,283,303,281,-1,281,303,310,-1,1303,1304,1305,-1,1305,1304,739,-1,1305,739,1306,-1,1306,739,730,-1,1306,730,1245,-1,1245,730,1265,-1,1245,1265,1243,-1,1243,1265,1272,-1,926,868,928,-1,928,868,761,-1,928,761,1305,-1,1305,761,756,-1,1305,756,1303,-1,1303,756,755,-1,1307,1308,931,-1,931,1308,951,-1,931,951,929,-1,929,951,958,-1,1309,1310,505,-1,505,1310,1311,-1,1312,1313,616,-1,616,1313,1314,-1,616,1314,1315,-1,1309,1316,1317,-1,1318,1319,1320,-1,1320,1319,1321,-1,1320,1321,1322,-1,1323,1324,521,-1,1325,1326,521,-1,521,1326,1327,-1,521,1327,616,-1,616,1327,1328,-1,616,1328,1312,-1,1315,1329,616,-1,616,1329,1330,-1,616,1330,613,-1,613,1330,1331,-1,613,1331,1332,-1,1332,1333,613,-1,613,1333,1334,-1,613,1334,1335,-1,1336,1318,1337,-1,1323,521,1338,-1,1324,1339,521,-1,521,1339,1340,-1,521,1340,1325,-1,1317,1341,1309,-1,1309,1341,1342,-1,1309,1342,1343,-1,1318,1344,1345,-1,1346,1347,1348,-1,1349,1322,1350,-1,1350,1322,1321,-1,1350,1321,1311,-1,1311,1321,1338,-1,1311,1338,505,-1,505,1338,521,-1,505,521,524,-1,524,521,568,-1,1335,1351,613,-1,613,1351,1352,-1,613,1352,1353,-1,1316,1309,1353,-1,1353,1309,505,-1,1353,505,613,-1,613,505,604,-1,613,604,609,-1,1336,1354,1318,-1,1318,1354,1355,-1,1318,1355,1344,-1,1345,1356,1318,-1,1318,1356,1357,-1,1318,1357,1319,-1,1358,1359,1346,-1,1346,1359,1360,-1,1346,1360,1347,-1,1361,1337,1362,-1,1362,1337,1363,-1,1361,1364,1337,-1,1337,1364,1365,-1,1337,1365,1336,-1,1349,1366,1322,-1,1322,1366,1367,-1,1322,1367,1368,-1,1348,1369,1346,-1,1346,1369,1322,-1,1346,1322,1370,-1,1370,1322,1368,-1,81,83,82,-1,82,83,85,-1,82,85,628,-1,628,85,640,-1,628,640,626,-1,626,640,647,-1,1371,1372,180,-1,180,1372,1373,-1,1374,1375,291,-1,291,1375,1376,-1,291,1376,1377,-1,1371,1378,1379,-1,1380,1381,1382,-1,1382,1381,1383,-1,1382,1383,1384,-1,1385,1386,196,-1,1387,1388,196,-1,196,1388,1389,-1,196,1389,291,-1,291,1389,1390,-1,291,1390,1374,-1,1377,1391,291,-1,291,1391,1392,-1,291,1392,288,-1,288,1392,1393,-1,288,1393,1394,-1,1394,1395,288,-1,288,1395,1396,-1,288,1396,1397,-1,1398,1380,1399,-1,1385,196,1400,-1,1386,1401,196,-1,196,1401,1402,-1,196,1402,1387,-1,1379,1403,1371,-1,1371,1403,1404,-1,1371,1404,1405,-1,1380,1406,1407,-1,1408,1409,1410,-1,1411,1384,1412,-1,1412,1384,1383,-1,1412,1383,1373,-1,1373,1383,1400,-1,1373,1400,180,-1,180,1400,196,-1,180,196,199,-1,199,196,243,-1,1397,1413,288,-1,288,1413,1414,-1,288,1414,1415,-1,1378,1371,1415,-1,1415,1371,180,-1,1415,180,288,-1,288,180,279,-1,288,279,284,-1,1398,1416,1380,-1,1380,1416,1417,-1,1380,1417,1406,-1,1407,1418,1380,-1,1380,1418,1419,-1,1380,1419,1381,-1,1420,1421,1408,-1,1408,1421,1422,-1,1408,1422,1409,-1,1423,1399,1424,-1,1424,1399,1425,-1,1423,1426,1399,-1,1399,1426,1427,-1,1399,1427,1398,-1,1411,1428,1384,-1,1384,1428,1429,-1,1384,1429,1430,-1,1410,1431,1408,-1,1408,1431,1384,-1,1408,1384,1432,-1,1432,1384,1430,-1,1047,1049,1048,-1,1048,1049,1051,-1,1048,1051,303,-1,303,1051,315,-1,303,315,301,-1,301,315,322,-1,1433,1434,1140,-1,1140,1434,1435,-1,1436,1437,1253,-1,1253,1437,1438,-1,1253,1438,1439,-1,1433,1440,1441,-1,1442,1443,1444,-1,1444,1443,1445,-1,1444,1445,1446,-1,1447,1448,1160,-1,1449,1450,1160,-1,1160,1450,1451,-1,1160,1451,1253,-1,1253,1451,1452,-1,1253,1452,1436,-1,1439,1453,1253,-1,1253,1453,1454,-1,1253,1454,1250,-1,1250,1454,1455,-1,1250,1455,1456,-1,1456,1457,1250,-1,1250,1457,1458,-1,1250,1458,1459,-1,1460,1442,1461,-1,1447,1160,1462,-1,1448,1463,1160,-1,1160,1463,1464,-1,1160,1464,1449,-1,1441,1465,1433,-1,1433,1465,1466,-1,1433,1466,1467,-1,1442,1468,1469,-1,1470,1471,1472,-1,1473,1446,1474,-1,1474,1446,1445,-1,1474,1445,1435,-1,1435,1445,1462,-1,1435,1462,1140,-1,1140,1462,1160,-1,1140,1160,1163,-1,1163,1160,1203,-1,1459,1475,1250,-1,1250,1475,1476,-1,1250,1476,1477,-1,1440,1433,1477,-1,1477,1433,1140,-1,1477,1140,1250,-1,1250,1140,1242,-1,1250,1242,1246,-1,1460,1478,1442,-1,1442,1478,1479,-1,1442,1479,1468,-1,1469,1480,1442,-1,1442,1480,1481,-1,1442,1481,1443,-1,1482,1483,1470,-1,1470,1483,1484,-1,1470,1484,1471,-1,1485,1461,1486,-1,1486,1461,1487,-1,1485,1488,1461,-1,1461,1488,1489,-1,1461,1489,1460,-1,1473,1490,1446,-1,1446,1490,1491,-1,1446,1491,1492,-1,1472,1493,1470,-1,1470,1493,1446,-1,1470,1446,1494,-1,1494,1446,1492,-1,729,731,730,-1,730,731,733,-1,730,733,1265,-1,1265,733,1277,-1,1265,1277,1263,-1,1263,1277,1284,-1,1495,1496,828,-1,828,1496,1497,-1,1498,1499,939,-1,939,1499,1500,-1,939,1500,1501,-1,1495,1502,1503,-1,1504,1505,1506,-1,1506,1505,1507,-1,1506,1507,1508,-1,1509,1510,844,-1,1511,1512,844,-1,844,1512,1513,-1,844,1513,939,-1,939,1513,1514,-1,939,1514,1498,-1,1501,1515,939,-1,939,1515,1516,-1,939,1516,936,-1,936,1516,1517,-1,936,1517,1518,-1,1518,1519,936,-1,936,1519,1520,-1,936,1520,1521,-1,1522,1504,1523,-1,1509,844,1524,-1,1510,1525,844,-1,844,1525,1526,-1,844,1526,1511,-1,1503,1527,1495,-1,1495,1527,1528,-1,1495,1528,1529,-1,1504,1530,1531,-1,1532,1533,1534,-1,1535,1508,1536,-1,1536,1508,1507,-1,1536,1507,1497,-1,1497,1507,1524,-1,1497,1524,828,-1,828,1524,844,-1,828,844,847,-1,847,844,891,-1,1521,1537,936,-1,936,1537,1538,-1,936,1538,1539,-1,1502,1495,1539,-1,1539,1495,828,-1,1539,828,936,-1,936,828,927,-1,936,927,932,-1,1522,1540,1504,-1,1504,1540,1541,-1,1504,1541,1530,-1,1531,1542,1504,-1,1504,1542,1543,-1,1504,1543,1505,-1,1544,1545,1532,-1,1532,1545,1546,-1,1532,1546,1533,-1,1547,1523,1548,-1,1548,1523,1549,-1,1547,1550,1523,-1,1523,1550,1551,-1,1523,1551,1522,-1,1535,1552,1508,-1,1508,1552,1553,-1,1508,1553,1554,-1,1534,1555,1532,-1,1532,1555,1508,-1,1532,1508,1556,-1,1556,1508,1554,-1,1308,1557,951,-1,951,1557,963,-1,951,963,949,-1,949,963,970,-1,90,57,85,-1,85,57,20,-1,85,20,640,-1,640,20,359,-1,640,359,616,-1,616,359,335,-1,616,335,521,-1,521,335,337,-1,521,337,8,-1,8,337,339,-1,8,339,6,-1,6,339,496,-1,1056,1018,1051,-1,1051,1018,36,-1,1051,36,315,-1,315,36,38,-1,315,38,291,-1,291,38,12,-1,291,12,196,-1,196,12,14,-1,196,14,11,-1,11,14,16,-1,11,16,9,-1,9,16,171,-1,738,705,733,-1,733,705,668,-1,733,668,1277,-1,1277,668,996,-1,1277,996,1253,-1,1253,996,998,-1,1253,998,1160,-1,1160,998,1000,-1,1160,1000,2,-1,2,1000,1002,-1,2,1002,0,-1,0,1002,1009,-1,1557,684,963,-1,963,684,686,-1,963,686,939,-1,939,686,660,-1,939,660,844,-1,844,660,662,-1,844,662,5,-1,5,662,664,-1,5,664,3,-1,3,664,819,-1,1558,1559,1560,-1,424,1561,1562,-1,1562,1561,1563,-1,1564,1565,1566,-1,1566,1565,1567,-1,1568,1569,1570,-1,1570,1569,1571,-1,1566,1245,1246,-1,1570,608,609,-1,1572,1573,1574,-1,1574,1573,1575,-1,1560,1307,1558,-1,1558,1307,931,-1,1558,931,932,-1,1574,280,1571,-1,1571,280,1299,-1,1571,1299,1570,-1,1570,1299,1300,-1,1570,1300,608,-1,1246,1242,1566,-1,1566,1242,1066,-1,1566,1066,1575,-1,1575,1066,1302,-1,1302,283,1575,-1,1575,283,284,-1,1575,284,1574,-1,1574,284,279,-1,1574,279,280,-1,609,604,1570,-1,1570,604,605,-1,1570,605,1562,-1,1562,605,422,-1,1562,422,424,-1,932,927,1558,-1,1558,927,928,-1,1558,928,1567,-1,1567,928,1305,-1,1567,1305,1566,-1,1566,1305,1306,-1,1566,1306,1245,-1,1576,1577,1578,-1,1578,1577,1579,-1,1580,1581,1582,-1,1582,1581,1583,-1,1582,28,30,-1,1584,1585,1586,-1,1586,1585,1587,-1,1588,1589,682,-1,682,1589,1590,-1,682,1590,680,-1,680,1590,678,-1,1586,351,353,-1,1591,1592,1593,-1,1593,1592,345,-1,1593,345,1587,-1,1587,345,347,-1,1587,347,1586,-1,1586,347,349,-1,1586,349,351,-1,30,32,1582,-1,1582,32,34,-1,1582,34,1579,-1,1579,34,986,-1,986,988,1579,-1,1579,988,990,-1,1579,990,992,-1,353,355,1586,-1,1586,355,22,-1,1586,22,1583,-1,1583,22,24,-1,1583,24,1582,-1,1582,24,26,-1,1582,26,28,-1,992,670,1579,-1,1579,670,672,-1,1579,672,1578,-1,1578,672,674,-1,1578,674,1590,-1,1590,674,676,-1,1590,676,678,-1,1594,1577,1576,-1,1589,1588,1595,-1,1595,1588,1596,-1,1595,1596,1597,-1,1597,1596,1598,-1,1599,1598,1600,-1,1600,1598,1592,-1,1600,1592,1591,-1,1585,1584,1599,-1,1599,1584,1601,-1,1599,1601,1598,-1,1598,1601,1602,-1,1581,1580,1602,-1,1602,1580,1603,-1,1602,1603,1598,-1,1598,1603,1594,-1,1598,1594,1597,-1,1597,1594,1576,-1,1604,1605,1606,-1,1607,1608,1609,-1,1609,1610,1607,-1,1607,1610,1611,-1,1607,1611,1612,-1,1613,1606,1614,-1,1605,1604,1615,-1,1615,1604,1616,-1,1615,1616,1617,-1,1618,1607,1619,-1,1619,1607,1612,-1,1619,1612,1620,-1,1620,1612,1621,-1,1620,1621,1622,-1,1623,1624,1625,-1,1625,1624,1626,-1,1625,1626,1627,-1,1627,1626,1628,-1,1627,1628,1629,-1,1629,1628,1630,-1,1629,1630,1631,-1,1631,1630,1632,-1,1623,1633,1624,-1,1624,1633,1620,-1,1624,1620,1634,-1,1634,1620,1622,-1,1635,1636,1598,-1,1617,1637,1615,-1,1615,1637,1638,-1,1615,1638,1639,-1,1639,1638,1640,-1,1614,1641,1613,-1,1613,1641,1642,-1,1613,1642,1643,-1,1643,1644,1613,-1,1613,1644,1645,-1,1613,1645,1596,-1,1596,1645,1646,-1,1598,1647,1648,-1,1635,1598,1649,-1,1636,1650,1598,-1,1598,1650,1651,-1,1598,1651,1652,-1,1606,1613,1604,-1,1604,1613,1607,-1,1604,1607,1653,-1,1653,1607,1618,-1,1653,1618,1654,-1,1654,1618,1655,-1,1654,1655,1656,-1,1646,1657,1596,-1,1596,1657,1658,-1,1596,1658,1659,-1,1647,1598,1660,-1,1661,1649,1662,-1,1662,1649,1598,-1,1662,1598,1663,-1,1663,1598,1648,-1,1663,1648,1664,-1,1664,1648,1665,-1,1664,1665,1666,-1,1652,1667,1598,-1,1598,1667,1668,-1,1598,1668,1607,-1,1607,1668,1669,-1,1607,1669,1608,-1,1661,1662,1670,-1,1670,1662,1671,-1,1670,1671,1632,-1,1632,1671,1672,-1,1632,1672,1631,-1,1656,1673,1654,-1,1654,1673,1674,-1,1654,1674,1675,-1,1675,1674,1676,-1,1677,1678,1679,-1,1679,1678,1680,-1,1679,1680,1681,-1,1681,1680,1682,-1,1681,1682,1683,-1,1659,1684,1596,-1,1596,1684,1685,-1,1596,1685,1598,-1,1598,1685,1677,-1,1598,1677,1660,-1,1660,1677,1679,-1,1640,1638,1686,-1,1686,1638,1687,-1,1686,1687,1688,-1,1688,1687,1689,-1,1688,1689,1690,-1,1690,1689,1691,-1,1690,1691,1682,-1,1682,1691,1692,-1,1682,1692,1683,-1,1676,1674,1693,-1,1693,1674,1694,-1,1693,1694,1695,-1,1695,1694,1696,-1,1695,1696,1697,-1,1697,1696,1698,-1,1697,1698,1699,-1,1699,1698,1700,-1,1699,1700,1665,-1,1665,1700,1701,-1,1665,1701,1666,-1,1702,1703,1613,-1,1613,1703,1607,-1,1704,1705,1702,-1,1702,1705,1703,-1,1706,1707,1708,-1,1708,1707,1709,-1,1708,1709,1710,-1,1711,1712,1713,-1,1713,1712,1707,-1,1713,1707,1714,-1,1714,1707,1706,-1,1714,1706,1715,-1,1712,1716,1717,-1,1717,1716,1718,-1,1719,1565,1564,-1,1709,1720,1710,-1,1710,1720,1719,-1,1710,1719,1721,-1,1721,1719,1564,-1,1722,1560,1559,-1,1559,1723,1722,-1,1722,1723,1724,-1,1722,1724,1707,-1,1707,1724,1725,-1,1707,1725,1709,-1,1563,1561,1726,-1,1726,1561,1718,-1,1726,1718,1727,-1,1727,1718,1716,-1,1728,1569,1568,-1,1713,1729,1711,-1,1711,1729,1728,-1,1711,1728,1730,-1,1730,1728,1568,-1,1731,1573,1572,-1,1706,1732,1715,-1,1715,1732,1731,-1,1715,1731,1733,-1,1733,1731,1572,-1,1712,1717,1707,-1,1707,1717,1734,-1,1707,1734,1735,-1,1735,1734,1736,-1,1735,1736,1737,-1,1737,1736,1738,-1,1737,1738,1739,-1,1739,1738,1705,-1,1739,1705,1704,-1,1740,984,1741,-1,1741,984,983,-1,1741,983,1742,-1,1742,983,1001,-1,995,1743,997,-1,997,1743,1742,-1,997,1742,999,-1,999,1742,1001,-1,1742,1743,1744,-1,1744,1743,1745,-1,1744,1745,1746,-1,1746,1745,1747,-1,1746,1747,1741,-1,1741,1747,1740,-1,1745,1748,1747,-1,1747,1748,1749,-1,1748,1750,1749,-1,1749,1750,1751,-1,1752,1753,1750,-1,1754,1751,1755,-1,1755,1751,1750,-1,1755,1750,1756,-1,1754,1757,1751,-1,1751,1757,1758,-1,1751,1758,1759,-1,1753,1760,1750,-1,1750,1760,1761,-1,1750,1761,1756,-1,1752,1750,1762,-1,1762,1750,1763,-1,1762,1763,1764,-1,1765,1766,1767,-1,1767,1766,1751,-1,1767,1751,1768,-1,1768,1751,1759,-1,1765,1769,1766,-1,1766,1769,1770,-1,1766,1770,1771,-1,1772,1773,1763,-1,1763,1773,1774,-1,1763,1774,1764,-1,1771,1775,1766,-1,1766,1775,1776,-1,1766,1776,1763,-1,1763,1776,1777,-1,1763,1777,1772,-1,1763,1778,1766,-1,1766,1778,1779,-1,1778,1780,1779,-1,1779,1780,1781,-1,1782,1783,1784,-1,1784,1783,1781,-1,1784,1781,1785,-1,1785,1781,1780,-1,1785,1780,1786,-1,1786,1780,1787,-1,1783,1782,1788,-1,1783,1788,1789,-1,1787,1790,1791,-1,1786,1787,1792,-1,1792,1787,1791,-1,1792,1791,1788,-1,1788,1791,1793,-1,1788,1793,1789,-1,1794,1791,1790,-1,1789,1793,1795,-1,1790,994,1794,-1,1794,994,993,-1,1794,993,991,-1,991,989,1794,-1,1794,989,987,-1,1794,987,1795,-1,1795,987,985,-1,1795,985,1789,-1,994,1790,995,-1,995,1790,1787,-1,1778,1763,1750,-1,1748,1745,1743,-1,1778,1750,1780,-1,1780,1750,1748,-1,1780,1748,1787,-1,1787,1748,1743,-1,1787,1743,995,-1,1789,985,1783,-1,1783,985,984,-1,1740,1747,1749,-1,984,1740,1783,-1,1783,1740,1749,-1,1783,1749,1781,-1,1781,1749,1751,-1,1781,1751,1779,-1,1779,1751,1766,-1,1796,1797,1798,-1,1798,1797,1799,-1,1798,1799,1800,-1,1800,1799,1801,-1,1800,1801,1802,-1,1802,1801,1803,-1,1802,1803,1804,-1,1804,1803,1805,-1,1804,1805,1806,-1,1806,1805,1807,-1,1806,1807,1808,-1,1808,1807,1809,-1,1808,1809,1810,-1,1810,1809,1811,-1,1810,1811,1812,-1,1812,1811,1813,-1,1812,1813,1814,-1,1814,1813,1815,-1,1814,1815,1816,-1,1816,1815,1817,-1,1816,1817,1818,-1,1818,1817,1819,-1,1818,1819,1820,-1,1820,1819,1821,-1,1820,1821,1822,-1,1822,1821,1823,-1,1822,1823,1824,-1,1824,1823,1825,-1,1824,1825,1826,-1,1826,1825,1827,-1,1826,1827,1828,-1,1828,1827,1829,-1,1828,1829,1830,-1,1830,1829,1831,-1,1830,1831,1832,-1,1832,1831,1833,-1,1832,1833,1834,-1,1834,1833,1835,-1,1834,1835,1836,-1,1836,1835,1837,-1,1836,1837,1838,-1,1838,1837,1839,-1,1838,1839,1840,-1,1840,1839,1841,-1,1840,1841,1842,-1,1842,1841,1843,-1,1842,1843,1796,-1,1796,1843,1797,-1,1837,1844,1839,-1,1839,1844,1845,-1,1839,1845,1841,-1,1841,1845,1846,-1,1841,1846,1843,-1,1843,1846,1847,-1,1843,1847,1797,-1,1797,1847,1848,-1,1797,1848,1799,-1,1799,1848,1849,-1,1799,1849,1801,-1,1801,1849,1850,-1,1801,1850,1803,-1,1803,1850,1851,-1,1803,1851,1805,-1,1805,1851,1852,-1,1805,1852,1807,-1,1807,1852,1853,-1,1807,1853,1809,-1,1809,1853,1854,-1,1809,1854,1811,-1,1811,1854,1855,-1,1811,1855,1813,-1,1813,1855,1856,-1,1813,1856,1815,-1,1815,1856,1857,-1,1815,1857,1817,-1,1817,1857,1858,-1,1817,1858,1819,-1,1819,1858,1859,-1,1819,1859,1821,-1,1821,1859,1860,-1,1821,1860,1823,-1,1823,1860,1861,-1,1823,1861,1825,-1,1825,1861,1862,-1,1825,1862,1827,-1,1827,1862,1863,-1,1827,1863,1829,-1,1829,1863,1864,-1,1829,1864,1831,-1,1831,1864,1865,-1,1831,1865,1833,-1,1833,1865,1866,-1,1833,1866,1835,-1,1835,1866,1867,-1,1835,1867,1837,-1,1837,1867,1844,-1,1846,1868,1847,-1,1847,1868,1869,-1,1847,1869,1848,-1,1848,1869,1870,-1,1848,1870,1849,-1,1849,1870,1871,-1,1849,1871,1850,-1,1850,1871,1872,-1,1850,1872,1851,-1,1851,1872,1873,-1,1851,1873,1852,-1,1852,1873,1874,-1,1852,1874,1853,-1,1853,1874,1875,-1,1853,1875,1854,-1,1854,1875,1876,-1,1854,1876,1855,-1,1855,1876,1877,-1,1855,1877,1856,-1,1856,1877,1878,-1,1856,1878,1857,-1,1857,1878,1879,-1,1857,1879,1858,-1,1858,1879,1880,-1,1858,1880,1859,-1,1859,1880,1881,-1,1859,1881,1860,-1,1860,1881,1882,-1,1860,1882,1861,-1,1861,1882,1883,-1,1861,1883,1862,-1,1862,1883,1884,-1,1862,1884,1863,-1,1863,1884,1885,-1,1863,1885,1864,-1,1864,1885,1886,-1,1864,1886,1865,-1,1865,1886,1887,-1,1865,1887,1866,-1,1866,1887,1888,-1,1866,1888,1867,-1,1867,1888,1889,-1,1867,1889,1844,-1,1844,1889,1890,-1,1844,1890,1845,-1,1845,1890,1891,-1,1845,1891,1846,-1,1846,1891,1868,-1,1890,1695,1891,-1,1891,1695,1697,-1,1891,1697,1868,-1,1868,1697,1699,-1,1868,1699,1869,-1,1869,1699,1665,-1,1869,1665,1870,-1,1870,1665,1648,-1,1870,1648,1871,-1,1871,1648,1647,-1,1871,1647,1872,-1,1872,1647,1660,-1,1872,1660,1873,-1,1873,1660,1679,-1,1873,1679,1874,-1,1874,1679,1681,-1,1874,1681,1875,-1,1875,1681,1683,-1,1875,1683,1876,-1,1876,1683,1692,-1,1876,1692,1877,-1,1877,1692,1691,-1,1877,1691,1878,-1,1878,1691,1689,-1,1878,1689,1879,-1,1879,1689,1687,-1,1879,1687,1880,-1,1880,1687,1638,-1,1880,1638,1881,-1,1881,1638,1637,-1,1881,1637,1882,-1,1882,1637,1617,-1,1882,1617,1883,-1,1883,1617,1616,-1,1883,1616,1884,-1,1884,1616,1604,-1,1884,1604,1885,-1,1885,1604,1653,-1,1885,1653,1886,-1,1886,1653,1654,-1,1886,1654,1887,-1,1887,1654,1675,-1,1887,1675,1888,-1,1888,1675,1676,-1,1888,1676,1889,-1,1889,1676,1693,-1,1889,1693,1890,-1,1890,1693,1695,-1,
        ]
    }
}
Shape{
    appearance Appearance {
        material  Material 	{
            diffuseColor 0.6470588235294118 0.6196078431372549 0.5882352941176471
            specularColor 0.45098039215686275 0.43529411764705883 0.4117647058823529
            ambientIntensity 0.6242
            transparency 0.0
            shininess 0.5
        }
    }
    geometry IndexedFaceSet {
        ccw TRUE
        solid FALSE
        coord DEF co Coordinate {
            point [
                -0.8116 0.0435 3.2205, -0.1884 0.0435 3.2205, -0.2017 0.0786 3.2205, -0.7267 0.1805 3.2205, -0.7674 0.133 3.2205, -0.7983 0.0786 3.2205, -0.2326 0.133 3.2205, -0.2733 0.1805 3.2205, -0.3223 0.2194 3.2205, -0.5622 0.2659 3.2205, -0.6222 0.2482 3.2205, -0.5 0.2719 3.2205, -0.4378 0.2659 3.2205, -0.3778 0.2482 3.2205, -0.6777 0.2194 3.2205, -0.8934 0.0435 3.0236, -0.8934 0.0435 3.1417, -0.8912 0.0499 3.1417, -0.1066 -0.1533 3.0236, -0.1066 -0.1533 3.1417, -0.1088 -0.1597 3.1417, -0.1083 -0.1599 2.908, -0.0945 -0.0549 3.0236, -0.0945 -0.0549 2.908, -0.1066 0.0435 3.0236, -0.1083 0.0501 2.908, -0.8917 0.0501 2.908, -0.9055 -0.0549 3.0236, -0.9055 -0.0549 2.908, -0.8934 -0.1533 3.0236, -0.8917 -0.1599 2.908, -0.1299 -0.2206 3.1417, -0.1488 -0.2577 2.908, -0.2137 -0.3412 3.1417, -0.2132 -0.3417 2.908, -0.1682 -0.2881 3.1417, -0.1504 -0.2568 3.1417, -0.2187 -0.347 3.1417, -0.2795 -0.3952 3.1417, -0.2972 -0.4061 2.908, -0.2979 -0.4048 3.1417, -0.3483 -0.431 3.1417, -0.395 -0.4466 2.908, -0.3955 -0.445 3.1417, -0.4228 -0.453 3.1417, -0.5 -0.4604 2.908, -0.5 -0.4604 3.1417, -0.5772 -0.453 3.1417, -0.605 -0.4466 2.908, -0.7021 -0.4048 3.1417, -0.7028 -0.4061 2.908, -0.6517 -0.431 3.1417, -0.6045 -0.445 3.1417, -0.7205 -0.3952 3.1417, -0.7813 -0.347 3.1417, -0.7868 -0.3417 2.908, -0.7863 -0.3412 3.1417, -0.8318 -0.2881 3.1417, -0.8512 -0.2577 2.908, -0.8934 -0.1533 3.1417, -0.8912 -0.1597 3.1417, -0.8701 -0.2206 3.1417, -0.8496 -0.2568 3.1417, -0.8701 0.1108 3.1417, -0.8512 0.1479 2.908, -0.7863 0.2314 3.1417, -0.7868 0.2319 2.908, -0.8318 0.1783 3.1417, -0.8496 0.147 3.1417, -0.7813 0.2372 3.1417, -0.7205 0.2854 3.1417, -0.7028 0.2963 2.908, -0.7021 0.295 3.1417, -0.6517 0.3212 3.1417, -0.605 0.3368 2.908, -0.6045 0.3352 3.1417, -0.5772 0.3432 3.1417, -0.5 0.3506 2.908, -0.5 0.3506 3.1417, -0.4228 0.3432 3.1417, -0.395 0.3368 2.908, -0.2979 0.295 3.1417, -0.2972 0.2963 2.908, -0.3483 0.3212 3.1417, -0.3955 0.3352 3.1417, -0.2795 0.2854 3.1417, -0.2187 0.2372 3.1417, -0.2132 0.2319 2.908, -0.2137 0.2314 3.1417, -0.1682 0.1783 3.1417, -0.1488 0.1479 2.908, -0.1066 0.0435 3.1417, -0.1088 0.0499 3.1417, -0.1299 0.1108 3.1417, -0.1504 0.147 3.1417, -0.2963 0.0627 2.908, -0.2728 0.006 2.908, -0.2648 -0.0549 2.908, -0.2728 -0.1158 2.908, -0.2963 -0.1725 2.908, -0.3337 -0.2212 2.908, -0.3824 -0.2586 2.908, -0.4391 -0.2821 2.908, -0.5 -0.2901 2.908, -0.5609 -0.2821 2.908, -0.6176 -0.2586 2.908, -0.6663 -0.2212 2.908, -0.7037 -0.1725 2.908, -0.7272 -0.1158 2.908, -0.7352 -0.0549 2.908, -0.7272 0.006 2.908, -0.7037 0.0627 2.908, -0.6663 0.1114 2.908, -0.6176 0.1488 2.908, -0.5609 0.1723 2.908, -0.5 0.1803 2.908, -0.4391 0.1723 2.908, -0.3824 0.1488 2.908, -0.3337 0.1114 2.908, -0.2728 0.006 2.6818, -0.2963 0.0627 2.6818, -0.3337 0.1114 2.6818, -0.3824 0.1488 2.6818, -0.4391 0.1723 2.6818, -0.5 0.1803 2.6818, -0.5609 0.1723 2.6818, -0.6176 0.1488 2.6818, -0.6663 0.1114 2.6818, -0.7037 0.0627 2.6818, -0.7272 0.006 2.6818, -0.7352 -0.0549 2.6818, -0.7272 -0.1158 2.6818, -0.7037 -0.1725 2.6818, -0.6663 -0.2212 2.6818, -0.6176 -0.2586 2.6818, -0.5609 -0.2821 2.6818, -0.5 -0.2901 2.6818, -0.4391 -0.2821 2.6818, -0.3824 -0.2586 2.6818, -0.3337 -0.2212 2.6818, -0.2963 -0.1725 2.6818, -0.2728 -0.1158 2.6818, -0.2648 -0.0549 2.6818
            ]
        }
        coordIndex [
            0,1,2,-1,3,4,2,-1,2,4,5,-1,2,5,0,-1,2,6,3,-1,3,6,7,-1,3,7,8,-1,9,10,11,-1,11,10,12,-1,8,13,3,-1,3,13,12,-1,3,12,14,-1,14,12,10,-1,15,16,17,-1,18,19,20,-1,18,21,22,-1,22,21,23,-1,22,23,24,-1,24,23,25,-1,15,26,27,-1,27,26,28,-1,27,28,29,-1,29,28,30,-1,18,20,21,-1,21,20,31,-1,21,31,32,-1,33,34,35,-1,35,34,32,-1,35,32,36,-1,36,32,31,-1,33,37,34,-1,34,37,38,-1,34,38,39,-1,38,40,39,-1,39,40,41,-1,39,41,42,-1,41,43,42,-1,42,43,44,-1,42,44,45,-1,44,46,45,-1,45,46,47,-1,45,47,48,-1,49,50,51,-1,51,50,48,-1,51,48,52,-1,52,48,47,-1,49,53,50,-1,50,53,54,-1,50,54,55,-1,54,56,55,-1,55,56,57,-1,55,57,58,-1,59,29,60,-1,60,29,30,-1,60,30,61,-1,61,30,58,-1,61,58,62,-1,62,58,57,-1,15,17,26,-1,26,17,63,-1,26,63,64,-1,65,66,67,-1,67,66,64,-1,67,64,68,-1,68,64,63,-1,65,69,66,-1,66,69,70,-1,66,70,71,-1,70,72,71,-1,71,72,73,-1,71,73,74,-1,73,75,74,-1,74,75,76,-1,74,76,77,-1,76,78,77,-1,77,78,79,-1,77,79,80,-1,81,82,83,-1,83,82,80,-1,83,80,84,-1,84,80,79,-1,81,85,82,-1,82,85,86,-1,82,86,87,-1,86,88,87,-1,87,88,89,-1,87,89,90,-1,91,24,92,-1,92,24,25,-1,92,25,93,-1,93,25,90,-1,93,90,94,-1,94,90,89,-1,95,90,96,-1,96,90,25,-1,96,25,97,-1,97,25,23,-1,97,23,98,-1,98,23,21,-1,98,21,99,-1,99,21,32,-1,99,32,100,-1,100,32,34,-1,100,34,101,-1,101,34,39,-1,101,39,102,-1,102,39,42,-1,102,42,103,-1,103,42,45,-1,103,45,104,-1,104,45,48,-1,104,48,105,-1,105,48,50,-1,105,50,106,-1,106,50,55,-1,106,55,107,-1,107,55,58,-1,107,58,108,-1,108,58,30,-1,108,30,109,-1,109,30,28,-1,109,28,110,-1,110,28,26,-1,110,26,111,-1,111,26,64,-1,111,64,112,-1,112,64,66,-1,112,66,113,-1,113,66,71,-1,113,71,114,-1,114,71,74,-1,114,74,115,-1,115,74,77,-1,115,77,116,-1,116,77,80,-1,116,80,117,-1,117,80,82,-1,117,82,118,-1,118,82,87,-1,118,87,95,-1,95,87,90,-1,97,119,96,-1,96,119,120,-1,96,120,95,-1,95,120,121,-1,95,121,118,-1,118,121,122,-1,118,122,117,-1,117,122,123,-1,117,123,116,-1,116,123,124,-1,116,124,115,-1,115,124,125,-1,115,125,114,-1,114,125,126,-1,114,126,113,-1,113,126,127,-1,113,127,112,-1,112,127,128,-1,112,128,111,-1,111,128,129,-1,111,129,110,-1,110,129,130,-1,110,130,109,-1,109,130,131,-1,109,131,108,-1,108,131,132,-1,108,132,107,-1,107,132,133,-1,107,133,106,-1,106,133,134,-1,106,134,105,-1,105,134,135,-1,105,135,104,-1,104,135,136,-1,104,136,103,-1,103,136,137,-1,103,137,102,-1,102,137,138,-1,102,138,101,-1,101,138,139,-1,101,139,100,-1,100,139,140,-1,100,140,99,-1,99,140,141,-1,99,141,98,-1,98,141,142,-1,98,142,97,-1,97,142,119,-1,
        ]
    }
}
Shape{
    appearance Appearance {
        material  Material 	{
            diffuseColor 0.27450980392156865 0.49411764705882355 0.27450980392156865
            specularColor 0.0196078431372549 0.03529411764705882 0.0196078431372549
            ambientIntensity 0.5763
            transparency 0.0
            shininess 0.5
        }
    }
    geometry IndexedFaceSet {
        ccw TRUE
        solid FALSE
        coord DEF co Coordinate {
            point [
                -0.7362 -1.1024 1.8475, -0.7362 -1.0821 1.8475, -0.2638 -1.1024 1.8475, -0.2638 -1.0821 1.8475, -0.7362 -0.9942 1.3035, -0.2638 -0.9942 1.3035, -0.7362 -0.8354 1.3035, -0.2638 -0.8354 1.3035, -0.7362 -0.8354 0.5543, -0.7362 -0.9997 0.5543, -0.2638 -0.8354 0.5543, -0.2638 -0.9997 0.5543, -0.9331 -1.2992 0.2356, -0.0669 -1.2992 0.2356, -0.2638 -1.1024 0.445, -0.7362 -1.1024 0.445
            ]
        }
        coordIndex [
            0,1,2,-1,2,1,3,-1,1,4,3,-1,3,4,5,-1,4,6,5,-1,5,6,7,-1,8,9,10,-1,10,9,11,-1,12,13,14,-1,11,9,14,-1,14,9,15,-1,14,15,12,-1,4,1,0,-1,8,6,9,-1,9,6,4,-1,9,4,15,-1,15,4,0,-1,14,2,5,-1,5,2,3,-1,7,10,5,-1,5,10,11,-1,5,11,14,-1,
        ]
    }
}
Shape{
    appearance Appearance {
        material  Material 	{
            diffuseColor 0.6470588235294118 0.6196078431372549 0.5882352941176471
            specularColor 0.45098039215686275 0.43529411764705883 0.4117647058823529
            ambientIntensity 0.6242
            transparency 0.0
            shininess 0.5
        }
    }
    geometry IndexedFaceSet {
        ccw TRUE
        solid FALSE
        coord DEF co Coordinate {
            point [
                -0.2963 -0.1725 1.8392, -0.3337 -0.2212 1.8392, -0.1457 -0.6375 1.8392, -0.5609 -0.2821 1.8392, -0.6176 -0.2586 1.8392, -0.8543 -0.6375 1.8392, -0.6663 -0.2212 1.8392, -0.7037 -0.1725 1.8392, -0.2963 0.0627 1.8392, -0.2728 0.006 1.8392, -0.1457 0.5848 1.8392, -0.2648 -0.0549 1.8392, -0.2728 -0.1158 1.8392, -0.7272 -0.1158 1.8392, -0.7352 -0.0549 1.8392, -0.8543 0.5848 1.8392, -0.7272 0.006 1.8392, -0.7037 0.0627 1.8392, -0.6663 0.1114 1.8392, -0.4391 0.1723 1.8392, -0.3824 0.1488 1.8392, -0.3337 0.1114 1.8392, -0.3824 -0.2586 1.8392, -0.4391 -0.2821 1.8392, -0.5 -0.2901 1.8392, -0.6176 0.1488 1.8392, -0.5609 0.1723 1.8392, -0.5 0.1803 1.8392, -0.3031 -0.6375 0.6985, -0.1457 -0.6375 0.4087, -0.3031 -0.6375 1.5748, -0.6969 -0.6375 1.5748, -0.6969 -0.6375 0.6985, -0.8543 -0.6375 0.4087, -0.1457 0.5848 0.4087, -0.8543 0.5848 0.4087, -0.3031 0.5848 1.5748, -0.3031 0.5848 0.6985, -0.6969 0.5848 0.6985, -0.6969 0.5848 1.5748, -0.5984 0.7633 1.5433, -0.5984 0.6956 1.5517, -0.4016 0.7633 1.5433, -0.4016 0.6956 1.5517, -0.4016 0.9712 1.2761, -0.5984 0.9712 1.2761, -0.5984 0.9645 1.3365, -0.4016 0.9645 1.3365, -0.5984 0.9448 1.3938, -0.4016 0.9448 1.3938, -0.5984 0.913 1.4455, -0.4016 0.913 1.4455, -0.5984 0.8706 1.489, -0.4016 0.8706 1.489, -0.5984 0.8198 1.5222, -0.4016 0.8198 1.5222, -0.4016 -0.3824 1.5517, -0.4016 -0.3824 1.3549, -0.4016 0.6956 1.3549, -0.4016 0.7638 1.3155, -0.4016 0.7512 1.3318, -0.4016 0.7349 1.3443, -0.4016 0.7159 1.3522, -0.4016 0.7633 1.5222, -0.4016 -0.0984 -0.9842, -0.4016 0.0984 -0.9842, -0.4016 -0.0984 0.0478, -0.4016 0.0984 0.0478, -0.4016 -0.089 0.1191, -0.4016 0.1011 0.0682, -0.4016 -0.0615 0.1856, -0.4016 0.109 0.0872, -0.4016 -0.0177 0.2427, -0.4016 0.1215 0.1035, -0.4016 0.0394 0.2865, -0.4016 0.1378 0.116, -0.4016 0.1058 0.314, -0.4016 0.1568 0.1239, -0.4016 0.1772 0.3234, -0.4016 0.1772 0.1265, -0.4016 0.6956 0.3234, -0.4016 0.6956 0.1265, -0.4016 0.7159 0.3261, -0.4016 0.7669 0.1359, -0.4016 0.7349 0.3339, -0.4016 0.8334 0.1635, -0.4016 0.7512 0.3464, -0.4016 0.8904 0.2073, -0.4016 0.7638 0.3628, -0.4016 0.9342 0.2643, -0.4016 0.7716 0.3817, -0.4016 0.9618 0.3308, -0.4016 0.7743 0.4021, -0.4016 0.9712 0.4021, -0.4016 0.7743 1.2761, -0.4016 0.7716 1.2965, -0.5984 0.6956 1.3549, -0.5984 -0.3824 1.3549, -0.5984 -0.3824 1.5517, -0.5984 0.7633 1.5222, -0.5984 0.7743 1.2761, -0.5984 0.7716 1.2965, -0.5984 0.7638 1.3155, -0.5984 0.7512 1.3318, -0.5984 0.7349 1.3443, -0.5984 0.7159 1.3522, -0.5984 0.0984 -0.9842, -0.5984 -0.0984 -0.9842, -0.5984 0.0984 0.0478, -0.5984 -0.0984 0.0478, -0.5984 0.1011 0.0682, -0.5984 -0.089 0.1191, -0.5984 0.109 0.0872, -0.5984 -0.0615 0.1856, -0.5984 0.1215 0.1035, -0.5984 -0.0177 0.2427, -0.5984 0.1378 0.116, -0.5984 0.0394 0.2865, -0.5984 0.1568 0.1239, -0.5984 0.1058 0.314, -0.5984 0.1772 0.1265, -0.5984 0.1772 0.3234, -0.5984 0.6956 0.1265, -0.5984 0.6956 0.3234, -0.5984 0.7669 0.1359, -0.5984 0.7159 0.3261, -0.5984 0.8334 0.1635, -0.5984 0.7349 0.3339, -0.5984 0.8904 0.2073, -0.5984 0.7512 0.3464, -0.5984 0.9342 0.2643, -0.5984 0.7638 0.3628, -0.5984 0.9618 0.3308, -0.5984 0.7716 0.3817, -0.5984 0.9712 0.4021, -0.5984 0.7743 0.4021, -0.5591 -0.0591 -1.378, -0.5591 0.0591 -1.378, -0.4409 -0.0591 -1.378, -0.4409 0.0591 -1.378
            ]
        }
        coordIndex [
            0,1,2,-1,3,4,5,-1,5,4,6,-1,5,6,7,-1,8,9,10,-1,10,9,11,-1,10,11,2,-1,2,11,12,-1,2,12,0,-1,7,13,5,-1,5,13,14,-1,5,14,15,-1,14,16,15,-1,15,16,17,-1,15,17,18,-1,19,20,10,-1,10,20,21,-1,10,21,8,-1,1,22,2,-1,2,22,23,-1,2,23,5,-1,5,23,24,-1,5,24,3,-1,18,25,15,-1,15,25,26,-1,15,26,10,-1,10,26,27,-1,10,27,19,-1,28,29,30,-1,30,29,2,-1,30,2,31,-1,31,2,5,-1,31,5,32,-1,32,5,33,-1,32,33,28,-1,28,33,29,-1,34,29,35,-1,35,29,33,-1,36,10,37,-1,37,10,34,-1,37,34,38,-1,38,34,35,-1,38,35,39,-1,39,35,15,-1,39,15,36,-1,36,15,10,-1,29,34,2,-1,2,34,10,-1,35,33,15,-1,15,33,5,-1,31,39,30,-1,30,39,36,-1,38,32,37,-1,37,32,28,-1,32,38,31,-1,31,38,39,-1,37,28,36,-1,36,28,30,-1,40,41,42,-1,42,41,43,-1,44,45,46,-1,44,46,47,-1,47,46,48,-1,47,48,49,-1,49,48,50,-1,49,50,51,-1,51,50,52,-1,51,52,53,-1,53,52,54,-1,53,54,55,-1,56,57,43,-1,43,57,58,-1,59,51,60,-1,60,51,53,-1,60,53,61,-1,61,53,55,-1,61,55,62,-1,62,55,63,-1,62,63,58,-1,58,63,42,-1,58,42,43,-1,64,65,66,-1,66,65,67,-1,66,67,68,-1,68,67,69,-1,68,69,70,-1,70,69,71,-1,70,71,72,-1,72,71,73,-1,72,73,74,-1,74,73,75,-1,74,75,76,-1,76,75,77,-1,76,77,78,-1,78,77,79,-1,78,79,80,-1,80,79,81,-1,80,81,82,-1,82,81,83,-1,82,83,84,-1,84,83,85,-1,84,85,86,-1,86,85,87,-1,86,87,88,-1,88,87,89,-1,88,89,90,-1,90,89,91,-1,90,91,92,-1,92,91,93,-1,92,93,94,-1,94,93,44,-1,94,44,95,-1,95,44,47,-1,95,47,59,-1,59,47,49,-1,59,49,51,-1,96,97,98,-1,99,100,101,-1,101,102,99,-1,99,102,103,-1,99,103,104,-1,41,40,99,-1,98,41,96,-1,96,41,99,-1,96,99,105,-1,105,99,104,-1,106,107,108,-1,108,107,109,-1,108,109,110,-1,110,109,111,-1,110,111,112,-1,112,111,113,-1,112,113,114,-1,114,113,115,-1,114,115,116,-1,116,115,117,-1,116,117,118,-1,118,117,119,-1,118,119,120,-1,120,119,121,-1,120,121,122,-1,122,121,123,-1,122,123,124,-1,124,123,125,-1,124,125,126,-1,126,125,127,-1,126,127,128,-1,128,127,129,-1,128,129,130,-1,130,129,131,-1,130,131,132,-1,132,131,133,-1,132,133,134,-1,134,133,135,-1,134,135,45,-1,45,135,100,-1,99,54,100,-1,100,54,52,-1,100,52,50,-1,50,48,100,-1,100,48,46,-1,100,46,45,-1,56,43,98,-1,98,43,41,-1,57,56,97,-1,97,56,98,-1,58,57,96,-1,96,57,97,-1,58,96,62,-1,62,96,105,-1,62,105,61,-1,61,105,104,-1,61,104,60,-1,60,104,103,-1,60,103,59,-1,59,103,102,-1,59,102,95,-1,95,102,101,-1,95,101,94,-1,94,101,100,-1,92,94,135,-1,135,94,100,-1,92,135,90,-1,90,135,133,-1,90,133,88,-1,88,133,131,-1,88,131,86,-1,86,131,129,-1,86,129,84,-1,84,129,127,-1,84,127,82,-1,82,127,125,-1,82,125,80,-1,80,125,123,-1,78,80,121,-1,121,80,123,-1,78,121,119,-1,78,119,76,-1,76,119,117,-1,76,117,74,-1,74,117,115,-1,74,115,72,-1,72,115,113,-1,72,113,70,-1,70,113,111,-1,70,111,68,-1,68,111,109,-1,68,109,66,-1,64,66,107,-1,107,66,109,-1,136,137,138,-1,138,137,139,-1,106,108,65,-1,65,108,67,-1,67,108,69,-1,69,108,110,-1,69,110,71,-1,71,110,112,-1,71,112,73,-1,73,112,114,-1,73,114,75,-1,75,114,116,-1,75,116,77,-1,77,116,118,-1,77,118,79,-1,79,118,120,-1,81,79,122,-1,122,79,120,-1,81,122,124,-1,81,124,83,-1,83,124,126,-1,83,126,85,-1,85,126,128,-1,85,128,87,-1,87,128,130,-1,87,130,89,-1,89,130,132,-1,89,132,91,-1,91,132,134,-1,91,134,93,-1,44,93,45,-1,45,93,134,-1,
        ]
    }
}
Shape{
    appearance Appearance {
        material  Material 	{
            diffuseColor 0.27450980392156865 0.49411764705882355 0.27450980392156865
            specularColor 0.0196078431372549 0.03529411764705882 0.0196078431372549
            ambientIntensity 0.5763
            transparency 0.0
            shininess 0.5
        }
    }
    geometry IndexedFaceSet {
        ccw TRUE
        solid FALSE
        coord DEF co Coordinate {
            point [
                -0.7362 -1.1024 1.8475, -0.9221 -1.2882 2.0334, -0.9264 -1.2925 2.0195, -0.9331 -1.2992 0.2356, -0.7362 -1.1024 0.445, -0.9331 -1.2992 1.9685, -0.9314 -1.2975 1.9942, -0.2638 -1.1024 1.8475, -0.0779 -1.2882 2.0334, -0.2638 -1.1024 0.445, -0.0669 -1.2992 0.2356, -0.0669 -1.2992 1.9685, -0.0686 -1.2975 1.9942, -0.0736 -1.2925 2.0195
            ]
        }
        coordIndex [
            0,1,2,-1,3,4,5,-1,5,4,0,-1,5,0,6,-1,6,0,2,-1,7,8,0,-1,0,8,1,-1,9,10,7,-1,7,10,11,-1,11,12,7,-1,7,12,13,-1,7,13,8,-1,
        ]
    }
}
Shape{
    appearance Appearance {
        material  Material 	{
            diffuseColor 0.6470588235294118 0.6196078431372549 0.5882352941176471
            specularColor 0.45098039215686275 0.43529411764705883 0.4117647058823529
            ambientIntensity 0.6242
            transparency 0.0
            shininess 0.5
        }
    }
    geometry IndexedFaceSet {
        ccw TRUE
        solid FALSE
        coord DEF co Coordinate {
            point [
                -0.4016 0.0984 -0.9842, -0.4409 0.0591 -1.378, -0.5984 0.0984 -0.9842, -0.5591 0.0591 -1.378, -0.4016 -0.0984 -0.9842, -0.4409 -0.0591 -1.378, -0.5591 -0.0591 -1.378, -0.5984 -0.0984 -0.9842, -0.2137 0.2314 3.1417, -0.2187 0.2372 3.1417, -0.2205 0.2353 3.1621, -0.2979 0.295 3.1417, -0.3483 0.3212 3.1417, -0.3493 0.3187 3.1621, -0.6045 0.3352 3.1417, -0.6517 0.3212 3.1417, -0.6507 0.3187 3.1621, -0.7863 0.2314 3.1417, -0.8318 0.1783 3.1417, -0.8296 0.1767 3.1621, -0.1567 0.0435 3.2144, -0.1476 0.0435 3.2094, -0.1658 0.0947 3.2099, -0.1066 0.0435 3.1417, -0.1088 0.0499 3.1417, -0.1087 0.0435 3.1596, -0.1094 0.0435 3.1621, -0.1323 0.1097 3.1621, -0.1098 0.0435 3.1637, -0.1395 0.1065 3.1811, -0.1339 0.0435 3.2006, -0.1307 0.0435 3.1971, -0.1509 0.1014 3.1974, -0.1211 0.0435 3.1867, -0.1171 0.0435 3.1805, -0.1396 0.0435 3.205, -0.1636 0.0435 3.2168, -0.1831 0.0869 3.2178, -0.1671 0.0435 3.2174, -0.1834 0.0435 3.2203, -0.2017 0.0786 3.2205, -0.1884 0.0435 3.2205, -0.8116 0.0435 3.2205, -0.7983 0.0786 3.2205, -0.8121 0.0435 3.2205, -0.8169 0.0869 3.2178, -0.8322 0.0435 3.218, -0.8342 0.0947 3.2099, -0.841 0.0435 3.2153, -0.8329 0.0435 3.2178, -0.8693 0.0435 3.1971, -0.8657 0.0435 3.2009, -0.8491 0.1014 3.1974, -0.8583 0.0435 3.2065, -0.8524 0.0435 3.2095, -0.8785 0.0435 3.1872, -0.8605 0.1065 3.1811, -0.8833 0.0435 3.1797, -0.89 0.0435 3.1644, -0.8677 0.1097 3.1621, -0.8904 0.0435 3.1621, -0.8934 0.0435 3.1417, -0.8933 0.0435 3.1467, -0.8912 0.0499 3.1417, -0.8701 0.1108 3.1417, -0.8496 0.147 3.1417, -0.6777 0.2194 3.2205, -0.6222 0.2482 3.2205, -0.6888 0.2365 3.2178, -0.6298 0.2671 3.2178, -0.6991 0.2524 3.2099, -0.6369 0.2847 3.2099, -0.708 0.2661 3.1974, -0.643 0.2998 3.1974, -0.7148 0.2766 3.1811, -0.6477 0.3114 3.1811, -0.7191 0.2832 3.1621, -0.4378 0.2659 3.2205, -0.3778 0.2482 3.2205, -0.4339 0.2859 3.2178, -0.3702 0.2671 3.2178, -0.4303 0.3046 3.2099, -0.3631 0.2847 3.2099, -0.4271 0.3206 3.1974, -0.357 0.2998 3.1974, -0.4248 0.3329 3.1811, -0.3523 0.3114 3.1811, -0.4233 0.3406 3.1621, -0.2326 0.133 3.2205, -0.2159 0.1447 3.2178, -0.2004 0.1556 3.2099, -0.1871 0.165 3.1974, -0.1768 0.1722 3.1811, -0.1704 0.1767 3.1621, -0.8232 0.1722 3.1811, -0.8129 0.165 3.1974, -0.7996 0.1556 3.2099, -0.7841 0.1447 3.2178, -0.7674 0.133 3.2205, -0.7813 0.2372 3.1417, -0.7795 0.2353 3.1621, -0.774 0.2296 3.1811, -0.7653 0.2206 3.1974, -0.754 0.2088 3.2099, -0.7408 0.1952 3.2178, -0.7267 0.1805 3.2205, -0.7205 0.2854 3.1417, -0.7021 0.295 3.1417, -0.5772 0.3432 3.1417, -0.5767 0.3406 3.1621, -0.5752 0.3329 3.1811, -0.5729 0.3206 3.1974, -0.5697 0.3046 3.2099, -0.5661 0.2859 3.2178, -0.5622 0.2659 3.2205, -0.5 0.2719 3.2205, -0.5 0.2923 3.2178, -0.5 0.3113 3.2099, -0.5 0.3276 3.1974, -0.5 0.3401 3.1811, -0.5 0.348 3.1621, -0.5 0.3506 3.1417, -0.4228 0.3432 3.1417, -0.3955 0.3352 3.1417, -0.2795 0.2854 3.1417, -0.2809 0.2832 3.1621, -0.2852 0.2766 3.1811, -0.292 0.2661 3.1974, -0.3009 0.2524 3.2099, -0.3112 0.2365 3.2178, -0.3223 0.2194 3.2205, -0.2733 0.1805 3.2205, -0.2592 0.1952 3.2178, -0.246 0.2088 3.2099, -0.2347 0.2206 3.1974, -0.226 0.2296 3.1811, -0.1682 0.1783 3.1417, -0.1299 0.1108 3.1417, -0.1504 0.147 3.1417, -0.1066 -0.1533 3.0236, -0.8934 -0.1533 3.0236, -0.8934 -0.1533 3.1417, -0.893 -0.1533 3.1498, -0.8905 -0.1533 3.1621, -0.1066 -0.1533 3.1417, -0.89 -0.1533 3.1644, -0.1094 -0.1533 3.1621, -0.1076 -0.1533 3.1542, -0.8825 -0.1533 3.1812, -0.878 -0.1533 3.1878, -0.8692 -0.1533 3.1971, -0.1671 -0.1533 3.2178, -0.1175 -0.1533 3.1811, -0.1164 -0.1533 3.1793, -0.865 -0.1533 3.2015, -0.8591 -0.1533 3.206, -0.8524 -0.1533 3.2095, -0.8329 -0.1533 3.2176, -0.8348 -0.1533 3.2173, -0.8418 -0.1533 3.215, -0.1307 -0.1533 3.1971, -0.1476 -0.1533 3.2095, -0.1338 -0.1533 3.2005, -0.1412 -0.1533 3.2062, -0.1585 -0.1533 3.2151, -0.1212 -0.1533 3.1868, -0.815 -0.1533 3.2204, -0.8116 -0.1533 3.2205, -0.1884 -0.1533 3.2205, -0.1873 -0.1533 3.2205, -0.1094 -0.1533 3.1624, -0.1673 -0.1533 3.2179, -0.8934 0.0435 3.0236, -0.1066 0.0435 3.0236, -0.9055 -0.0549 3.0236, -0.0945 -0.0549 3.0236
            ]
        }
        coordIndex [
            0,1,2,-1,2,1,3,-1,4,5,0,-1,0,5,1,-1,6,7,3,-1,3,7,2,-1,7,6,4,-1,4,6,5,-1,8,9,10,-1,11,12,13,-1,14,15,16,-1,17,18,19,-1,20,21,22,-1,23,24,25,-1,25,24,26,-1,26,27,28,-1,28,27,29,-1,30,31,32,-1,32,31,33,-1,32,33,29,-1,29,33,34,-1,29,34,28,-1,22,21,32,-1,32,21,35,-1,32,35,30,-1,20,22,36,-1,36,22,37,-1,36,37,38,-1,38,37,39,-1,39,37,40,-1,39,40,41,-1,42,43,44,-1,44,43,45,-1,44,45,46,-1,47,48,45,-1,45,48,49,-1,45,49,46,-1,50,51,52,-1,52,51,53,-1,52,53,47,-1,47,53,54,-1,47,54,48,-1,50,52,55,-1,55,52,56,-1,55,56,57,-1,57,56,58,-1,58,56,59,-1,58,59,60,-1,61,62,63,-1,63,62,60,-1,63,60,64,-1,64,60,59,-1,64,59,65,-1,66,67,68,-1,68,67,69,-1,68,69,70,-1,70,69,71,-1,70,71,72,-1,72,71,73,-1,72,73,74,-1,74,73,75,-1,74,75,76,-1,76,75,16,-1,77,78,79,-1,79,78,80,-1,79,80,81,-1,81,80,82,-1,81,82,83,-1,83,82,84,-1,83,84,85,-1,85,84,86,-1,85,86,87,-1,87,86,13,-1,88,40,89,-1,89,40,37,-1,89,37,90,-1,90,37,22,-1,90,22,91,-1,91,22,32,-1,91,32,92,-1,92,32,29,-1,92,29,93,-1,93,29,27,-1,18,65,19,-1,19,65,59,-1,19,59,94,-1,94,59,56,-1,94,56,95,-1,95,56,52,-1,95,52,96,-1,96,52,47,-1,96,47,97,-1,97,47,45,-1,97,45,98,-1,98,45,43,-1,99,17,100,-1,100,17,19,-1,100,19,101,-1,101,19,94,-1,101,94,102,-1,102,94,95,-1,102,95,103,-1,103,95,96,-1,103,96,104,-1,104,96,97,-1,104,97,105,-1,105,97,98,-1,105,66,104,-1,104,66,68,-1,104,68,103,-1,103,68,70,-1,103,70,102,-1,102,70,72,-1,102,72,101,-1,101,72,74,-1,101,74,100,-1,100,74,76,-1,100,76,99,-1,99,76,106,-1,16,15,76,-1,76,15,107,-1,76,107,106,-1,108,14,109,-1,109,14,16,-1,109,16,110,-1,110,16,75,-1,110,75,111,-1,111,75,73,-1,111,73,112,-1,112,73,71,-1,112,71,113,-1,113,71,69,-1,113,69,114,-1,114,69,67,-1,114,115,113,-1,113,115,116,-1,113,116,112,-1,112,116,117,-1,112,117,111,-1,111,117,118,-1,111,118,110,-1,110,118,119,-1,110,119,109,-1,109,119,120,-1,109,120,108,-1,108,120,121,-1,115,77,116,-1,116,77,79,-1,116,79,117,-1,117,79,81,-1,117,81,118,-1,118,81,83,-1,118,83,119,-1,119,83,85,-1,119,85,120,-1,120,85,87,-1,120,87,121,-1,121,87,122,-1,13,12,87,-1,87,12,123,-1,87,123,122,-1,124,11,125,-1,125,11,13,-1,125,13,126,-1,126,13,86,-1,126,86,127,-1,127,86,84,-1,127,84,128,-1,128,84,82,-1,128,82,129,-1,129,82,80,-1,129,80,130,-1,130,80,78,-1,130,131,129,-1,129,131,132,-1,129,132,128,-1,128,132,133,-1,128,133,127,-1,127,133,134,-1,127,134,126,-1,126,134,135,-1,126,135,125,-1,125,135,10,-1,125,10,124,-1,124,10,9,-1,136,8,93,-1,93,8,10,-1,93,10,92,-1,92,10,135,-1,92,135,91,-1,91,135,134,-1,91,134,90,-1,90,134,133,-1,90,133,89,-1,89,133,132,-1,89,132,88,-1,88,132,131,-1,26,24,27,-1,27,24,137,-1,27,137,93,-1,93,137,138,-1,93,138,136,-1,139,140,141,-1,141,142,139,-1,139,142,143,-1,139,143,144,-1,145,146,143,-1,143,146,147,-1,143,147,144,-1,145,148,146,-1,146,148,149,-1,146,149,150,-1,151,152,153,-1,150,154,146,-1,146,154,155,-1,146,155,156,-1,157,156,158,-1,158,156,159,-1,160,161,162,-1,162,161,163,-1,151,164,152,-1,152,164,161,-1,152,161,165,-1,165,161,160,-1,157,166,156,-1,156,166,167,-1,156,167,146,-1,146,167,168,-1,146,168,169,-1,153,170,151,-1,151,170,146,-1,151,146,171,-1,171,146,169,-1,61,172,173,-1,61,173,62,-1,48,173,49,-1,49,173,23,-1,30,35,21,-1,23,25,49,-1,49,25,26,-1,49,26,28,-1,48,54,173,-1,173,54,53,-1,173,53,51,-1,51,50,173,-1,173,50,55,-1,173,55,57,-1,57,58,173,-1,173,58,60,-1,173,60,62,-1,28,34,49,-1,49,34,33,-1,49,33,31,-1,36,38,20,-1,20,38,21,-1,30,21,31,-1,31,21,38,-1,31,38,39,-1,39,41,31,-1,31,41,42,-1,31,42,49,-1,49,42,44,-1,49,44,46,-1,140,139,174,-1,174,139,175,-1,174,175,172,-1,172,175,173,-1,
        ]
    }
}
Shape{
    appearance Appearance {
        material  Material 	{
            diffuseColor 1.0 0.9490196078431372 0.8980392156862745
            specularColor 0.011764705882352941 0.00784313725490196 0.00784313725490196
            ambientIntensity 0.9585
            transparency 0.0
            shininess 0.5
        }
    }
    geometry IndexedFaceSet {
        ccw TRUE
        solid FALSE
        coord DEF co Coordinate {
            point [
                -0.4717 -1.0242 0.0039, -0.4717 -1.0242 0.0, -0.4626 -1.0664 0.0039, -0.4626 -1.0664 0.0, -0.4759 -1.0027 0.0039, -0.4759 -1.0027 0.0, -0.4776 -0.9959 0.0039, -0.4776 -0.9959 0.0, -0.4767 -0.9997 0.0, -0.478 -0.9949 0.0039, -0.478 -0.9949 0.0, -0.4783 -0.9942 0.0039, -0.4783 -0.9942 0.0, -0.4786 -0.9938 0.0039, -0.4786 -0.9938 0.0, -0.4789 -0.9935 0.0039, -0.4789 -0.9935 0.0, -0.4791 -0.9933 0.0039, -0.4791 -0.9933 0.0, -0.4794 -0.9932 0.0039, -0.4794 -0.9932 0.0, -0.4796 -0.9932 0.0039, -0.4796 -0.9932 0.0, -0.4798 -0.9932 0.0039, -0.4798 -0.9932 0.0, -0.48 -0.9932 0.0039, -0.48 -0.9932 0.0, -0.4802 -0.9934 0.0039, -0.4802 -0.9934 0.0, -0.4804 -0.9936 0.0039, -0.4804 -0.9936 0.0, -0.4805 -0.9938 0.0039, -0.4805 -0.9938 0.0, -0.4807 -0.9946 0.0039, -0.4807 -0.9946 0.0, -0.4812 -0.9981 0.0039, -0.4812 -0.9981 0.0, -0.4814 -0.9997 0.0, -0.4816 -1.0015 0.0039, -0.4816 -1.0015 0.0, -0.483 -1.0134 0.0039, -0.483 -1.0134 0.0, -0.4834 -1.0189 0.0039, -0.4834 -1.0189 0.0, -0.4833 -1.0215 0.0039, -0.4833 -1.0215 0.0, -0.4827 -1.0231 0.0039, -0.4827 -1.0231 0.0, -0.4821 -1.0242 0.0039, -0.4821 -1.0242 0.0, -0.4807 -1.0267 0.0039, -0.4807 -1.0267 0.0, -0.477 -1.0391 0.0039, -0.477 -1.0391 0.0, -0.4739 -1.0517 0.0039, -0.4739 -1.0517 0.0, -0.4454 -1.1839 0.0, -0.4448 -1.1867 0.0039, -0.4448 -1.1867 0.0, -0.4408 -1.1867 0.0039, -0.4408 -1.1867 0.0, -0.4134 -1.0653 0.0039, -0.4134 -1.0653 0.0, -0.4402 -1.1839 0.0, -0.41 -1.0511 0.0039, -0.41 -1.0511 0.0, -0.4085 -1.0444 0.0039, -0.4085 -1.0444 0.0, -0.4066 -1.0378 0.0039, -0.4066 -1.0378 0.0, -0.4046 -1.0324 0.0039, -0.4046 -1.0324 0.0, -0.4028 -1.0274 0.0039, -0.4028 -1.0274 0.0, -0.4016 -1.0256 0.0039, -0.4016 -1.0256 0.0, -0.4007 -1.0245 0.0039, -0.4007 -1.0245 0.0, -0.4004 -1.0241 0.0039, -0.4004 -1.0241 0.0, -0.4002 -1.0238 0.0039, -0.4002 -1.0238 0.0, -0.4002 -1.0235 0.0039, -0.4002 -1.0235 0.0, -0.4002 -1.0224 0.0039, -0.4002 -1.0224 0.0, -0.4006 -1.0158 0.0039, -0.4006 -1.0158 0.0, -0.4006 -1.0157 0.0039, -0.4006 -1.0157 0.0, -0.4017 -1.003 0.0039, -0.4017 -1.003 0.0, -0.4021 -0.9997 0.0, -0.4023 -0.9981 0.0039, -0.4023 -0.9981 0.0, -0.4024 -0.9967 0.0039, -0.4024 -0.9967 0.0, -0.4026 -0.9956 0.0039, -0.4026 -0.9956 0.0, -0.4027 -0.9949 0.0039, -0.4027 -0.9949 0.0, -0.4029 -0.9944 0.0039, -0.4029 -0.9944 0.0, -0.403 -0.9941 0.0039, -0.403 -0.9941 0.0, -0.4031 -0.9939 0.0039, -0.4031 -0.9939 0.0, -0.4033 -0.9937 0.0039, -0.4033 -0.9937 0.0, -0.4035 -0.9936 0.0039, -0.4035 -0.9936 0.0, -0.4037 -0.9936 0.0039, -0.4037 -0.9936 0.0, -0.4039 -0.9936 0.0039, -0.4039 -0.9936 0.0, -0.4042 -0.9936 0.0039, -0.4042 -0.9936 0.0, -0.4045 -0.9938 0.0039, -0.4045 -0.9938 0.0, -0.4048 -0.994 0.0039, -0.4048 -0.994 0.0, -0.405 -0.9943 0.0039, -0.405 -0.9943 0.0, -0.4052 -0.9948 0.0039, -0.4052 -0.9948 0.0, -0.4054 -0.9956 0.0039, -0.4054 -0.9956 0.0, -0.4074 -1.0069 0.0039, -0.4074 -1.0069 0.0, -0.4062 -0.9997 0.0, -0.4241 -1.0757 0.0039, -0.4241 -1.0757 0.0, -0.4428 -1.1595 0.0039, -0.4612 -1.0763 0.0039, -0.4247 -1.08 0.0039, -0.4323 -1.0873 0.0039, -0.4394 -1.0825 0.0039, -0.4418 -1.0812 0.0039, -0.4501 -1.0786 0.0039, -0.4612 -1.0763 0.0, -0.4428 -1.1595 0.0, -0.4501 -1.0786 0.0, -0.4418 -1.0812 0.0, -0.4394 -1.0825 0.0, -0.4323 -1.0873 0.0, -0.4247 -1.08 0.0, -0.5853 -1.1689 0.0039, -0.5853 -1.1689 0.0, -0.5802 -1.1646 0.0039, -0.5802 -1.1646 0.0, -0.5865 -1.1699 0.0039, -0.5865 -1.1699 0.0, -0.5873 -1.1708 0.0039, -0.5873 -1.1708 0.0, -0.5878 -1.1719 0.0039, -0.5878 -1.1719 0.0, -0.5879 -1.1725 0.0039, -0.5879 -1.1725 0.0, -0.5879 -1.1732 0.0039, -0.5879 -1.1732 0.0, -0.5877 -1.1739 0.0039, -0.5877 -1.1739 0.0, -0.5875 -1.1744 0.0039, -0.5875 -1.1744 0.0, -0.5871 -1.1748 0.0039, -0.5871 -1.1748 0.0, -0.5867 -1.1751 0.0039, -0.5867 -1.1751 0.0, -0.5816 -1.1742 0.0039, -0.5816 -1.1742 0.0, -0.5757 -1.1742 0.0039, -0.5757 -1.1742 0.0, -0.5733 -1.1747 0.0039, -0.5733 -1.1747 0.0, -0.5709 -1.1751 0.0039, -0.5709 -1.1751 0.0, -0.5649 -1.1757 0.0039, -0.5649 -1.1757 0.0, -0.5542 -1.1788 0.0039, -0.5542 -1.1788 0.0, -0.548 -1.18 0.0039, -0.548 -1.18 0.0, -0.5417 -1.1805 0.0039, -0.5417 -1.1805 0.0, -0.5329 -1.1799 0.0039, -0.5329 -1.1799 0.0, -0.5265 -1.1784 0.0039, -0.5265 -1.1784 0.0, -0.5213 -1.1757 0.0039, -0.5213 -1.1757 0.0, -0.5167 -1.1715 0.0039, -0.5167 -1.1715 0.0, -0.5121 -1.165 0.0039, -0.5121 -1.165 0.0, -0.5078 -1.1534 0.0039, -0.5078 -1.1534 0.0, -0.5036 -1.1217 0.0039, -0.5036 -1.1217 0.0, -0.5023 -1.0825 0.0039, -0.5023 -1.0825 0.0, -0.5052 -1.0491 0.0039, -0.5052 -1.0491 0.0, -0.5106 -1.0304 0.0039, -0.5106 -1.0304 0.0, -0.5165 -1.0199 0.0039, -0.5165 -1.0199 0.0, -0.5214 -1.014 0.0039, -0.5214 -1.014 0.0, -0.5269 -1.0099 0.0039, -0.5269 -1.0099 0.0, -0.5322 -1.0078 0.0039, -0.5322 -1.0078 0.0, -0.5527 -1.0046 0.0039, -0.5527 -1.0046 0.0, -0.5652 -1.0032 0.0039, -0.5652 -1.0032 0.0, -0.5698 -1.002 0.0039, -0.5698 -1.002 0.0, -0.5728 -1.0002 0.0039, -0.5728 -1.0002 0.0, -0.5736 -0.9997 0.0, -0.5737 -0.9996 0.0039, -0.5737 -0.9996 0.0, -0.574 -0.9996 0.0039, -0.574 -0.9996 0.0, -0.5747 -0.9996 0.0, -0.5747 -0.9996 0.0039, -0.575 -0.9997 0.0, -0.5753 -0.9998 0.0039, -0.5753 -0.9998 0.0, -0.5771 -1.0012 0.0039, -0.5771 -1.0012 0.0, -0.5812 -1.0049 0.0039, -0.5812 -1.0049 0.0, -0.5825 -1.0064 0.0039, -0.5825 -1.0064 0.0, -0.5859 -1.01 0.0039, -0.5859 -1.01 0.0, -0.5866 -1.0108 0.0039, -0.5866 -1.0108 0.0, -0.5871 -1.0114 0.0039, -0.5871 -1.0114 0.0, -0.5874 -1.0119 0.0039, -0.5874 -1.0119 0.0, -0.5876 -1.0122 0.0039, -0.5876 -1.0122 0.0, -0.5877 -1.0125 0.0039, -0.5877 -1.0125 0.0, -0.5877 -1.0128 0.0039, -0.5877 -1.0128 0.0, -0.5876 -1.0132 0.0039, -0.5876 -1.0132 0.0, -0.5874 -1.0138 0.0039, -0.5874 -1.0138 0.0, -0.5873 -1.014 0.0039, -0.5873 -1.014 0.0, -0.5871 -1.0141 0.0039, -0.5871 -1.0141 0.0, -0.587 -1.0142 0.0039, -0.587 -1.0142 0.0, -0.5867 -1.0143 0.0039, -0.5867 -1.0143 0.0, -0.586 -1.0144 0.0039, -0.586 -1.0144 0.0, -0.585 -1.0143 0.0039, -0.585 -1.0143 0.0, -0.5811 -1.0143 0.0039, -0.5811 -1.0143 0.0, -0.5765 -1.0143 0.0039, -0.5765 -1.0143 0.0, -0.5765 -1.1627 0.0039, -0.5765 -1.1627 0.0, -0.5784 -1.1635 0.0039, -0.5784 -1.1635 0.0, -0.5686 -1.1646 0.0039, -0.5686 -1.0148 0.0039, -0.5323 -1.019 0.0039, -0.5386 -1.0174 0.0039, -0.5474 -1.0163 0.0039, -0.5598 -1.0148 0.0039, -0.5277 -1.021 0.0039, -0.5642 -1.0147 0.0039, -0.5632 -1.1669 0.0039, -0.5512 -1.1697 0.0039, -0.5389 -1.1706 0.0039, -0.5314 -1.1691 0.0039, -0.5109 -1.0657 0.0039, -0.5154 -1.0406 0.0039, -0.521 -1.028 0.0039, -0.5243 -1.0237 0.0039, -0.5259 -1.167 0.0039, -0.5226 -1.1646 0.0039, -0.5192 -1.1605 0.0039, -0.516 -1.1544 0.0039, -0.5136 -1.1459 0.0039, -0.5103 -1.1074 0.0039, -0.5474 -1.0163 0.0, -0.5598 -1.0148 0.0, -0.5386 -1.0174 0.0, -0.5323 -1.019 0.0, -0.5277 -1.021 0.0, -0.5243 -1.0237 0.0, -0.521 -1.028 0.0, -0.5154 -1.0406 0.0, -0.5109 -1.0657 0.0, -0.5103 -1.1074 0.0, -0.5136 -1.1459 0.0, -0.516 -1.1544 0.0, -0.5192 -1.1605 0.0, -0.5226 -1.1646 0.0, -0.5259 -1.167 0.0, -0.5314 -1.1691 0.0, -0.5389 -1.1706 0.0, -0.5512 -1.1697 0.0, -0.5632 -1.1669 0.0, -0.5686 -1.1646 0.0, -0.5686 -1.0148 0.0, -0.5642 -1.0147 0.0, -0.6465 -1.104 0.0039, -0.6465 -1.104 0.0, -0.6703 -1.1009 0.0039, -0.6703 -1.1009 0.0, -0.6367 -1.106 0.0039, -0.6367 -1.106 0.0, -0.6304 -1.1082 0.0039, -0.6304 -1.1082 0.0, -0.6276 -1.11 0.0039, -0.6276 -1.11 0.0, -0.625 -1.1114 0.0039, -0.625 -1.1114 0.0, -0.6168 -1.1032 0.0039, -0.6168 -1.1032 0.0, -0.6162 -1.1024 0.0039, -0.6162 -1.1024 0.0, -0.6158 -1.1018 0.0039, -0.6158 -1.1018 0.0, -0.6156 -1.1012 0.0039, -0.6156 -1.1012 0.0, -0.6155 -1.1007 0.0039, -0.6155 -1.1007 0.0, -0.6156 -1.1003 0.0039, -0.6156 -1.1003 0.0, -0.6157 -1.0998 0.0039, -0.6157 -1.0998 0.0, -0.6161 -1.0992 0.0039, -0.6161 -1.0992 0.0, -0.6165 -1.0989 0.0039, -0.6165 -1.0989 0.0, -0.617 -1.0986 0.0039, -0.617 -1.0986 0.0, -0.6175 -1.0984 0.0039, -0.6175 -1.0984 0.0, -0.6182 -1.0983 0.0039, -0.6182 -1.0983 0.0, -0.6703 -1.091 0.0039, -0.6703 -1.091 0.0, -0.6703 -1.0143 0.0039, -0.6703 -1.0143 0.0, -0.6281 -1.0202 0.0039, -0.6281 -1.0202 0.0, -0.624 -1.0213 0.0039, -0.624 -1.0213 0.0, -0.6202 -1.0231 0.0039, -0.6202 -1.0231 0.0, -0.6177 -1.0245 0.0039, -0.6177 -1.0245 0.0, -0.6097 -1.0157 0.0039, -0.6097 -1.0157 0.0, -0.6089 -1.0145 0.0039, -0.6089 -1.0145 0.0, -0.6086 -1.0138 0.0039, -0.6086 -1.0138 0.0, -0.6086 -1.0134 0.0039, -0.6086 -1.0134 0.0, -0.6086 -1.013 0.0039, -0.6086 -1.013 0.0, -0.6087 -1.0125 0.0039, -0.6087 -1.0125 0.0, -0.609 -1.012 0.0039, -0.609 -1.012 0.0, -0.6092 -1.0117 0.0039, -0.6092 -1.0117 0.0, -0.6094 -1.0115 0.0039, -0.6094 -1.0115 0.0, -0.6097 -1.0114 0.0039, -0.6097 -1.0114 0.0, -0.6098 -1.0113 0.0039, -0.6098 -1.0113 0.0, -0.6105 -1.0112 0.0039, -0.6105 -1.0112 0.0, -0.6114 -1.0111 0.0039, -0.6114 -1.0111 0.0, -0.6157 -1.0109 0.0039, -0.6157 -1.0109 0.0, -0.6371 -1.0083 0.0039, -0.6371 -1.0083 0.0, -0.6584 -1.0049 0.0039, -0.6584 -1.0049 0.0, -0.6714 -1.0027 0.0039, -0.6714 -1.0027 0.0, -0.6746 -1.0015 0.0039, -0.6746 -1.0015 0.0, -0.6766 -1.001 0.0039, -0.6766 -1.001 0.0, -0.678 -1.001 0.0039, -0.678 -1.001 0.0, -0.6788 -1.0011 0.0039, -0.6788 -1.0011 0.0, -0.6794 -1.0014 0.0039, -0.6794 -1.0014 0.0, -0.6802 -1.0019 0.0039, -0.6802 -1.0019 0.0, -0.6807 -1.0027 0.0039, -0.6807 -1.0027 0.0, -0.681 -1.0033 0.0039, -0.681 -1.0033 0.0, -0.6812 -1.0044 0.0039, -0.6812 -1.0044 0.0, -0.6812 -1.006 0.0039, -0.6812 -1.006 0.0, -0.6811 -1.0066 0.0039, -0.6811 -1.0066 0.0, -0.6793 -1.0138 0.0039, -0.6793 -1.0138 0.0, -0.6785 -1.0211 0.0039, -0.6785 -1.0211 0.0, -0.6785 -1.0265 0.0039, -0.6785 -1.0265 0.0, -0.6784 -1.03 0.0039, -0.6784 -1.03 0.0, -0.6782 -1.0335 0.0039, -0.6782 -1.0335 0.0, -0.6785 -1.1632 0.0039, -0.6785 -1.1632 0.0, -0.6817 -1.167 0.0039, -0.6817 -1.167 0.0, -0.6837 -1.1693 0.0039, -0.6837 -1.1693 0.0, -0.6848 -1.171 0.0039, -0.6848 -1.171 0.0, -0.6852 -1.1719 0.0039, -0.6852 -1.1719 0.0, -0.6855 -1.1733 0.0039, -0.6855 -1.1733 0.0, -0.6855 -1.1742 0.0039, -0.6855 -1.1742 0.0, -0.6855 -1.1748 0.0039, -0.6855 -1.1748 0.0, -0.6855 -1.175 0.0039, -0.6855 -1.175 0.0, -0.6854 -1.1753 0.0039, -0.6854 -1.1753 0.0, -0.6853 -1.1754 0.0039, -0.6853 -1.1754 0.0, -0.6852 -1.1755 0.0039, -0.6852 -1.1755 0.0, -0.685 -1.1756 0.0039, -0.685 -1.1756 0.0, -0.6846 -1.1757 0.0039, -0.6846 -1.1757 0.0, -0.6839 -1.1757 0.0039, -0.6839 -1.1757 0.0, -0.6831 -1.1757 0.0039, -0.6831 -1.1757 0.0, -0.6777 -1.1748 0.0039, -0.6777 -1.1748 0.0, -0.6729 -1.1742 0.0039, -0.6729 -1.1742 0.0, -0.6681 -1.1742 0.0039, -0.6681 -1.1742 0.0, -0.6672 -1.1742 0.0039, -0.6672 -1.1742 0.0, -0.6617 -1.1744 0.0039, -0.6617 -1.1744 0.0, -0.6562 -1.1751 0.0039, -0.6562 -1.1751 0.0, -0.6451 -1.1771 0.0039, -0.6451 -1.1771 0.0, -0.6354 -1.179 0.0039, -0.6354 -1.179 0.0, -0.6277 -1.1818 0.0039, -0.6277 -1.1818 0.0, -0.6261 -1.1827 0.0039, -0.6261 -1.1827 0.0, -0.6244 -1.1839 0.0, -0.6236 -1.1844 0.0039, -0.6236 -1.1844 0.0, -0.6231 -1.1839 0.0, -0.6154 -1.1759 0.0039, -0.6154 -1.1759 0.0, -0.6149 -1.175 0.0039, -0.6149 -1.175 0.0, -0.6145 -1.1743 0.0039, -0.6145 -1.1743 0.0, -0.6143 -1.1738 0.0039, -0.6143 -1.1738 0.0, -0.6143 -1.1734 0.0039, -0.6143 -1.1734 0.0, -0.6143 -1.173 0.0039, -0.6143 -1.173 0.0, -0.6144 -1.1726 0.0039, -0.6144 -1.1726 0.0, -0.6147 -1.1723 0.0039, -0.6147 -1.1723 0.0, -0.6151 -1.1719 0.0039, -0.6151 -1.1719 0.0, -0.6156 -1.1716 0.0039, -0.6156 -1.1716 0.0, -0.6161 -1.1715 0.0039, -0.6161 -1.1715 0.0, -0.6168 -1.1714 0.0039, -0.6168 -1.1714 0.0, -0.6213 -1.1708 0.0039, -0.6213 -1.1708 0.0, -0.628 -1.1699 0.0039, -0.628 -1.1699 0.0, -0.6347 -1.1692 0.0039, -0.6347 -1.1692 0.0, -0.6703 -1.1632 0.0039, -0.6703 -1.1632 0.0, -0.7134 -1.1802 0.0039, -0.7134 -1.1802 0.0, -0.7177 -1.1802 0.0039, -0.7177 -1.1802 0.0, -0.7134 -1.1046 0.0039, -0.7134 -1.1046 0.0, -0.7188 -1.1046 0.0039, -0.7188 -1.1046 0.0, -0.7212 -1.1445 0.0039, -0.7212 -1.1445 0.0, -0.7247 -1.1573 0.0039, -0.7247 -1.1573 0.0, -0.7282 -1.1643 0.0039, -0.7282 -1.1643 0.0, -0.7317 -1.1684 0.0039, -0.7317 -1.1684 0.0, -0.7354 -1.1713 0.0039, -0.7354 -1.1713 0.0, -0.7394 -1.173 0.0039, -0.7394 -1.173 0.0, -0.7437 -1.174 0.0039, -0.7437 -1.174 0.0, -0.7496 -1.1736 0.0039, -0.7496 -1.1736 0.0, -0.7547 -1.1719 0.0039, -0.7547 -1.1719 0.0, -0.7595 -1.1689 0.0039, -0.7595 -1.1689 0.0, -0.764 -1.1645 0.0039, -0.764 -1.1645 0.0, -0.7689 -1.1568 0.0039, -0.7689 -1.1568 0.0, -0.7755 -1.1378 0.0039, -0.7755 -1.1378 0.0, -0.7781 -1.123 0.0039, -0.7781 -1.123 0.0, -0.7791 -1.078 0.0039, -0.7791 -1.078 0.0, -0.7721 -1.0375 0.0039, -0.7721 -1.0375 0.0, -0.7678 -1.026 0.0039, -0.7678 -1.026 0.0, -0.7614 -1.0169 0.0039, -0.7614 -1.0169 0.0, -0.7573 -1.0131 0.0039, -0.7573 -1.0131 0.0, -0.7537 -1.011 0.0039, -0.7537 -1.011 0.0, -0.7499 -1.0098 0.0039, -0.7499 -1.0098 0.0, -0.746 -1.0095 0.0039, -0.746 -1.0095 0.0, -0.7396 -1.0099 0.0039, -0.7396 -1.0099 0.0, -0.7334 -1.0123 0.0039, -0.7334 -1.0123 0.0, -0.7283 -1.0158 0.0039, -0.7283 -1.0158 0.0, -0.7241 -1.0206 0.0039, -0.7241 -1.0206 0.0, -0.7205 -1.028 0.0039, -0.7205 -1.028 0.0, -0.7164 -1.0467 0.0039, -0.7164 -1.0467 0.0, -0.7152 -1.0551 0.0039, -0.7152 -1.0551 0.0, -0.7137 -1.07 0.0039, -0.7137 -1.07 0.0, -0.7092 -1.0698 0.0039, -0.7092 -1.0698 0.0, -0.7113 -1.036 0.0039, -0.7113 -1.036 0.0, -0.7146 -1.0233 0.0039, -0.7146 -1.0233 0.0, -0.7194 -1.0135 0.0039, -0.7194 -1.0135 0.0, -0.7231 -1.0088 0.0039, -0.7231 -1.0088 0.0, -0.7285 -1.0044 0.0039, -0.7285 -1.0044 0.0, -0.7354 -1.0013 0.0039, -0.7354 -1.0013 0.0, -0.742 -1.0001 0.0039, -0.742 -1.0001 0.0, -0.7493 -1.0004 0.0039, -0.7493 -1.0004 0.0, -0.7568 -1.0027 0.0039, -0.7568 -1.0027 0.0, -0.7633 -1.0065 0.0039, -0.7633 -1.0065 0.0, -0.7681 -1.0113 0.0039, -0.7681 -1.0113 0.0, -0.7745 -1.0219 0.0039, -0.7745 -1.0219 0.0, -0.7824 -1.0456 0.0039, -0.7824 -1.0456 0.0, -0.7855 -1.0648 0.0039, -0.7855 -1.0648 0.0, -0.7856 -1.1219 0.0039, -0.7856 -1.1219 0.0, -0.7788 -1.1526 0.0039, -0.7788 -1.1526 0.0, -0.7728 -1.1661 0.0039, -0.7728 -1.1661 0.0, -0.767 -1.1736 0.0039, -0.767 -1.1736 0.0, -0.7582 -1.1804 0.0039, -0.7582 -1.1804 0.0, -0.754 -1.1824 0.0039, -0.754 -1.1824 0.0, -0.75 -1.1832 0.0039, -0.75 -1.1832 0.0, -0.746 -1.1833 0.0039, -0.746 -1.1833 0.0, -0.7377 -1.1811 0.0039, -0.7377 -1.1811 0.0, -0.7311 -1.1775 0.0039, -0.7311 -1.1775 0.0, -0.7255 -1.1724 0.0039, -0.7255 -1.1724 0.0, -0.7222 -1.168 0.0039, -0.7222 -1.168 0.0, -0.7197 -1.1635 0.0039, -0.7197 -1.1635 0.0, -0.8578 -1.1751 0.0039, -0.8578 -1.1751 0.0, -0.8703 -1.1907 0.0039, -0.8648 -1.1839 0.0, -0.8703 -1.1907 0.0, -0.8607 -1.1689 0.0039, -0.8607 -1.1689 0.0, -0.862 -1.1609 0.0039, -0.862 -1.1609 0.0, -0.862 -1.1572 0.0039, -0.862 -1.1572 0.0, -0.862 -1.0129 0.0039, -0.862 -1.0129 0.0, -0.8403 -1.0147 0.0039, -0.8403 -1.0147 0.0, -0.8299 -1.0163 0.0039, -0.8299 -1.0163 0.0, -0.8264 -1.0171 0.0039, -0.8264 -1.0171 0.0, -0.8243 -1.0181 0.0039, -0.8243 -1.0181 0.0, -0.8217 -1.0203 0.0039, -0.8217 -1.0203 0.0, -0.8208 -1.0209 0.0039, -0.8208 -1.0209 0.0, -0.8199 -1.0213 0.0039, -0.8199 -1.0213 0.0, -0.8133 -1.0155 0.0039, -0.8133 -1.0155 0.0, -0.8102 -1.0127 0.0039, -0.8102 -1.0127 0.0, -0.8091 -1.0115 0.0039, -0.8091 -1.0115 0.0, -0.8086 -1.0106 0.0039, -0.8086 -1.0106 0.0, -0.8084 -1.0097 0.0039, -0.8084 -1.0097 0.0, -0.8083 -1.0086 0.0039, -0.8083 -1.0086 0.0, -0.8086 -1.008 0.0039, -0.8086 -1.008 0.0, -0.8088 -1.0077 0.0039, -0.8088 -1.0077 0.0, -0.8092 -1.0075 0.0039, -0.8092 -1.0075 0.0, -0.8099 -1.0072 0.0039, -0.8099 -1.0072 0.0, -0.811 -1.0071 0.0039, -0.811 -1.0071 0.0, -0.8159 -1.007 0.0039, -0.8159 -1.007 0.0, -0.8231 -1.0059 0.0039, -0.8231 -1.0059 0.0, -0.8418 -1.004 0.0039, -0.8418 -1.004 0.0, -0.8479 -1.0035 0.0039, -0.8479 -1.0035 0.0, -0.8598 -1.0024 0.0039, -0.8598 -1.0024 0.0, -0.8663 -1.0018 0.0039, -0.8663 -1.0018 0.0, -0.8678 -1.0014 0.0039, -0.8678 -1.0014 0.0, -0.8686 -1.0013 0.0039, -0.8686 -1.0013 0.0, -0.8691 -1.0014 0.0039, -0.8691 -1.0014 0.0, -0.8696 -1.0016 0.0039, -0.8696 -1.0016 0.0, -0.8699 -1.0018 0.0039, -0.8699 -1.0018 0.0, -0.8703 -1.0023 0.0039, -0.8703 -1.0023 0.0, -0.8707 -1.0031 0.0039, -0.8707 -1.0031 0.0, -0.8709 -1.0038 0.0039, -0.8709 -1.0038 0.0, -0.8709 -1.0054 0.0039, -0.8709 -1.0054 0.0, -0.8701 -1.0123 0.0039, -0.8701 -1.0123 0.0, -0.87 -1.014 0.0039, -0.87 -1.014 0.0, -0.8694 -1.0307 0.0039, -0.8694 -1.0307 0.0, -0.8694 -1.1581 0.0039, -0.8694 -1.1581 0.0, -0.8696 -1.1719 0.0, -0.8696 -1.1719 0.0039, -0.8714 -1.1839 0.0, -0.8717 -1.1856 0.0039, -0.8717 -1.1856 0.0, -0.8722 -1.1884 0.0039, -0.8722 -1.1884 0.0
            ]
        }
        coordIndex [
            0,1,2,-1,2,1,3,-1,4,5,0,-1,0,5,1,-1,6,7,4,-1,4,7,8,-1,4,8,5,-1,7,6,9,-1,7,9,10,-1,10,9,11,-1,10,11,12,-1,12,11,13,-1,12,13,14,-1,14,13,15,-1,14,15,16,-1,16,15,17,-1,16,17,18,-1,18,17,19,-1,18,19,20,-1,20,19,21,-1,20,21,22,-1,22,21,23,-1,22,23,24,-1,24,23,25,-1,24,25,26,-1,26,25,27,-1,26,27,28,-1,28,27,29,-1,28,29,30,-1,30,29,31,-1,30,31,32,-1,32,31,33,-1,32,33,34,-1,34,33,35,-1,34,35,36,-1,36,35,37,-1,37,35,38,-1,37,38,39,-1,40,41,38,-1,38,41,39,-1,41,40,42,-1,41,42,43,-1,43,42,44,-1,43,44,45,-1,45,44,46,-1,45,46,47,-1,47,46,48,-1,47,48,49,-1,50,51,48,-1,48,51,49,-1,51,50,52,-1,51,52,53,-1,53,52,54,-1,53,54,55,-1,55,54,56,-1,56,54,57,-1,56,57,58,-1,59,60,57,-1,57,60,58,-1,61,62,59,-1,59,62,63,-1,59,63,60,-1,64,65,61,-1,61,65,62,-1,65,64,66,-1,65,66,67,-1,67,66,68,-1,67,68,69,-1,70,71,68,-1,68,71,69,-1,71,70,72,-1,71,72,73,-1,73,72,74,-1,73,74,75,-1,75,74,76,-1,75,76,77,-1,77,76,78,-1,77,78,79,-1,79,78,80,-1,79,80,81,-1,81,80,82,-1,81,82,83,-1,83,82,84,-1,83,84,85,-1,85,84,86,-1,85,86,87,-1,87,86,88,-1,87,88,89,-1,90,91,88,-1,88,91,89,-1,91,90,92,-1,92,90,93,-1,92,93,94,-1,94,93,95,-1,94,95,96,-1,96,95,97,-1,96,97,98,-1,98,97,99,-1,98,99,100,-1,100,99,101,-1,100,101,102,-1,102,101,103,-1,102,103,104,-1,104,103,105,-1,104,105,106,-1,106,105,107,-1,106,107,108,-1,108,107,109,-1,108,109,110,-1,110,109,111,-1,110,111,112,-1,112,111,113,-1,112,113,114,-1,114,113,115,-1,114,115,116,-1,116,115,117,-1,116,117,118,-1,118,117,119,-1,118,119,120,-1,120,119,121,-1,120,121,122,-1,122,121,123,-1,122,123,124,-1,124,123,125,-1,124,125,126,-1,127,128,125,-1,125,128,129,-1,125,129,126,-1,130,131,127,-1,127,131,128,-1,130,2,131,-1,131,2,3,-1,132,57,133,-1,133,57,54,-1,6,4,35,-1,130,134,135,-1,74,72,127,-1,127,72,70,-1,135,136,130,-1,130,136,137,-1,130,137,2,-1,2,137,138,-1,52,0,54,-1,54,0,2,-1,54,2,133,-1,133,2,138,-1,70,68,127,-1,127,68,66,-1,127,66,130,-1,130,66,64,-1,130,64,134,-1,134,64,61,-1,134,61,132,-1,132,61,59,-1,132,59,57,-1,0,40,4,-1,4,40,38,-1,4,38,35,-1,97,95,125,-1,125,95,93,-1,125,93,127,-1,127,93,90,-1,90,88,127,-1,127,88,86,-1,127,86,74,-1,74,86,84,-1,74,84,76,-1,52,50,0,-1,0,50,48,-1,0,48,46,-1,33,11,35,-1,35,11,9,-1,35,9,6,-1,46,44,0,-1,0,44,42,-1,0,42,40,-1,82,80,84,-1,84,80,78,-1,84,78,76,-1,121,103,123,-1,123,103,101,-1,123,101,125,-1,125,101,99,-1,125,99,97,-1,121,119,103,-1,103,119,117,-1,103,117,105,-1,31,15,33,-1,33,15,13,-1,33,13,11,-1,31,29,15,-1,15,29,27,-1,15,27,25,-1,19,17,21,-1,21,17,15,-1,21,15,23,-1,23,15,25,-1,113,111,115,-1,115,111,109,-1,115,109,117,-1,117,109,107,-1,117,107,105,-1,133,139,132,-1,132,139,140,-1,139,133,138,-1,139,138,141,-1,141,138,137,-1,141,137,142,-1,142,137,136,-1,142,136,143,-1,135,144,136,-1,136,144,143,-1,134,145,135,-1,135,145,144,-1,140,145,132,-1,132,145,134,-1,146,147,148,-1,148,147,149,-1,147,146,150,-1,147,150,151,-1,151,150,152,-1,151,152,153,-1,153,152,154,-1,153,154,155,-1,155,154,156,-1,155,156,157,-1,157,156,158,-1,157,158,159,-1,159,158,160,-1,159,160,161,-1,161,160,162,-1,161,162,163,-1,163,162,164,-1,163,164,165,-1,165,164,166,-1,165,166,167,-1,168,169,166,-1,166,169,167,-1,170,171,168,-1,168,171,169,-1,171,170,172,-1,171,172,173,-1,173,172,174,-1,173,174,175,-1,176,177,174,-1,174,177,175,-1,178,179,176,-1,176,179,177,-1,179,178,180,-1,179,180,181,-1,181,180,182,-1,181,182,183,-1,183,182,184,-1,183,184,185,-1,185,184,186,-1,185,186,187,-1,187,186,188,-1,187,188,189,-1,189,188,190,-1,189,190,191,-1,191,190,192,-1,191,192,193,-1,193,192,194,-1,193,194,195,-1,195,194,196,-1,195,196,197,-1,197,196,198,-1,197,198,199,-1,199,198,200,-1,199,200,201,-1,201,200,202,-1,201,202,203,-1,203,202,204,-1,203,204,205,-1,205,204,206,-1,205,206,207,-1,207,206,208,-1,207,208,209,-1,209,208,210,-1,209,210,211,-1,211,210,212,-1,211,212,213,-1,214,215,212,-1,212,215,213,-1,215,214,216,-1,215,216,217,-1,217,216,218,-1,217,218,219,-1,219,218,220,-1,220,218,221,-1,220,221,222,-1,222,221,223,-1,222,223,224,-1,225,224,226,-1,226,224,223,-1,225,226,227,-1,227,226,228,-1,227,228,229,-1,229,228,230,-1,229,230,231,-1,231,230,232,-1,231,232,233,-1,233,232,234,-1,233,234,235,-1,236,237,234,-1,234,237,235,-1,237,236,238,-1,237,238,239,-1,239,238,240,-1,239,240,241,-1,241,240,242,-1,241,242,243,-1,243,242,244,-1,243,244,245,-1,245,244,246,-1,245,246,247,-1,247,246,248,-1,247,248,249,-1,249,248,250,-1,249,250,251,-1,251,250,252,-1,251,252,253,-1,253,252,254,-1,253,254,255,-1,255,254,256,-1,255,256,257,-1,257,256,258,-1,257,258,259,-1,259,258,260,-1,259,260,261,-1,261,260,262,-1,261,262,263,-1,263,262,264,-1,263,264,265,-1,266,267,264,-1,264,267,265,-1,268,269,266,-1,266,269,267,-1,270,271,268,-1,268,271,269,-1,271,270,272,-1,271,272,273,-1,273,272,148,-1,273,148,149,-1,242,240,264,-1,170,168,274,-1,168,166,146,-1,146,166,164,-1,146,164,150,-1,146,148,168,-1,168,148,272,-1,168,272,274,-1,274,272,270,-1,274,270,275,-1,276,277,232,-1,232,277,278,-1,232,278,279,-1,240,238,264,-1,264,238,236,-1,264,236,266,-1,266,236,234,-1,266,234,268,-1,268,234,232,-1,232,230,276,-1,276,230,216,-1,276,216,280,-1,270,268,275,-1,275,268,232,-1,275,232,281,-1,281,232,279,-1,282,283,178,-1,178,283,180,-1,180,283,284,-1,180,284,182,-1,258,256,254,-1,178,176,282,-1,282,176,174,-1,282,174,274,-1,274,174,172,-1,274,172,170,-1,182,284,184,-1,184,284,285,-1,184,285,186,-1,264,250,248,-1,162,154,164,-1,164,154,152,-1,164,152,150,-1,162,160,154,-1,154,160,158,-1,154,158,156,-1,286,287,202,-1,250,264,252,-1,252,264,262,-1,252,262,254,-1,254,262,260,-1,254,260,258,-1,248,246,264,-1,264,246,244,-1,264,244,242,-1,226,223,228,-1,228,223,221,-1,228,221,230,-1,230,221,218,-1,230,218,216,-1,202,287,204,-1,216,214,280,-1,280,214,212,-1,280,212,210,-1,287,288,204,-1,204,288,289,-1,204,289,206,-1,206,289,280,-1,206,280,208,-1,208,280,210,-1,186,285,188,-1,188,285,290,-1,188,290,190,-1,190,290,291,-1,190,291,192,-1,192,291,292,-1,192,292,194,-1,292,293,194,-1,194,293,294,-1,194,294,196,-1,196,294,295,-1,196,295,198,-1,198,295,286,-1,198,286,200,-1,200,286,202,-1,278,296,279,-1,279,296,297,-1,296,278,277,-1,296,277,298,-1,298,277,276,-1,298,276,299,-1,299,276,280,-1,299,280,300,-1,300,280,289,-1,300,289,301,-1,301,289,288,-1,301,288,302,-1,302,288,287,-1,302,287,303,-1,303,287,286,-1,303,286,304,-1,304,286,295,-1,304,295,305,-1,305,295,294,-1,305,294,306,-1,306,294,293,-1,306,293,307,-1,307,293,292,-1,307,292,308,-1,308,292,291,-1,308,291,309,-1,309,291,290,-1,309,290,310,-1,310,290,285,-1,310,285,311,-1,311,285,284,-1,311,284,312,-1,312,284,283,-1,312,283,313,-1,313,283,282,-1,313,282,314,-1,274,315,282,-1,282,315,314,-1,275,316,274,-1,274,316,315,-1,316,275,281,-1,316,281,317,-1,317,281,279,-1,317,279,297,-1,318,319,320,-1,320,319,321,-1,319,318,322,-1,319,322,323,-1,323,322,324,-1,323,324,325,-1,325,324,326,-1,325,326,327,-1,328,329,326,-1,326,329,327,-1,330,331,328,-1,328,331,329,-1,331,330,332,-1,331,332,333,-1,333,332,334,-1,333,334,335,-1,335,334,336,-1,335,336,337,-1,337,336,338,-1,337,338,339,-1,339,338,340,-1,339,340,341,-1,341,340,342,-1,341,342,343,-1,343,342,344,-1,343,344,345,-1,345,344,346,-1,345,346,347,-1,347,346,348,-1,347,348,349,-1,349,348,350,-1,349,350,351,-1,351,350,352,-1,351,352,353,-1,354,355,352,-1,352,355,353,-1,356,357,354,-1,354,357,355,-1,358,359,356,-1,356,359,357,-1,359,358,360,-1,359,360,361,-1,361,360,362,-1,361,362,363,-1,364,365,362,-1,362,365,363,-1,366,367,364,-1,364,367,365,-1,367,366,368,-1,367,368,369,-1,369,368,370,-1,369,370,371,-1,371,370,372,-1,371,372,373,-1,373,372,374,-1,373,374,375,-1,375,374,376,-1,375,376,377,-1,377,376,378,-1,377,378,379,-1,379,378,380,-1,379,380,381,-1,381,380,382,-1,381,382,383,-1,383,382,384,-1,383,384,385,-1,385,384,386,-1,385,386,387,-1,387,386,388,-1,387,388,389,-1,389,388,390,-1,389,390,391,-1,392,393,390,-1,390,393,391,-1,393,392,394,-1,393,394,395,-1,395,394,396,-1,395,396,397,-1,398,399,396,-1,396,399,397,-1,399,398,400,-1,399,400,401,-1,401,400,402,-1,401,402,403,-1,403,402,404,-1,403,404,405,-1,405,404,406,-1,405,406,407,-1,407,406,408,-1,407,408,409,-1,409,408,410,-1,409,410,411,-1,411,410,412,-1,411,412,413,-1,413,412,414,-1,413,414,415,-1,415,414,416,-1,415,416,417,-1,417,416,418,-1,417,418,419,-1,419,418,420,-1,419,420,421,-1,421,420,422,-1,421,422,423,-1,423,422,424,-1,423,424,425,-1,426,427,424,-1,424,427,425,-1,427,426,428,-1,427,428,429,-1,429,428,430,-1,429,430,431,-1,432,433,430,-1,430,433,431,-1,433,432,434,-1,433,434,435,-1,435,434,436,-1,435,436,437,-1,437,436,438,-1,437,438,439,-1,439,438,440,-1,439,440,441,-1,441,440,442,-1,441,442,443,-1,443,442,444,-1,443,444,445,-1,445,444,446,-1,445,446,447,-1,447,446,448,-1,447,448,449,-1,449,448,450,-1,449,450,451,-1,451,450,452,-1,451,452,453,-1,453,452,454,-1,453,454,455,-1,455,454,456,-1,455,456,457,-1,457,456,458,-1,457,458,459,-1,459,458,460,-1,459,460,461,-1,461,460,462,-1,461,462,463,-1,464,465,462,-1,462,465,463,-1,465,464,466,-1,465,466,467,-1,467,466,468,-1,467,468,469,-1,470,471,468,-1,468,471,469,-1,471,470,472,-1,471,472,473,-1,473,472,474,-1,473,474,475,-1,476,477,474,-1,474,477,475,-1,477,476,478,-1,477,478,479,-1,479,478,480,-1,479,480,481,-1,481,480,482,-1,481,482,483,-1,483,482,484,-1,484,482,485,-1,484,485,486,-1,486,485,487,-1,487,485,488,-1,487,488,489,-1,489,488,490,-1,489,490,491,-1,491,490,492,-1,491,492,493,-1,493,492,494,-1,493,494,495,-1,495,494,496,-1,495,496,497,-1,497,496,498,-1,497,498,499,-1,499,498,500,-1,499,500,501,-1,501,500,502,-1,501,502,503,-1,503,502,504,-1,503,504,505,-1,505,504,506,-1,505,506,507,-1,507,506,508,-1,507,508,509,-1,509,508,510,-1,509,510,511,-1,512,513,510,-1,510,513,511,-1,513,512,514,-1,513,514,515,-1,515,514,516,-1,515,516,517,-1,518,519,516,-1,516,519,517,-1,518,320,519,-1,519,320,321,-1,402,400,356,-1,362,360,392,-1,392,360,358,-1,326,324,352,-1,400,398,356,-1,356,398,396,-1,356,396,358,-1,358,396,394,-1,358,394,392,-1,430,428,356,-1,428,426,356,-1,356,426,424,-1,356,424,422,-1,422,420,356,-1,356,420,418,-1,356,418,416,-1,320,354,318,-1,318,354,352,-1,318,352,322,-1,322,352,324,-1,362,392,364,-1,364,392,390,-1,364,390,366,-1,366,390,388,-1,366,388,386,-1,356,410,408,-1,436,434,518,-1,518,434,432,-1,518,432,320,-1,320,432,430,-1,320,430,354,-1,354,430,356,-1,416,414,356,-1,356,414,412,-1,356,412,410,-1,336,334,350,-1,350,334,352,-1,328,326,330,-1,330,326,352,-1,330,352,332,-1,332,352,334,-1,448,446,518,-1,518,446,444,-1,518,444,442,-1,386,384,366,-1,366,384,382,-1,366,382,380,-1,408,406,356,-1,356,406,404,-1,356,404,402,-1,496,494,508,-1,508,494,492,-1,508,492,510,-1,510,492,490,-1,510,490,488,-1,472,470,518,-1,518,470,468,-1,518,468,466,-1,466,464,518,-1,518,464,462,-1,518,462,460,-1,370,376,372,-1,372,376,374,-1,380,378,366,-1,366,378,376,-1,366,376,368,-1,368,376,370,-1,454,452,518,-1,518,452,450,-1,518,450,448,-1,442,440,518,-1,518,440,438,-1,518,438,436,-1,488,485,510,-1,510,485,482,-1,510,482,512,-1,512,482,480,-1,512,480,514,-1,514,480,478,-1,514,478,516,-1,516,478,476,-1,516,476,518,-1,518,476,474,-1,518,474,472,-1,460,458,518,-1,518,458,456,-1,518,456,454,-1,342,340,350,-1,350,340,338,-1,350,338,336,-1,502,508,504,-1,504,508,506,-1,502,500,508,-1,508,500,498,-1,508,498,496,-1,348,346,350,-1,350,346,344,-1,350,344,342,-1,520,521,522,-1,522,521,523,-1,524,525,520,-1,520,525,521,-1,526,527,524,-1,524,527,525,-1,527,526,528,-1,527,528,529,-1,529,528,530,-1,529,530,531,-1,531,530,532,-1,531,532,533,-1,533,532,534,-1,533,534,535,-1,535,534,536,-1,535,536,537,-1,537,536,538,-1,537,538,539,-1,539,538,540,-1,539,540,541,-1,541,540,542,-1,541,542,543,-1,543,542,544,-1,543,544,545,-1,545,544,546,-1,545,546,547,-1,547,546,548,-1,547,548,549,-1,549,548,550,-1,549,550,551,-1,551,550,552,-1,551,552,553,-1,553,552,554,-1,553,554,555,-1,555,554,556,-1,555,556,557,-1,557,556,558,-1,557,558,559,-1,559,558,560,-1,559,560,561,-1,561,560,562,-1,561,562,563,-1,563,562,564,-1,563,564,565,-1,565,564,566,-1,565,566,567,-1,567,566,568,-1,567,568,569,-1,569,568,570,-1,569,570,571,-1,571,570,572,-1,571,572,573,-1,573,572,574,-1,573,574,575,-1,575,574,576,-1,575,576,577,-1,577,576,578,-1,577,578,579,-1,579,578,580,-1,579,580,581,-1,581,580,582,-1,581,582,583,-1,583,582,584,-1,583,584,585,-1,586,587,584,-1,584,587,585,-1,588,589,586,-1,586,589,587,-1,589,588,590,-1,589,590,591,-1,591,590,592,-1,591,592,593,-1,593,592,594,-1,593,594,595,-1,595,594,596,-1,595,596,597,-1,597,596,598,-1,597,598,599,-1,599,598,600,-1,599,600,601,-1,601,600,602,-1,601,602,603,-1,603,602,604,-1,603,604,605,-1,605,604,606,-1,605,606,607,-1,607,606,608,-1,607,608,609,-1,609,608,610,-1,609,610,611,-1,611,610,612,-1,611,612,613,-1,613,612,614,-1,613,614,615,-1,615,614,616,-1,615,616,617,-1,617,616,618,-1,617,618,619,-1,619,618,620,-1,619,620,621,-1,621,620,622,-1,621,622,623,-1,623,622,624,-1,623,624,625,-1,625,624,626,-1,625,626,627,-1,627,626,628,-1,627,628,629,-1,629,628,630,-1,629,630,631,-1,631,630,632,-1,631,632,633,-1,633,632,634,-1,633,634,635,-1,635,634,636,-1,635,636,637,-1,637,636,638,-1,637,638,639,-1,639,638,640,-1,639,640,641,-1,642,643,640,-1,640,643,641,-1,642,522,643,-1,643,522,523,-1,524,520,642,-1,642,520,522,-1,640,536,642,-1,642,536,534,-1,642,534,532,-1,526,524,528,-1,528,524,642,-1,528,642,530,-1,530,642,532,-1,640,638,536,-1,536,638,636,-1,536,636,538,-1,538,636,634,-1,538,634,540,-1,540,634,632,-1,540,632,542,-1,632,630,542,-1,542,630,628,-1,542,628,544,-1,544,628,626,-1,544,626,546,-1,546,626,624,-1,546,624,548,-1,548,624,622,-1,548,622,550,-1,550,622,552,-1,552,622,620,-1,552,620,554,-1,554,620,618,-1,554,618,556,-1,556,618,616,-1,556,616,558,-1,558,616,614,-1,558,614,560,-1,560,614,612,-1,560,612,562,-1,562,612,610,-1,562,610,564,-1,564,610,608,-1,564,608,566,-1,566,608,606,-1,566,606,568,-1,568,606,604,-1,568,604,570,-1,570,604,602,-1,570,602,572,-1,572,602,600,-1,572,600,574,-1,574,600,598,-1,574,598,576,-1,576,598,596,-1,576,596,578,-1,578,596,594,-1,578,594,580,-1,580,594,592,-1,580,592,582,-1,582,592,590,-1,582,590,584,-1,584,590,588,-1,584,588,586,-1,644,645,646,-1,646,645,647,-1,646,647,648,-1,645,644,649,-1,645,649,650,-1,650,649,651,-1,650,651,652,-1,652,651,653,-1,652,653,654,-1,655,656,653,-1,653,656,654,-1,656,655,657,-1,656,657,658,-1,658,657,659,-1,658,659,660,-1,660,659,661,-1,660,661,662,-1,662,661,663,-1,662,663,664,-1,664,663,665,-1,664,665,666,-1,666,665,667,-1,666,667,668,-1,668,667,669,-1,668,669,670,-1,670,669,671,-1,670,671,672,-1,672,671,673,-1,672,673,674,-1,674,673,675,-1,674,675,676,-1,676,675,677,-1,676,677,678,-1,678,677,679,-1,678,679,680,-1,680,679,681,-1,680,681,682,-1,682,681,683,-1,682,683,684,-1,684,683,685,-1,684,685,686,-1,686,685,687,-1,686,687,688,-1,688,687,689,-1,688,689,690,-1,690,689,691,-1,690,691,692,-1,692,691,693,-1,692,693,694,-1,694,693,695,-1,694,695,696,-1,696,695,697,-1,696,697,698,-1,698,697,699,-1,698,699,700,-1,701,702,699,-1,699,702,700,-1,703,704,701,-1,701,704,702,-1,704,703,705,-1,704,705,706,-1,706,705,707,-1,706,707,708,-1,708,707,709,-1,708,709,710,-1,710,709,711,-1,710,711,712,-1,712,711,713,-1,712,713,714,-1,714,713,715,-1,714,715,716,-1,716,715,717,-1,716,717,718,-1,718,717,719,-1,718,719,720,-1,720,719,721,-1,720,721,722,-1,722,721,723,-1,722,723,724,-1,724,723,725,-1,724,725,726,-1,727,728,725,-1,725,728,726,-1,729,730,727,-1,727,730,728,-1,731,730,732,-1,732,730,729,-1,731,732,733,-1,733,732,734,-1,733,734,735,-1,736,737,734,-1,734,737,735,-1,736,646,737,-1,737,646,648,-1,667,665,693,-1,693,665,663,-1,693,663,695,-1,669,667,671,-1,671,667,693,-1,671,693,673,-1,673,693,691,-1,673,691,675,-1,729,727,655,-1,655,727,725,-1,655,725,723,-1,663,661,695,-1,695,661,659,-1,695,659,697,-1,697,659,657,-1,646,736,644,-1,644,736,734,-1,644,734,649,-1,649,734,732,-1,649,732,651,-1,651,732,729,-1,651,729,653,-1,653,729,655,-1,723,721,655,-1,655,721,719,-1,655,719,717,-1,679,689,687,-1,689,679,691,-1,691,679,677,-1,691,677,675,-1,717,715,655,-1,655,715,713,-1,655,713,711,-1,711,709,655,-1,655,709,707,-1,655,707,705,-1,705,703,655,-1,655,703,701,-1,655,701,657,-1,657,701,699,-1,657,699,697,-1,687,685,679,-1,679,685,683,-1,679,683,681,-1,
        ]
    }
}
Shape{
    appearance Appearance {
        material  Material 	{
            diffuseColor 0.27450980392156865 0.49411764705882355 0.27450980392156865
            specularColor 0.0196078431372549 0.03529411764705882 0.0196078431372549
            ambientIntensity 0.5763
            transparency 0.0
            shininess 0.5
        }
    }
    geometry IndexedFaceSet {
        ccw TRUE
        solid FALSE
        coord DEF co Coordinate {
            point [
                -0.4323 -1.0873 0.0, -0.4247 -1.08 0.0, -0.4428 -1.1595 0.0, -0.4612 -1.0763 0.0, -0.4501 -1.0786 0.0, -0.4418 -1.0812 0.0, -0.4394 -1.0825 0.0, -0.5686 -1.1646 0.0, -0.5686 -1.0148 0.0, -0.5632 -1.1669 0.0, -0.5642 -1.0147 0.0, -0.5598 -1.0148 0.0, -0.5474 -1.0163 0.0, -0.5386 -1.0174 0.0, -0.5389 -1.1706 0.0, -0.5512 -1.1697 0.0, -0.5103 -1.1074 0.0, -0.5109 -1.0657 0.0, -0.5314 -1.1691 0.0, -0.5136 -1.1459 0.0, -0.516 -1.1544 0.0, -0.5323 -1.019 0.0, -0.5277 -1.021 0.0, -0.5243 -1.0237 0.0, -0.5192 -1.1605 0.0, -0.5226 -1.1646 0.0, -0.5259 -1.167 0.0, -0.521 -1.028 0.0, -0.5154 -1.0406 0.0, -0.7362 0.9842 1.5222, -0.7362 0.9842 1.8676, -0.2638 0.9842 1.5222, -0.2638 0.9842 1.8676, -0.7362 0.9842 0.7874, -0.7362 1.1811 0.7874, -0.7362 1.1811 1.1811, -0.2638 1.1811 0.7874, -0.2638 0.9842 0.7874, -0.2638 1.1811 1.1811
            ]
        }
        coordIndex [
            0,1,2,-1,2,3,4,-1,4,5,2,-1,2,5,6,-1,2,6,0,-1,7,8,9,-1,9,8,10,-1,10,11,9,-1,9,11,12,-1,9,12,13,-1,14,15,16,-1,16,15,9,-1,16,9,17,-1,14,16,18,-1,18,16,19,-1,18,19,20,-1,13,21,9,-1,9,21,22,-1,9,22,23,-1,20,24,18,-1,18,24,25,-1,18,25,26,-1,23,27,9,-1,9,27,28,-1,9,28,17,-1,29,30,31,-1,31,30,32,-1,33,34,29,-1,29,34,35,-1,29,35,30,-1,36,37,38,-1,38,37,31,-1,38,31,32,-1,37,36,33,-1,33,36,34,-1,
        ]
    }
}
Shape{
    appearance Appearance {
        material  Material 	{
            diffuseColor 0.6470588235294118 0.6196078431372549 0.5882352941176471
            specularColor 0.45098039215686275 0.43529411764705883 0.4117647058823529
            ambientIntensity 0.6242
            transparency 0.0
            shininess 0.5
        }
    }
    geometry IndexedFaceSet {
        ccw TRUE
        solid FALSE
        coord DEF co Coordinate {
            point [
                -1.1884 -0.1533 3.2205, -1.8116 -0.1533 3.2205, -1.7983 -0.1884 3.2205, -1.2017 -0.1884 3.2205, -1.7674 -0.2428 3.2205, -1.7267 -0.2903 3.2205, -1.6777 -0.3292 3.2205, -1.2733 -0.2903 3.2205, -1.2326 -0.2428 3.2205, -1.6222 -0.358 3.2205, -1.5622 -0.3757 3.2205, -1.5 -0.3817 3.2205, -1.4378 -0.3757 3.2205, -1.3778 -0.358 3.2205, -1.3223 -0.3292 3.2205, -1.7863 -0.3412 3.1417, -1.7813 -0.347 3.1417, -1.7795 -0.3451 3.1621, -1.7021 -0.4048 3.1417, -1.6517 -0.431 3.1417, -1.6507 -0.4285 3.1621, -1.3955 -0.445 3.1417, -1.3483 -0.431 3.1417, -1.3493 -0.4285 3.1621, -1.2137 -0.3412 3.1417, -1.1682 -0.2881 3.1417, -1.1704 -0.2865 3.1621, -1.1873 -0.1533 3.2205, -1.1831 -0.1968 3.2178, -1.1673 -0.1533 3.2179, -1.1671 -0.1533 3.2178, -1.1585 -0.1533 3.2151, -1.1658 -0.2045 3.2099, -1.1476 -0.1533 3.2095, -1.1412 -0.1533 3.2062, -1.1509 -0.2112 3.1974, -1.1338 -0.1533 3.2005, -1.1395 -0.2163 3.1811, -1.1212 -0.1533 3.1868, -1.1307 -0.1533 3.1971, -1.1094 -0.1533 3.1621, -1.1094 -0.1533 3.1624, -1.1323 -0.2195 3.1621, -1.1164 -0.1533 3.1793, -1.1175 -0.1533 3.1811, -1.1066 -0.1533 3.1417, -1.1076 -0.1533 3.1542, -1.1088 -0.1597 3.1417, -1.1299 -0.2206 3.1417, -1.1504 -0.2568 3.1417, -1.8934 -0.1533 3.1417, -1.8912 -0.1597 3.1417, -1.893 -0.1533 3.1498, -1.8905 -0.1533 3.1621, -1.8677 -0.2195 3.1621, -1.89 -0.1533 3.1644, -1.8605 -0.2163 3.1811, -1.8825 -0.1533 3.1812, -1.878 -0.1533 3.1878, -1.8491 -0.2112 3.1974, -1.8692 -0.1533 3.1971, -1.8418 -0.1533 3.215, -1.8524 -0.1533 3.2095, -1.8342 -0.2045 3.2099, -1.8591 -0.1533 3.206, -1.865 -0.1533 3.2015, -1.8348 -0.1533 3.2173, -1.8169 -0.1968 3.2178, -1.8329 -0.1533 3.2176, -1.815 -0.1533 3.2204, -1.3112 -0.3463 3.2178, -1.3702 -0.3769 3.2178, -1.3009 -0.3622 3.2099, -1.3631 -0.3945 3.2099, -1.292 -0.3759 3.1974, -1.357 -0.4096 3.1974, -1.2852 -0.3864 3.1811, -1.3523 -0.4212 3.1811, -1.2809 -0.393 3.1621, -1.5661 -0.3957 3.2178, -1.6298 -0.3769 3.2178, -1.5697 -0.4144 3.2099, -1.6369 -0.3945 3.2099, -1.5729 -0.4304 3.1974, -1.643 -0.4096 3.1974, -1.5752 -0.4427 3.1811, -1.6477 -0.4212 3.1811, -1.5767 -0.4504 3.1621, -1.7841 -0.2545 3.2178, -1.7996 -0.2654 3.2099, -1.8129 -0.2748 3.1974, -1.8232 -0.282 3.1811, -1.8296 -0.2865 3.1621, -1.1768 -0.282 3.1811, -1.1871 -0.2748 3.1974, -1.2004 -0.2654 3.2099, -1.2159 -0.2545 3.2178, -1.2187 -0.347 3.1417, -1.2205 -0.3451 3.1621, -1.226 -0.3394 3.1811, -1.2347 -0.3304 3.1974, -1.246 -0.3186 3.2099, -1.2592 -0.305 3.2178, -1.2795 -0.3952 3.1417, -1.2979 -0.4048 3.1417, -1.4228 -0.453 3.1417, -1.4233 -0.4504 3.1621, -1.4248 -0.4427 3.1811, -1.4271 -0.4304 3.1974, -1.4303 -0.4144 3.2099, -1.4339 -0.3957 3.2178, -1.5 -0.4021 3.2178, -1.5 -0.4211 3.2099, -1.5 -0.4374 3.1974, -1.5 -0.4499 3.1811, -1.5 -0.4578 3.1621, -1.5 -0.4604 3.1417, -1.5772 -0.453 3.1417, -1.6045 -0.445 3.1417, -1.7205 -0.3952 3.1417, -1.7191 -0.393 3.1621, -1.7148 -0.3864 3.1811, -1.708 -0.3759 3.1974, -1.6991 -0.3622 3.2099, -1.6888 -0.3463 3.2178, -1.7408 -0.305 3.2178, -1.754 -0.3186 3.2099, -1.7653 -0.3304 3.1974, -1.774 -0.3394 3.1811, -1.8318 -0.2881 3.1417, -1.8701 -0.2206 3.1417, -1.8496 -0.2568 3.1417, -1.2648 -0.0549 2.6435, -1.2728 0.006 1.8392, -1.2728 0.006 2.6435, -1.2963 0.0627 1.8392, -1.2963 0.0627 2.6435, -1.3337 0.1114 1.8392, -1.3337 0.1114 2.6435, -1.3824 0.1488 1.8392, -1.3824 0.1488 2.6435, -1.4391 0.1723 1.8392, -1.4391 0.1723 2.6435, -1.5 0.1803 1.8392, -1.5 0.1803 2.6435, -1.5609 0.1723 1.8392, -1.5609 0.1723 2.6435, -1.6176 0.1488 1.8392, -1.6176 0.1488 2.6435, -1.6663 0.1114 1.8392, -1.6663 0.1114 2.6435, -1.7037 0.0627 1.8392, -1.7037 0.0627 2.6435, -1.7272 0.006 1.8392, -1.7272 0.006 2.6435, -1.7352 -0.0549 1.8392, -1.7352 -0.0549 2.6435, -1.7272 -0.1158 1.8392, -1.7272 -0.1158 2.6435, -1.7037 -0.1725 1.8392, -1.7037 -0.1725 2.6435, -1.6663 -0.2212 1.8392, -1.6663 -0.2212 2.6435, -1.6176 -0.2586 1.8392, -1.6176 -0.2586 2.6435, -1.5609 -0.2821 1.8392, -1.5609 -0.2821 2.6435, -1.5 -0.2901 1.8392, -1.5 -0.2901 2.6435, -1.4391 -0.2821 1.8392, -1.4391 -0.2821 2.6435, -1.3824 -0.2586 1.8392, -1.3824 -0.2586 2.6435, -1.3337 -0.2212 1.8392, -1.3337 -0.2212 2.6435, -1.2963 -0.1725 1.8392, -1.2963 -0.1725 2.6435, -1.2728 -0.1158 1.8392, -1.2728 -0.1158 2.6435, -1.2648 -0.0549 1.8392
            ]
        }
        coordIndex [
            0,1,2,-1,0,2,3,-1,3,2,4,-1,3,4,5,-1,6,7,5,-1,5,7,8,-1,5,8,3,-1,6,9,7,-1,7,9,10,-1,7,10,11,-1,11,12,7,-1,7,12,13,-1,7,13,14,-1,15,16,17,-1,18,19,20,-1,21,22,23,-1,24,25,26,-1,0,3,27,-1,27,3,28,-1,27,28,29,-1,29,28,30,-1,30,28,31,-1,31,28,32,-1,31,32,33,-1,33,32,34,-1,34,32,35,-1,34,35,36,-1,37,38,35,-1,35,38,39,-1,35,39,36,-1,40,41,42,-1,42,41,43,-1,42,43,37,-1,37,43,44,-1,37,44,38,-1,45,46,47,-1,47,46,40,-1,47,40,48,-1,48,40,42,-1,48,42,49,-1,50,51,52,-1,52,51,53,-1,53,54,55,-1,55,54,56,-1,55,56,57,-1,57,56,58,-1,58,56,59,-1,58,59,60,-1,61,62,63,-1,63,62,64,-1,63,64,59,-1,59,64,65,-1,59,65,60,-1,61,63,66,-1,66,63,67,-1,66,67,68,-1,68,67,69,-1,69,67,2,-1,69,2,1,-1,14,13,70,-1,70,13,71,-1,70,71,72,-1,72,71,73,-1,72,73,74,-1,74,73,75,-1,74,75,76,-1,76,75,77,-1,76,77,78,-1,78,77,23,-1,10,9,79,-1,79,9,80,-1,79,80,81,-1,81,80,82,-1,81,82,83,-1,83,82,84,-1,83,84,85,-1,85,84,86,-1,85,86,87,-1,87,86,20,-1,4,2,88,-1,88,2,67,-1,88,67,89,-1,89,67,63,-1,89,63,90,-1,90,63,59,-1,90,59,91,-1,91,59,56,-1,91,56,92,-1,92,56,54,-1,25,49,26,-1,26,49,42,-1,26,42,93,-1,93,42,37,-1,93,37,94,-1,94,37,35,-1,94,35,95,-1,95,35,32,-1,95,32,96,-1,96,32,28,-1,96,28,8,-1,8,28,3,-1,97,24,98,-1,98,24,26,-1,98,26,99,-1,99,26,93,-1,99,93,100,-1,100,93,94,-1,100,94,101,-1,101,94,95,-1,101,95,102,-1,102,95,96,-1,102,96,7,-1,7,96,8,-1,7,14,102,-1,102,14,70,-1,102,70,101,-1,101,70,72,-1,101,72,100,-1,100,72,74,-1,100,74,99,-1,99,74,76,-1,99,76,98,-1,98,76,78,-1,98,78,97,-1,97,78,103,-1,23,22,78,-1,78,22,104,-1,78,104,103,-1,105,21,106,-1,106,21,23,-1,106,23,107,-1,107,23,77,-1,107,77,108,-1,108,77,75,-1,108,75,109,-1,109,75,73,-1,109,73,110,-1,110,73,71,-1,110,71,12,-1,12,71,13,-1,12,11,110,-1,110,11,111,-1,110,111,109,-1,109,111,112,-1,109,112,108,-1,108,112,113,-1,108,113,107,-1,107,113,114,-1,107,114,106,-1,106,114,115,-1,106,115,105,-1,105,115,116,-1,11,10,111,-1,111,10,79,-1,111,79,112,-1,112,79,81,-1,112,81,113,-1,113,81,83,-1,113,83,114,-1,114,83,85,-1,114,85,115,-1,115,85,87,-1,115,87,116,-1,116,87,117,-1,20,19,87,-1,87,19,118,-1,87,118,117,-1,119,18,120,-1,120,18,20,-1,120,20,121,-1,121,20,86,-1,121,86,122,-1,122,86,84,-1,122,84,123,-1,123,84,82,-1,123,82,124,-1,124,82,80,-1,124,80,6,-1,6,80,9,-1,6,5,124,-1,124,5,125,-1,124,125,123,-1,123,125,126,-1,123,126,122,-1,122,126,127,-1,122,127,121,-1,121,127,128,-1,121,128,120,-1,120,128,17,-1,120,17,119,-1,119,17,16,-1,129,15,92,-1,92,15,17,-1,92,17,91,-1,91,17,128,-1,91,128,90,-1,90,128,127,-1,90,127,89,-1,89,127,126,-1,89,126,88,-1,88,126,125,-1,88,125,4,-1,4,125,5,-1,53,51,54,-1,54,51,130,-1,54,130,92,-1,92,130,131,-1,92,131,129,-1,132,133,134,-1,134,133,135,-1,134,135,136,-1,136,135,137,-1,136,137,138,-1,138,137,139,-1,138,139,140,-1,140,139,141,-1,140,141,142,-1,142,141,143,-1,142,143,144,-1,144,143,145,-1,144,145,146,-1,146,145,147,-1,146,147,148,-1,148,147,149,-1,148,149,150,-1,150,149,151,-1,150,151,152,-1,152,151,153,-1,152,153,154,-1,154,153,155,-1,154,155,156,-1,156,155,157,-1,156,157,158,-1,158,157,159,-1,158,159,160,-1,160,159,161,-1,160,161,162,-1,162,161,163,-1,162,163,164,-1,164,163,165,-1,164,165,166,-1,166,165,167,-1,166,167,168,-1,168,167,169,-1,168,169,170,-1,170,169,171,-1,170,171,172,-1,172,171,173,-1,172,173,174,-1,174,173,175,-1,174,175,176,-1,176,175,177,-1,176,177,178,-1,178,177,179,-1,178,179,132,-1,132,179,133,-1,
        ]
    }
}
Shape{
    appearance Appearance {
        material  Material 	{
            diffuseColor 0.27450980392156865 0.49411764705882355 0.27450980392156865
            specularColor 0.0196078431372549 0.03529411764705882 0.0196078431372549
            ambientIntensity 0.5763
            transparency 0.0
            shininess 0.5
        }
    }
    geometry IndexedFaceSet {
        ccw TRUE
        solid FALSE
        coord DEF co Coordinate {
            point [
                -2.0 1.1811 0.0, -2.0 -0.9843 2.1654, -2.0 1.1811 1.1811, -2.0 -0.6361 3.4646, -2.0 0.5263 3.4646, -2.0 -0.9512 0.0, -2.0 -0.9997 0.0, -2.0 -1.1024 2.1654, -2.0 -1.1533 2.1586, -2.0 -1.1839 0.0, -2.0 -1.2008 2.139, -2.0 -1.2992 1.9685, -2.0 -1.2925 2.0195, -2.0 -1.2728 2.0669, -2.0 -1.2992 0.0, -2.0 -1.2416 2.1077, -1.1063 -0.8354 0.5543, -1.1063 -0.9093 0.0, -1.2638 -0.8354 0.5543, -1.4929 -0.9093 0.0, -1.7362 -0.8354 0.5543, -1.5983 -0.9093 0.0, -1.6973 -0.9093 0.0, -1.8937 -0.9093 0.0, -1.8937 -0.8354 0.5543, -1.883 -0.9093 0.0, -1.7983 -0.9093 0.0, -1.7362 -0.8354 1.3035, -1.8937 -0.8354 1.5292, -1.2638 -0.8354 1.3035, -1.1063 -0.8354 1.5292, -1.8937 -0.6872 1.5292, -1.1063 -0.6872 1.5292, -1.8937 -0.6872 2.6435, -1.1063 -0.6872 2.6435, -1.3337 -0.2212 2.6435, -1.2963 -0.1725 2.6435, -1.7037 -0.1725 2.6435, -1.6663 -0.2212 2.6435, -1.6176 -0.2586 2.6435, -1.3824 -0.2586 2.6435, -1.2963 0.0627 2.6435, -1.3337 0.1114 2.6435, -1.1063 0.6045 2.6435, -1.5609 -0.2821 2.6435, -1.5 -0.2901 2.6435, -1.4391 -0.2821 2.6435, -1.2728 -0.1158 2.6435, -1.2648 -0.0549 2.6435, -1.2728 0.006 2.6435, -1.5609 0.1723 2.6435, -1.6176 0.1488 2.6435, -1.8937 0.6045 2.6435, -1.6663 0.1114 2.6435, -1.7037 0.0627 2.6435, -1.7272 0.006 2.6435, -1.7352 -0.0549 2.6435, -1.7272 -0.1158 2.6435, -1.3824 0.1488 2.6435, -1.4391 0.1723 2.6435, -1.5 0.1803 2.6435, -1.8937 0.6045 2.4779, -1.1063 0.6045 2.4779, -1.8937 0.7633 1.9241, -1.1063 0.7633 1.9241, -1.4016 0.7633 1.5222, -1.1063 0.7633 1.5222, -1.4016 0.7633 1.5433, -1.5984 0.7633 1.5433, -1.5984 0.7633 1.5222, -1.8937 0.7633 1.5222, -1.4016 0.8198 1.5222, -1.1063 0.9842 1.5222, -1.8937 0.9842 1.5222, -1.7362 0.9842 1.5222, -1.5984 0.8198 1.5222, -1.2638 0.9842 1.5222, -1.7362 0.9842 0.7874, -1.8937 0.9842 0.0, -1.2638 0.9842 0.7874, -1.883 0.9842 0.0, -1.7983 0.9842 0.0, -1.6973 0.9842 0.0, -1.5983 0.9842 0.0, -1.4929 0.9842 0.0, -1.1063 0.9842 0.0, -1.2963 0.0627 2.6818, -1.2232 0.1049 2.6818, -1.3337 0.1114 2.6818, -1.274 0.1711 2.6818, -1.3824 0.1488 2.6818, -1.3402 0.2219 2.6818, -1.4391 0.1723 2.6818, -1.4173 0.2538 2.6818, -1.5 0.1803 2.6818, -1.5 0.2647 2.6818, -1.5609 0.1723 2.6818, -1.5827 0.2538 2.6818, -1.6176 0.1488 2.6818, -1.6598 0.2219 2.6818, -1.6663 0.1114 2.6818, -1.726 0.1711 2.6818, -1.7037 0.0627 2.6818, -1.7768 0.1049 2.6818, -1.7272 0.006 2.6818, -1.8087 0.0278 2.6818, -1.7352 -0.0549 2.6818, -1.8196 -0.0549 2.6818, -1.7272 -0.1158 2.6818, -1.8087 -0.1376 2.6818, -1.7037 -0.1725 2.6818, -1.7768 -0.2147 2.6818, -1.6663 -0.2212 2.6818, -1.726 -0.2809 2.6818, -1.6176 -0.2586 2.6818, -1.6598 -0.3317 2.6818, -1.5609 -0.2821 2.6818, -1.5827 -0.3636 2.6818, -1.5 -0.2901 2.6818, -1.5 -0.3745 2.6818, -1.4391 -0.2821 2.6818, -1.4173 -0.3636 2.6818, -1.3824 -0.2586 2.6818, -1.3402 -0.3317 2.6818, -1.3337 -0.2212 2.6818, -1.274 -0.2809 2.6818, -1.2963 -0.1725 2.6818, -1.2232 -0.2147 2.6818, -1.2728 -0.1158 2.6818, -1.1913 -0.1376 2.6818, -1.2648 -0.0549 2.6818, -1.1804 -0.0549 2.6818, -1.2728 0.006 2.6818, -1.1913 0.0278 2.6818, -1.1804 -0.0549 2.7983, -1.1913 0.0278 2.7983, -1.2232 0.1049 2.7983, -1.274 0.1711 2.7983, -1.3402 0.2219 2.7983, -1.4173 0.2538 2.7983, -1.5 0.2647 2.7983, -1.5827 0.2538 2.7983, -1.6598 0.2219 2.7983, -1.726 0.1711 2.7983, -1.7768 0.1049 2.7983, -1.8087 0.0278 2.7983, -1.8196 -0.0549 2.7983, -1.8087 -0.1376 2.7983, -1.7768 -0.2147 2.7983, -1.726 -0.2809 2.7983, -1.6598 -0.3317 2.7983, -1.5827 -0.3636 2.7983, -1.5 -0.3745 2.7983, -1.4173 -0.3636 2.7983, -1.3402 -0.3317 2.7983, -1.274 -0.2809 2.7983, -1.2232 -0.2147 2.7983, -1.1913 -0.1376 2.7983, -1.5 -0.4998 2.7983, -1.3848 -0.4847 2.7983, -1.2775 -0.4402 2.7983, -1.1854 -0.3695 2.7983, -1.1147 -0.2774 2.7983, -1.0702 -0.1701 2.7983, -1.0551 -0.0549 2.7983, -1.0702 0.0602 2.7983, -1.1147 0.1676 2.7983, -1.1854 0.2597 2.7983, -1.2775 0.3304 2.7983, -1.3848 0.3748 2.7983, -1.5 0.39 2.7983, -1.6152 0.3748 2.7983, -1.7225 0.3304 2.7983, -1.8146 0.2597 2.7983, -1.8853 0.1676 2.7983, -1.9298 0.0602 2.7983, -1.9449 -0.0549 2.7983, -1.9298 -0.1701 2.7983, -1.8853 -0.2774 2.7983, -1.8146 -0.3695 2.7983, -1.7225 -0.4402 2.7983, -1.6152 -0.4847 2.7983, -1.0551 -0.0549 3.4646, -1.0702 0.0602 3.4646, -1.1147 0.1676 3.4646, -1.1854 0.2597 3.4646, -1.2775 0.3304 3.4646, -1.3848 0.3748 3.4646, -1.5 0.39 3.4646, -1.6152 0.3748 3.4646, -1.7225 0.3304 3.4646, -1.8146 0.2597 3.4646, -1.8853 0.1676 3.4646, -1.9298 0.0602 3.4646, -1.9449 -0.0549 3.4646, -1.9298 -0.1701 3.4646, -1.8853 -0.2774 3.4646, -1.8146 -0.3695 3.4646, -1.7225 -0.4402 3.4646, -1.6152 -0.4847 3.4646, -1.5 -0.4998 3.4646, -1.3848 -0.4847 3.4646, -1.2775 -0.4402 3.4646, -1.1854 -0.3695 3.4646, -1.1147 -0.2774 3.4646, -1.0702 -0.1701 3.4646
            ]
        }
        coordIndex [
            0,1,2,-1,2,1,3,-1,2,3,4,-1,0,5,1,-1,1,5,6,-1,1,6,7,-1,7,6,8,-1,8,6,9,-1,8,9,10,-1,11,12,13,-1,9,14,10,-1,10,14,11,-1,10,11,15,-1,15,11,13,-1,16,17,18,-1,18,17,19,-1,18,19,20,-1,20,19,21,-1,20,21,22,-1,23,24,25,-1,25,24,20,-1,25,20,26,-1,26,20,22,-1,20,24,27,-1,27,24,28,-1,27,28,29,-1,29,28,30,-1,29,30,18,-1,18,30,16,-1,28,31,30,-1,30,31,32,-1,31,33,32,-1,32,33,34,-1,35,36,34,-1,37,38,33,-1,33,38,39,-1,35,34,40,-1,41,42,43,-1,39,44,33,-1,33,44,45,-1,33,45,34,-1,34,45,46,-1,34,46,40,-1,36,47,34,-1,34,47,48,-1,34,48,43,-1,43,48,49,-1,43,49,41,-1,50,51,52,-1,52,51,53,-1,52,53,54,-1,54,55,52,-1,52,55,56,-1,52,56,33,-1,33,56,57,-1,33,57,37,-1,42,58,43,-1,43,58,59,-1,43,59,52,-1,52,59,60,-1,52,60,50,-1,52,61,43,-1,43,61,62,-1,61,63,62,-1,62,63,64,-1,65,66,67,-1,67,66,64,-1,67,64,68,-1,68,64,63,-1,68,63,69,-1,69,63,70,-1,66,65,71,-1,66,71,72,-1,70,73,74,-1,69,70,75,-1,75,70,74,-1,75,74,71,-1,71,74,76,-1,71,76,72,-1,74,73,77,-1,77,73,78,-1,72,76,79,-1,78,80,77,-1,77,80,81,-1,77,81,82,-1,82,83,77,-1,77,83,84,-1,77,84,79,-1,79,84,85,-1,79,85,72,-1,78,73,23,-1,23,73,70,-1,61,52,33,-1,31,28,24,-1,61,33,63,-1,63,33,31,-1,63,31,70,-1,70,31,24,-1,70,24,23,-1,72,85,66,-1,66,85,17,-1,16,30,32,-1,17,16,66,-1,66,16,32,-1,66,32,64,-1,64,32,34,-1,64,34,62,-1,62,34,43,-1,86,87,88,-1,88,87,89,-1,88,89,90,-1,90,89,91,-1,90,91,92,-1,92,91,93,-1,92,93,94,-1,94,93,95,-1,94,95,96,-1,96,95,97,-1,96,97,98,-1,98,97,99,-1,98,99,100,-1,100,99,101,-1,100,101,102,-1,102,101,103,-1,102,103,104,-1,104,103,105,-1,104,105,106,-1,106,105,107,-1,106,107,108,-1,108,107,109,-1,108,109,110,-1,110,109,111,-1,110,111,112,-1,112,111,113,-1,112,113,114,-1,114,113,115,-1,114,115,116,-1,116,115,117,-1,116,117,118,-1,118,117,119,-1,118,119,120,-1,120,119,121,-1,120,121,122,-1,122,121,123,-1,122,123,124,-1,124,123,125,-1,124,125,126,-1,126,125,127,-1,126,127,128,-1,128,127,129,-1,128,129,130,-1,130,129,131,-1,130,131,132,-1,132,131,133,-1,132,133,86,-1,86,133,87,-1,131,134,133,-1,133,134,135,-1,133,135,87,-1,87,135,136,-1,87,136,89,-1,89,136,137,-1,89,137,91,-1,91,137,138,-1,91,138,93,-1,93,138,139,-1,93,139,95,-1,95,139,140,-1,95,140,97,-1,97,140,141,-1,97,141,99,-1,99,141,142,-1,99,142,101,-1,101,142,143,-1,101,143,103,-1,103,143,144,-1,103,144,105,-1,105,144,145,-1,105,145,107,-1,107,145,146,-1,107,146,109,-1,109,146,147,-1,109,147,111,-1,111,147,148,-1,111,148,113,-1,113,148,149,-1,113,149,115,-1,115,149,150,-1,115,150,117,-1,117,150,151,-1,117,151,119,-1,119,151,152,-1,119,152,121,-1,121,152,153,-1,121,153,123,-1,123,153,154,-1,123,154,125,-1,125,154,155,-1,125,155,127,-1,127,155,156,-1,127,156,129,-1,129,156,157,-1,129,157,131,-1,131,157,134,-1,152,158,153,-1,153,158,159,-1,153,159,154,-1,154,159,160,-1,154,160,155,-1,155,160,161,-1,155,161,156,-1,156,161,162,-1,156,162,157,-1,157,162,163,-1,157,163,134,-1,134,163,164,-1,134,164,135,-1,135,164,165,-1,135,165,136,-1,136,165,166,-1,136,166,137,-1,137,166,167,-1,137,167,138,-1,138,167,168,-1,138,168,139,-1,139,168,169,-1,139,169,140,-1,140,169,170,-1,140,170,141,-1,141,170,171,-1,141,171,142,-1,142,171,172,-1,142,172,143,-1,143,172,173,-1,143,173,144,-1,144,173,174,-1,144,174,145,-1,145,174,175,-1,145,175,146,-1,146,175,176,-1,146,176,147,-1,147,176,177,-1,147,177,148,-1,148,177,178,-1,148,178,149,-1,149,178,179,-1,149,179,150,-1,150,179,180,-1,150,180,151,-1,151,180,181,-1,151,181,152,-1,152,181,158,-1,164,182,165,-1,165,182,183,-1,165,183,166,-1,166,183,184,-1,166,184,167,-1,167,184,185,-1,167,185,168,-1,168,185,186,-1,168,186,169,-1,169,186,187,-1,169,187,170,-1,170,187,188,-1,170,188,171,-1,171,188,189,-1,171,189,172,-1,172,189,190,-1,172,190,173,-1,173,190,191,-1,173,191,174,-1,174,191,192,-1,174,192,175,-1,175,192,193,-1,175,193,176,-1,176,193,194,-1,176,194,177,-1,177,194,195,-1,177,195,178,-1,178,195,196,-1,178,196,179,-1,179,196,197,-1,179,197,180,-1,180,197,198,-1,180,198,181,-1,181,198,199,-1,181,199,158,-1,158,199,200,-1,158,200,159,-1,159,200,201,-1,159,201,160,-1,160,201,202,-1,160,202,161,-1,161,202,203,-1,161,203,162,-1,162,203,204,-1,162,204,163,-1,163,204,205,-1,163,205,164,-1,164,205,182,-1,
        ]
    }
}
Shape{
    appearance Appearance {
        material  Material 	{
            diffuseColor 0.6470588235294118 0.6196078431372549 0.5882352941176471
            specularColor 0.45098039215686275 0.43529411764705883 0.4117647058823529
            ambientIntensity 0.6242
            transparency 0.0
            shininess 0.5
        }
    }
    geometry IndexedFaceSet {
        ccw TRUE
        solid FALSE
        coord DEF co Coordinate {
            point [
                -1.7983 0.0786 3.2205, -1.8116 0.0435 3.2205, -1.1884 0.0435 3.2205, -1.2017 0.0786 3.2205, -1.2326 0.133 3.2205, -1.7674 0.133 3.2205, -1.2733 0.1805 3.2205, -1.6777 0.2194 3.2205, -1.7267 0.1805 3.2205, -1.3223 0.2194 3.2205, -1.3778 0.2482 3.2205, -1.4378 0.2659 3.2205, -1.5 0.2719 3.2205, -1.5622 0.2659 3.2205, -1.6222 0.2482 3.2205, -1.8934 0.0435 3.0236, -1.8934 0.0435 3.1417, -1.8912 0.0499 3.1417, -1.1066 -0.1533 3.0236, -1.1066 -0.1533 3.1417, -1.1088 -0.1597 3.1417, -1.1083 -0.1599 2.908, -1.0945 -0.0549 3.0236, -1.0945 -0.0549 2.908, -1.1066 0.0435 3.0236, -1.1083 0.0501 2.908, -1.8917 0.0501 2.908, -1.9055 -0.0549 3.0236, -1.9055 -0.0549 2.908, -1.8934 -0.1533 3.0236, -1.8917 -0.1599 2.908, -1.1299 -0.2206 3.1417, -1.1488 -0.2577 2.908, -1.2137 -0.3412 3.1417, -1.2132 -0.3417 2.908, -1.1682 -0.2881 3.1417, -1.1504 -0.2568 3.1417, -1.2187 -0.347 3.1417, -1.2795 -0.3952 3.1417, -1.2972 -0.4061 2.908, -1.2979 -0.4048 3.1417, -1.3483 -0.431 3.1417, -1.395 -0.4466 2.908, -1.3955 -0.445 3.1417, -1.4228 -0.453 3.1417, -1.5 -0.4604 2.908, -1.5 -0.4604 3.1417, -1.5772 -0.453 3.1417, -1.605 -0.4466 2.908, -1.7021 -0.4048 3.1417, -1.7028 -0.4061 2.908, -1.6517 -0.431 3.1417, -1.6045 -0.445 3.1417, -1.7205 -0.3952 3.1417, -1.7813 -0.347 3.1417, -1.7868 -0.3417 2.908, -1.7863 -0.3412 3.1417, -1.8318 -0.2881 3.1417, -1.8512 -0.2577 2.908, -1.8934 -0.1533 3.1417, -1.8912 -0.1597 3.1417, -1.8701 -0.2206 3.1417, -1.8496 -0.2568 3.1417, -1.8701 0.1108 3.1417, -1.8512 0.1479 2.908, -1.7863 0.2314 3.1417, -1.7868 0.2319 2.908, -1.8318 0.1783 3.1417, -1.8496 0.147 3.1417, -1.7813 0.2372 3.1417, -1.7205 0.2854 3.1417, -1.7028 0.2963 2.908, -1.7021 0.295 3.1417, -1.6517 0.3212 3.1417, -1.605 0.3368 2.908, -1.6045 0.3352 3.1417, -1.5772 0.3432 3.1417, -1.5 0.3506 2.908, -1.5 0.3506 3.1417, -1.4228 0.3432 3.1417, -1.395 0.3368 2.908, -1.2979 0.295 3.1417, -1.2972 0.2963 2.908, -1.3483 0.3212 3.1417, -1.3955 0.3352 3.1417, -1.2795 0.2854 3.1417, -1.2187 0.2372 3.1417, -1.2132 0.2319 2.908, -1.2137 0.2314 3.1417, -1.1682 0.1783 3.1417, -1.1488 0.1479 2.908, -1.1066 0.0435 3.1417, -1.1088 0.0499 3.1417, -1.1299 0.1108 3.1417, -1.1504 0.147 3.1417, -1.2728 -0.1158 2.908, -1.2963 -0.1725 2.908, -1.3337 -0.2212 2.908, -1.3824 -0.2586 2.908, -1.4391 -0.2821 2.908, -1.5 -0.2901 2.908, -1.5609 -0.2821 2.908, -1.6176 -0.2586 2.908, -1.6663 -0.2212 2.908, -1.7037 -0.1725 2.908, -1.7272 -0.1158 2.908, -1.7352 -0.0549 2.908, -1.7272 0.006 2.908, -1.7037 0.0627 2.908, -1.6663 0.1114 2.908, -1.6176 0.1488 2.908, -1.5609 0.1723 2.908, -1.5 0.1803 2.908, -1.4391 0.1723 2.908, -1.3824 0.1488 2.908, -1.3337 0.1114 2.908, -1.2963 0.0627 2.908, -1.2728 0.006 2.908, -1.2648 -0.0549 2.908, -1.2728 0.006 2.6818, -1.2963 0.0627 2.6818, -1.3337 0.1114 2.6818, -1.3824 0.1488 2.6818, -1.4391 0.1723 2.6818, -1.5 0.1803 2.6818, -1.5609 0.1723 2.6818, -1.6176 0.1488 2.6818, -1.6663 0.1114 2.6818, -1.7037 0.0627 2.6818, -1.7272 0.006 2.6818, -1.7352 -0.0549 2.6818, -1.7272 -0.1158 2.6818, -1.7037 -0.1725 2.6818, -1.6663 -0.2212 2.6818, -1.6176 -0.2586 2.6818, -1.5609 -0.2821 2.6818, -1.5 -0.2901 2.6818, -1.4391 -0.2821 2.6818, -1.3824 -0.2586 2.6818, -1.3337 -0.2212 2.6818, -1.2963 -0.1725 2.6818, -1.2728 -0.1158 2.6818, -1.2648 -0.0549 2.6818
            ]
        }
        coordIndex [
            0,1,2,-1,2,3,0,-1,0,3,4,-1,0,4,5,-1,6,7,4,-1,4,7,8,-1,4,8,5,-1,6,9,7,-1,7,9,10,-1,7,10,11,-1,11,12,7,-1,7,12,13,-1,7,13,14,-1,15,16,17,-1,18,19,20,-1,18,21,22,-1,22,21,23,-1,22,23,24,-1,24,23,25,-1,15,26,27,-1,27,26,28,-1,27,28,29,-1,29,28,30,-1,18,20,21,-1,21,20,31,-1,21,31,32,-1,33,34,35,-1,35,34,32,-1,35,32,36,-1,36,32,31,-1,33,37,34,-1,34,37,38,-1,34,38,39,-1,38,40,39,-1,39,40,41,-1,39,41,42,-1,41,43,42,-1,42,43,44,-1,42,44,45,-1,44,46,45,-1,45,46,47,-1,45,47,48,-1,49,50,51,-1,51,50,48,-1,51,48,52,-1,52,48,47,-1,49,53,50,-1,50,53,54,-1,50,54,55,-1,54,56,55,-1,55,56,57,-1,55,57,58,-1,59,29,60,-1,60,29,30,-1,60,30,61,-1,61,30,58,-1,61,58,62,-1,62,58,57,-1,15,17,26,-1,26,17,63,-1,26,63,64,-1,65,66,67,-1,67,66,64,-1,67,64,68,-1,68,64,63,-1,65,69,66,-1,66,69,70,-1,66,70,71,-1,70,72,71,-1,71,72,73,-1,71,73,74,-1,73,75,74,-1,74,75,76,-1,74,76,77,-1,76,78,77,-1,77,78,79,-1,77,79,80,-1,81,82,83,-1,83,82,80,-1,83,80,84,-1,84,80,79,-1,81,85,82,-1,82,85,86,-1,82,86,87,-1,86,88,87,-1,87,88,89,-1,87,89,90,-1,91,24,92,-1,92,24,25,-1,92,25,93,-1,93,25,90,-1,93,90,94,-1,94,90,89,-1,95,21,96,-1,96,21,32,-1,96,32,97,-1,97,32,34,-1,97,34,98,-1,98,34,39,-1,98,39,99,-1,99,39,42,-1,99,42,100,-1,100,42,45,-1,100,45,101,-1,101,45,48,-1,101,48,102,-1,102,48,50,-1,102,50,103,-1,103,50,55,-1,103,55,104,-1,104,55,58,-1,104,58,105,-1,105,58,30,-1,105,30,106,-1,106,30,28,-1,106,28,107,-1,107,28,26,-1,107,26,108,-1,108,26,64,-1,108,64,109,-1,109,64,66,-1,109,66,110,-1,110,66,71,-1,110,71,111,-1,111,71,74,-1,111,74,112,-1,112,74,77,-1,112,77,113,-1,113,77,80,-1,113,80,114,-1,114,80,82,-1,114,82,115,-1,115,82,87,-1,115,87,116,-1,116,87,90,-1,116,90,117,-1,117,90,25,-1,117,25,118,-1,118,25,23,-1,118,23,95,-1,95,23,21,-1,118,119,117,-1,117,119,120,-1,117,120,116,-1,116,120,121,-1,116,121,115,-1,115,121,122,-1,115,122,114,-1,114,122,123,-1,114,123,113,-1,113,123,124,-1,113,124,112,-1,112,124,125,-1,112,125,111,-1,111,125,126,-1,111,126,110,-1,110,126,127,-1,110,127,109,-1,109,127,128,-1,109,128,108,-1,108,128,129,-1,108,129,107,-1,107,129,130,-1,107,130,106,-1,106,130,131,-1,106,131,105,-1,105,131,132,-1,105,132,104,-1,104,132,133,-1,104,133,103,-1,103,133,134,-1,103,134,102,-1,102,134,135,-1,102,135,101,-1,101,135,136,-1,101,136,100,-1,100,136,137,-1,100,137,99,-1,99,137,138,-1,99,138,98,-1,98,138,139,-1,98,139,97,-1,97,139,140,-1,97,140,96,-1,96,140,141,-1,96,141,95,-1,95,141,142,-1,95,142,118,-1,118,142,119,-1,
        ]
    }
}
Shape{
    appearance Appearance {
        material  Material 	{
            diffuseColor 0.27450980392156865 0.49411764705882355 0.27450980392156865
            specularColor 0.0196078431372549 0.03529411764705882 0.0196078431372549
            ambientIntensity 0.5763
            transparency 0.0
            shininess 0.5
        }
    }
    geometry IndexedFaceSet {
        ccw TRUE
        solid FALSE
        coord DEF co Coordinate {
            point [
                -1.7362 -1.1024 1.8475, -1.7362 -1.0821 1.8475, -1.2638 -1.1024 1.8475, -1.2638 -1.0821 1.8475, -1.7362 -0.9942 1.3035, -1.2638 -0.9942 1.3035, -1.7362 -0.8354 1.3035, -1.2638 -0.8354 1.3035, -1.7362 -0.8354 0.5543, -1.7362 -0.9997 0.5543, -1.2638 -0.8354 0.5543, -1.2638 -0.9997 0.5543, -1.9331 -1.2992 0.2356, -1.0669 -1.2992 0.2356, -1.2638 -1.1024 0.445, -1.7362 -1.1024 0.445
            ]
        }
        coordIndex [
            0,1,2,-1,2,1,3,-1,1,4,3,-1,3,4,5,-1,4,6,5,-1,5,6,7,-1,8,9,10,-1,10,9,11,-1,12,13,14,-1,11,9,14,-1,14,9,15,-1,14,15,12,-1,4,1,0,-1,8,6,9,-1,9,6,4,-1,9,4,15,-1,15,4,0,-1,14,2,5,-1,5,2,3,-1,7,10,5,-1,5,10,11,-1,5,11,14,-1,
        ]
    }
}
Shape{
    appearance Appearance {
        material  Material 	{
            diffuseColor 0.6470588235294118 0.6196078431372549 0.5882352941176471
            specularColor 0.45098039215686275 0.43529411764705883 0.4117647058823529
            ambientIntensity 0.6242
            transparency 0.0
            shininess 0.5
        }
    }
    geometry IndexedFaceSet {
        ccw TRUE
        solid FALSE
        coord DEF co Coordinate {
            point [
                -1.2648 -0.0549 1.8392, -1.1457 -0.6375 1.8392, -1.1457 0.5848 1.8392, -1.2728 -0.1158 1.8392, -1.2963 -0.1725 1.8392, -1.3337 -0.2212 1.8392, -1.8543 0.5848 1.8392, -1.7037 0.0627 1.8392, -1.6663 0.1114 1.8392, -1.4391 0.1723 1.8392, -1.3824 0.1488 1.8392, -1.3337 0.1114 1.8392, -1.3824 -0.2586 1.8392, -1.4391 -0.2821 1.8392, -1.8543 -0.6375 1.8392, -1.5 -0.2901 1.8392, -1.5609 -0.2821 1.8392, -1.6176 -0.2586 1.8392, -1.6663 -0.2212 1.8392, -1.7037 -0.1725 1.8392, -1.7272 -0.1158 1.8392, -1.7352 -0.0549 1.8392, -1.7272 0.006 1.8392, -1.2963 0.0627 1.8392, -1.2728 0.006 1.8392, -1.6176 0.1488 1.8392, -1.5609 0.1723 1.8392, -1.5 0.1803 1.8392, -1.3031 -0.6375 0.6985, -1.1457 -0.6375 0.4087, -1.3031 -0.6375 1.5748, -1.6969 -0.6375 1.5748, -1.6969 -0.6375 0.6985, -1.8543 -0.6375 0.4087, -1.1457 0.5848 0.4087, -1.8543 0.5848 0.4087, -1.3031 0.5848 1.5748, -1.3031 0.5848 0.6985, -1.6969 0.5848 0.6985, -1.6969 0.5848 1.5748, -1.5984 0.7633 1.5433, -1.5984 0.6956 1.5517, -1.4016 0.7633 1.5433, -1.4016 0.6956 1.5517, -1.4016 0.9712 1.2761, -1.5984 0.9712 1.2761, -1.5984 0.9645 1.3365, -1.4016 0.9645 1.3365, -1.5984 0.9448 1.3938, -1.4016 0.9448 1.3938, -1.5984 0.913 1.4455, -1.4016 0.913 1.4455, -1.5984 0.8706 1.489, -1.4016 0.8706 1.489, -1.5984 0.8198 1.5222, -1.4016 0.8198 1.5222, -1.4016 -0.3824 1.5517, -1.4016 -0.3824 1.3549, -1.4016 0.6956 1.3549, -1.4016 0.7638 1.3155, -1.4016 0.7512 1.3318, -1.4016 0.7349 1.3443, -1.4016 0.7159 1.3522, -1.4016 0.7633 1.5222, -1.4016 -0.0984 -0.9842, -1.4016 0.0984 -0.9842, -1.4016 -0.0984 0.0478, -1.4016 0.0984 0.0478, -1.4016 -0.089 0.1191, -1.4016 0.1011 0.0682, -1.4016 -0.0615 0.1856, -1.4016 0.109 0.0872, -1.4016 -0.0177 0.2427, -1.4016 0.1215 0.1035, -1.4016 0.0394 0.2865, -1.4016 0.1378 0.116, -1.4016 0.1058 0.314, -1.4016 0.1568 0.1239, -1.4016 0.1772 0.3234, -1.4016 0.1772 0.1265, -1.4016 0.6956 0.3234, -1.4016 0.6956 0.1265, -1.4016 0.7159 0.3261, -1.4016 0.7669 0.1359, -1.4016 0.7349 0.3339, -1.4016 0.8334 0.1635, -1.4016 0.7512 0.3464, -1.4016 0.8904 0.2073, -1.4016 0.7638 0.3628, -1.4016 0.9342 0.2643, -1.4016 0.7716 0.3817, -1.4016 0.9618 0.3308, -1.4016 0.7743 0.4021, -1.4016 0.9712 0.4021, -1.4016 0.7743 1.2761, -1.4016 0.7716 1.2965, -1.5984 0.6956 1.3549, -1.5984 -0.3824 1.3549, -1.5984 -0.3824 1.5517, -1.5984 0.7633 1.5222, -1.5984 0.7743 1.2761, -1.5984 0.7716 1.2965, -1.5984 0.7638 1.3155, -1.5984 0.7512 1.3318, -1.5984 0.7349 1.3443, -1.5984 0.7159 1.3522, -1.5984 0.0984 -0.9842, -1.5984 -0.0984 -0.9842, -1.5984 0.0984 0.0478, -1.5984 -0.0984 0.0478, -1.5984 0.1011 0.0682, -1.5984 -0.089 0.1191, -1.5984 0.109 0.0872, -1.5984 -0.0615 0.1856, -1.5984 0.1215 0.1035, -1.5984 -0.0177 0.2427, -1.5984 0.1378 0.116, -1.5984 0.0394 0.2865, -1.5984 0.1568 0.1239, -1.5984 0.1058 0.314, -1.5984 0.1772 0.1265, -1.5984 0.1772 0.3234, -1.5984 0.6956 0.1265, -1.5984 0.6956 0.3234, -1.5984 0.7669 0.1359, -1.5984 0.7159 0.3261, -1.5984 0.8334 0.1635, -1.5984 0.7349 0.3339, -1.5984 0.8904 0.2073, -1.5984 0.7512 0.3464, -1.5984 0.9342 0.2643, -1.5984 0.7638 0.3628, -1.5984 0.9618 0.3308, -1.5984 0.7716 0.3817, -1.5984 0.9712 0.4021, -1.5984 0.7743 0.4021, -1.5591 -0.0591 -1.378, -1.5591 0.0591 -1.378, -1.4409 -0.0591 -1.378, -1.4409 0.0591 -1.378
            ]
        }
        coordIndex [
            0,1,2,-1,0,3,1,-1,1,3,4,-1,1,4,5,-1,6,7,8,-1,9,10,2,-1,2,10,11,-1,5,12,1,-1,1,12,13,-1,1,13,14,-1,14,13,15,-1,14,15,16,-1,16,17,14,-1,14,17,18,-1,14,18,19,-1,19,20,14,-1,14,20,21,-1,14,21,6,-1,6,21,22,-1,6,22,7,-1,11,23,2,-1,2,23,24,-1,2,24,0,-1,8,25,6,-1,6,25,26,-1,6,26,2,-1,2,26,27,-1,2,27,9,-1,28,29,30,-1,30,29,1,-1,30,1,31,-1,31,1,14,-1,31,14,32,-1,32,14,33,-1,32,33,28,-1,28,33,29,-1,34,29,35,-1,35,29,33,-1,36,2,37,-1,37,2,34,-1,37,34,38,-1,38,34,35,-1,38,35,39,-1,39,35,6,-1,39,6,36,-1,36,6,2,-1,29,34,1,-1,1,34,2,-1,35,33,6,-1,6,33,14,-1,31,39,30,-1,30,39,36,-1,38,32,37,-1,37,32,28,-1,32,38,31,-1,31,38,39,-1,37,28,36,-1,36,28,30,-1,40,41,42,-1,42,41,43,-1,44,45,46,-1,44,46,47,-1,47,46,48,-1,47,48,49,-1,49,48,50,-1,49,50,51,-1,51,50,52,-1,51,52,53,-1,53,52,54,-1,53,54,55,-1,56,57,43,-1,43,57,58,-1,59,51,60,-1,60,51,53,-1,60,53,61,-1,61,53,55,-1,61,55,62,-1,62,55,63,-1,62,63,58,-1,58,63,42,-1,58,42,43,-1,64,65,66,-1,66,65,67,-1,66,67,68,-1,68,67,69,-1,68,69,70,-1,70,69,71,-1,70,71,72,-1,72,71,73,-1,72,73,74,-1,74,73,75,-1,74,75,76,-1,76,75,77,-1,76,77,78,-1,78,77,79,-1,78,79,80,-1,80,79,81,-1,80,81,82,-1,82,81,83,-1,82,83,84,-1,84,83,85,-1,84,85,86,-1,86,85,87,-1,86,87,88,-1,88,87,89,-1,88,89,90,-1,90,89,91,-1,90,91,92,-1,92,91,93,-1,92,93,94,-1,94,93,44,-1,94,44,95,-1,95,44,47,-1,95,47,59,-1,59,47,49,-1,59,49,51,-1,96,97,98,-1,99,100,101,-1,101,102,99,-1,99,102,103,-1,99,103,104,-1,41,40,99,-1,98,41,96,-1,96,41,99,-1,96,99,105,-1,105,99,104,-1,106,107,108,-1,108,107,109,-1,108,109,110,-1,110,109,111,-1,110,111,112,-1,112,111,113,-1,112,113,114,-1,114,113,115,-1,114,115,116,-1,116,115,117,-1,116,117,118,-1,118,117,119,-1,118,119,120,-1,120,119,121,-1,120,121,122,-1,122,121,123,-1,122,123,124,-1,124,123,125,-1,124,125,126,-1,126,125,127,-1,126,127,128,-1,128,127,129,-1,128,129,130,-1,130,129,131,-1,130,131,132,-1,132,131,133,-1,132,133,134,-1,134,133,135,-1,134,135,45,-1,45,135,100,-1,99,54,100,-1,100,54,52,-1,100,52,50,-1,50,48,100,-1,100,48,46,-1,100,46,45,-1,56,43,98,-1,98,43,41,-1,57,56,97,-1,97,56,98,-1,58,57,96,-1,96,57,97,-1,58,96,62,-1,62,96,105,-1,62,105,61,-1,61,105,104,-1,61,104,60,-1,60,104,103,-1,60,103,59,-1,59,103,102,-1,59,102,95,-1,95,102,101,-1,95,101,94,-1,94,101,100,-1,92,94,135,-1,135,94,100,-1,92,135,90,-1,90,135,133,-1,90,133,88,-1,88,133,131,-1,88,131,86,-1,86,131,129,-1,86,129,84,-1,84,129,127,-1,84,127,82,-1,82,127,125,-1,82,125,80,-1,80,125,123,-1,78,80,121,-1,121,80,123,-1,78,121,119,-1,78,119,76,-1,76,119,117,-1,76,117,74,-1,74,117,115,-1,74,115,72,-1,72,115,113,-1,72,113,70,-1,70,113,111,-1,70,111,68,-1,68,111,109,-1,68,109,66,-1,64,66,107,-1,107,66,109,-1,136,137,138,-1,138,137,139,-1,106,108,65,-1,65,108,67,-1,67,108,69,-1,69,108,110,-1,69,110,71,-1,71,110,112,-1,71,112,73,-1,73,112,114,-1,73,114,75,-1,75,114,116,-1,75,116,77,-1,77,116,118,-1,77,118,79,-1,79,118,120,-1,81,79,122,-1,122,79,120,-1,81,122,124,-1,81,124,83,-1,83,124,126,-1,83,126,85,-1,85,126,128,-1,85,128,87,-1,87,128,130,-1,87,130,89,-1,89,130,132,-1,89,132,91,-1,91,132,134,-1,91,134,93,-1,44,93,45,-1,45,93,134,-1,
        ]
    }
}
Shape{
    appearance Appearance {
        material  Material 	{
            diffuseColor 0.27450980392156865 0.49411764705882355 0.27450980392156865
            specularColor 0.0196078431372549 0.03529411764705882 0.0196078431372549
            ambientIntensity 0.5763
            transparency 0.0
            shininess 0.5
        }
    }
    geometry IndexedFaceSet {
        ccw TRUE
        solid FALSE
        coord DEF co Coordinate {
            point [
                -1.7362 -1.1024 1.8475, -1.9221 -1.2882 2.0334, -1.9264 -1.2925 2.0195, -1.9331 -1.2992 0.2356, -1.7362 -1.1024 0.445, -1.9331 -1.2992 1.9685, -1.9314 -1.2975 1.9942, -1.2638 -1.1024 1.8475, -1.0779 -1.2882 2.0334, -1.2638 -1.1024 0.445, -1.0669 -1.2992 0.2356, -1.0669 -1.2992 1.9685, -1.0686 -1.2975 1.9942, -1.0736 -1.2925 2.0195
            ]
        }
        coordIndex [
            0,1,2,-1,3,4,5,-1,5,4,0,-1,5,0,6,-1,6,0,2,-1,7,8,0,-1,0,8,1,-1,9,10,7,-1,7,10,11,-1,11,12,7,-1,7,12,13,-1,7,13,8,-1,
        ]
    }
}
Shape{
    appearance Appearance {
        material  Material 	{
            diffuseColor 0.6470588235294118 0.6196078431372549 0.5882352941176471
            specularColor 0.45098039215686275 0.43529411764705883 0.4117647058823529
            ambientIntensity 0.6242
            transparency 0.0
            shininess 0.5
        }
    }
    geometry IndexedFaceSet {
        ccw TRUE
        solid FALSE
        coord DEF co Coordinate {
            point [
                -1.4016 0.0984 -0.9842, -1.4409 0.0591 -1.378, -1.5984 0.0984 -0.9842, -1.5591 0.0591 -1.378, -1.4016 -0.0984 -0.9842, -1.4409 -0.0591 -1.378, -1.5591 -0.0591 -1.378, -1.5984 -0.0984 -0.9842, -1.2137 0.2314 3.1417, -1.2187 0.2372 3.1417, -1.2205 0.2353 3.1621, -1.2979 0.295 3.1417, -1.3483 0.3212 3.1417, -1.3493 0.3187 3.1621, -1.6045 0.3352 3.1417, -1.6517 0.3212 3.1417, -1.6507 0.3187 3.1621, -1.7863 0.2314 3.1417, -1.8318 0.1783 3.1417, -1.8296 0.1767 3.1621, -1.1567 0.0435 3.2144, -1.1476 0.0435 3.2094, -1.1658 0.0947 3.2099, -1.1066 0.0435 3.1417, -1.1088 0.0499 3.1417, -1.1087 0.0435 3.1596, -1.1094 0.0435 3.1621, -1.1323 0.1097 3.1621, -1.1098 0.0435 3.1637, -1.1395 0.1065 3.1811, -1.1339 0.0435 3.2006, -1.1307 0.0435 3.1971, -1.1509 0.1014 3.1974, -1.1211 0.0435 3.1867, -1.1171 0.0435 3.1805, -1.1396 0.0435 3.205, -1.1636 0.0435 3.2168, -1.1831 0.0869 3.2178, -1.1671 0.0435 3.2174, -1.1834 0.0435 3.2203, -1.2017 0.0786 3.2205, -1.1884 0.0435 3.2205, -1.8116 0.0435 3.2205, -1.7983 0.0786 3.2205, -1.8121 0.0435 3.2205, -1.8169 0.0869 3.2178, -1.8322 0.0435 3.218, -1.8342 0.0947 3.2099, -1.841 0.0435 3.2153, -1.8329 0.0435 3.2178, -1.8693 0.0435 3.1971, -1.8657 0.0435 3.2009, -1.8491 0.1014 3.1974, -1.8583 0.0435 3.2065, -1.8524 0.0435 3.2095, -1.8785 0.0435 3.1872, -1.8605 0.1065 3.1811, -1.8833 0.0435 3.1797, -1.89 0.0435 3.1644, -1.8677 0.1097 3.1621, -1.8904 0.0435 3.1621, -1.8934 0.0435 3.1417, -1.8933 0.0435 3.1467, -1.8912 0.0499 3.1417, -1.8701 0.1108 3.1417, -1.8496 0.147 3.1417, -1.6777 0.2194 3.2205, -1.6222 0.2482 3.2205, -1.6888 0.2365 3.2178, -1.6298 0.2671 3.2178, -1.6991 0.2524 3.2099, -1.6369 0.2847 3.2099, -1.708 0.2661 3.1974, -1.643 0.2998 3.1974, -1.7148 0.2766 3.1811, -1.6477 0.3114 3.1811, -1.7191 0.2832 3.1621, -1.4378 0.2659 3.2205, -1.3778 0.2482 3.2205, -1.4339 0.2859 3.2178, -1.3702 0.2671 3.2178, -1.4303 0.3046 3.2099, -1.3631 0.2847 3.2099, -1.4271 0.3206 3.1974, -1.357 0.2998 3.1974, -1.4248 0.3329 3.1811, -1.3523 0.3114 3.1811, -1.4233 0.3406 3.1621, -1.2326 0.133 3.2205, -1.2159 0.1447 3.2178, -1.2004 0.1556 3.2099, -1.1871 0.165 3.1974, -1.1768 0.1722 3.1811, -1.1704 0.1767 3.1621, -1.8232 0.1722 3.1811, -1.8129 0.165 3.1974, -1.7996 0.1556 3.2099, -1.7841 0.1447 3.2178, -1.7674 0.133 3.2205, -1.7813 0.2372 3.1417, -1.7795 0.2353 3.1621, -1.774 0.2296 3.1811, -1.7653 0.2206 3.1974, -1.754 0.2088 3.2099, -1.7408 0.1952 3.2178, -1.7267 0.1805 3.2205, -1.7205 0.2854 3.1417, -1.7021 0.295 3.1417, -1.5772 0.3432 3.1417, -1.5767 0.3406 3.1621, -1.5752 0.3329 3.1811, -1.5729 0.3206 3.1974, -1.5697 0.3046 3.2099, -1.5661 0.2859 3.2178, -1.5622 0.2659 3.2205, -1.5 0.2719 3.2205, -1.5 0.2923 3.2178, -1.5 0.3113 3.2099, -1.5 0.3276 3.1974, -1.5 0.3401 3.1811, -1.5 0.348 3.1621, -1.5 0.3506 3.1417, -1.4228 0.3432 3.1417, -1.3955 0.3352 3.1417, -1.2795 0.2854 3.1417, -1.2809 0.2832 3.1621, -1.2852 0.2766 3.1811, -1.292 0.2661 3.1974, -1.3009 0.2524 3.2099, -1.3112 0.2365 3.2178, -1.3223 0.2194 3.2205, -1.2733 0.1805 3.2205, -1.2592 0.1952 3.2178, -1.246 0.2088 3.2099, -1.2347 0.2206 3.1974, -1.226 0.2296 3.1811, -1.1682 0.1783 3.1417, -1.1299 0.1108 3.1417, -1.1504 0.147 3.1417, -1.1066 -0.1533 3.0236, -1.8934 -0.1533 3.0236, -1.8934 -0.1533 3.1417, -1.893 -0.1533 3.1498, -1.8905 -0.1533 3.1621, -1.1066 -0.1533 3.1417, -1.89 -0.1533 3.1644, -1.1094 -0.1533 3.1621, -1.1076 -0.1533 3.1542, -1.8825 -0.1533 3.1812, -1.878 -0.1533 3.1878, -1.8692 -0.1533 3.1971, -1.1671 -0.1533 3.2178, -1.1175 -0.1533 3.1811, -1.1164 -0.1533 3.1793, -1.865 -0.1533 3.2015, -1.8591 -0.1533 3.206, -1.8524 -0.1533 3.2095, -1.8329 -0.1533 3.2176, -1.8348 -0.1533 3.2173, -1.8418 -0.1533 3.215, -1.1307 -0.1533 3.1971, -1.1476 -0.1533 3.2095, -1.1338 -0.1533 3.2005, -1.1412 -0.1533 3.2062, -1.1585 -0.1533 3.2151, -1.1212 -0.1533 3.1868, -1.815 -0.1533 3.2204, -1.8116 -0.1533 3.2205, -1.1884 -0.1533 3.2205, -1.1873 -0.1533 3.2205, -1.1094 -0.1533 3.1624, -1.1673 -0.1533 3.2179, -1.8934 0.0435 3.0236, -1.1066 0.0435 3.0236, -1.0945 -0.0549 3.0236, -1.9055 -0.0549 3.0236
            ]
        }
        coordIndex [
            0,1,2,-1,2,1,3,-1,4,5,0,-1,0,5,1,-1,6,7,3,-1,3,7,2,-1,7,6,4,-1,4,6,5,-1,8,9,10,-1,11,12,13,-1,14,15,16,-1,17,18,19,-1,20,21,22,-1,23,24,25,-1,25,24,26,-1,26,27,28,-1,28,27,29,-1,30,31,32,-1,32,31,33,-1,32,33,29,-1,29,33,34,-1,29,34,28,-1,22,21,32,-1,32,21,35,-1,32,35,30,-1,20,22,36,-1,36,22,37,-1,36,37,38,-1,38,37,39,-1,39,37,40,-1,39,40,41,-1,42,43,44,-1,44,43,45,-1,44,45,46,-1,47,48,45,-1,45,48,49,-1,45,49,46,-1,50,51,52,-1,52,51,53,-1,52,53,47,-1,47,53,54,-1,47,54,48,-1,50,52,55,-1,55,52,56,-1,55,56,57,-1,57,56,58,-1,58,56,59,-1,58,59,60,-1,61,62,63,-1,63,62,60,-1,63,60,64,-1,64,60,59,-1,64,59,65,-1,66,67,68,-1,68,67,69,-1,68,69,70,-1,70,69,71,-1,70,71,72,-1,72,71,73,-1,72,73,74,-1,74,73,75,-1,74,75,76,-1,76,75,16,-1,77,78,79,-1,79,78,80,-1,79,80,81,-1,81,80,82,-1,81,82,83,-1,83,82,84,-1,83,84,85,-1,85,84,86,-1,85,86,87,-1,87,86,13,-1,88,40,89,-1,89,40,37,-1,89,37,90,-1,90,37,22,-1,90,22,91,-1,91,22,32,-1,91,32,92,-1,92,32,29,-1,92,29,93,-1,93,29,27,-1,18,65,19,-1,19,65,59,-1,19,59,94,-1,94,59,56,-1,94,56,95,-1,95,56,52,-1,95,52,96,-1,96,52,47,-1,96,47,97,-1,97,47,45,-1,97,45,98,-1,98,45,43,-1,99,17,100,-1,100,17,19,-1,100,19,101,-1,101,19,94,-1,101,94,102,-1,102,94,95,-1,102,95,103,-1,103,95,96,-1,103,96,104,-1,104,96,97,-1,104,97,105,-1,105,97,98,-1,105,66,104,-1,104,66,68,-1,104,68,103,-1,103,68,70,-1,103,70,102,-1,102,70,72,-1,102,72,101,-1,101,72,74,-1,101,74,100,-1,100,74,76,-1,100,76,99,-1,99,76,106,-1,16,15,76,-1,76,15,107,-1,76,107,106,-1,108,14,109,-1,109,14,16,-1,109,16,110,-1,110,16,75,-1,110,75,111,-1,111,75,73,-1,111,73,112,-1,112,73,71,-1,112,71,113,-1,113,71,69,-1,113,69,114,-1,114,69,67,-1,114,115,113,-1,113,115,116,-1,113,116,112,-1,112,116,117,-1,112,117,111,-1,111,117,118,-1,111,118,110,-1,110,118,119,-1,110,119,109,-1,109,119,120,-1,109,120,108,-1,108,120,121,-1,115,77,116,-1,116,77,79,-1,116,79,117,-1,117,79,81,-1,117,81,118,-1,118,81,83,-1,118,83,119,-1,119,83,85,-1,119,85,120,-1,120,85,87,-1,120,87,121,-1,121,87,122,-1,13,12,87,-1,87,12,123,-1,87,123,122,-1,124,11,125,-1,125,11,13,-1,125,13,126,-1,126,13,86,-1,126,86,127,-1,127,86,84,-1,127,84,128,-1,128,84,82,-1,128,82,129,-1,129,82,80,-1,129,80,130,-1,130,80,78,-1,130,131,129,-1,129,131,132,-1,129,132,128,-1,128,132,133,-1,128,133,127,-1,127,133,134,-1,127,134,126,-1,126,134,135,-1,126,135,125,-1,125,135,10,-1,125,10,124,-1,124,10,9,-1,136,8,93,-1,93,8,10,-1,93,10,92,-1,92,10,135,-1,92,135,91,-1,91,135,134,-1,91,134,90,-1,90,134,133,-1,90,133,89,-1,89,133,132,-1,89,132,88,-1,88,132,131,-1,26,24,27,-1,27,24,137,-1,27,137,93,-1,93,137,138,-1,93,138,136,-1,139,140,141,-1,141,142,139,-1,139,142,143,-1,139,143,144,-1,145,146,143,-1,143,146,147,-1,143,147,144,-1,145,148,146,-1,146,148,149,-1,146,149,150,-1,151,152,153,-1,150,154,146,-1,146,154,155,-1,146,155,156,-1,157,156,158,-1,158,156,159,-1,160,161,162,-1,162,161,163,-1,151,164,152,-1,152,164,161,-1,152,161,165,-1,165,161,160,-1,157,166,156,-1,156,166,167,-1,156,167,146,-1,146,167,168,-1,146,168,169,-1,153,170,151,-1,151,170,146,-1,151,146,171,-1,171,146,169,-1,61,172,173,-1,61,173,62,-1,48,173,49,-1,49,173,23,-1,30,35,21,-1,23,25,49,-1,49,25,26,-1,49,26,28,-1,48,54,173,-1,173,54,53,-1,173,53,51,-1,51,50,173,-1,173,50,55,-1,173,55,57,-1,57,58,173,-1,173,58,60,-1,173,60,62,-1,28,34,49,-1,49,34,33,-1,49,33,31,-1,36,38,20,-1,20,38,21,-1,30,21,31,-1,31,21,38,-1,31,38,39,-1,39,41,31,-1,31,41,42,-1,31,42,49,-1,49,42,44,-1,49,44,46,-1,173,172,174,-1,174,172,175,-1,174,175,139,-1,139,175,140,-1,
        ]
    }
}
Shape{
    appearance Appearance {
        material  Material 	{
            diffuseColor 1.0 0.9490196078431372 0.8980392156862745
            specularColor 0.011764705882352941 0.00784313725490196 0.00784313725490196
            ambientIntensity 0.9585
            transparency 0.0
            shininess 0.5
        }
    }
    geometry IndexedFaceSet {
        ccw TRUE
        solid FALSE
        coord DEF co Coordinate {
            point [
                -1.4717 -1.0242 0.0039, -1.4717 -1.0242 0.0, -1.4626 -1.0664 0.0039, -1.4626 -1.0664 0.0, -1.4759 -1.0027 0.0039, -1.4759 -1.0027 0.0, -1.4776 -0.9959 0.0039, -1.4776 -0.9959 0.0, -1.4767 -0.9997 0.0, -1.478 -0.9949 0.0039, -1.478 -0.9949 0.0, -1.4783 -0.9942 0.0039, -1.4783 -0.9942 0.0, -1.4786 -0.9938 0.0039, -1.4786 -0.9938 0.0, -1.4789 -0.9935 0.0039, -1.4789 -0.9935 0.0, -1.4791 -0.9933 0.0039, -1.4791 -0.9933 0.0, -1.4794 -0.9932 0.0039, -1.4794 -0.9932 0.0, -1.4796 -0.9932 0.0039, -1.4796 -0.9932 0.0, -1.4798 -0.9932 0.0039, -1.4798 -0.9932 0.0, -1.48 -0.9932 0.0039, -1.48 -0.9932 0.0, -1.4802 -0.9934 0.0039, -1.4802 -0.9934 0.0, -1.4804 -0.9936 0.0039, -1.4804 -0.9936 0.0, -1.4805 -0.9938 0.0039, -1.4805 -0.9938 0.0, -1.4807 -0.9946 0.0039, -1.4807 -0.9946 0.0, -1.4812 -0.9981 0.0039, -1.4812 -0.9981 0.0, -1.4814 -0.9997 0.0, -1.4816 -1.0015 0.0039, -1.4816 -1.0015 0.0, -1.483 -1.0134 0.0039, -1.483 -1.0134 0.0, -1.4834 -1.0189 0.0039, -1.4834 -1.0189 0.0, -1.4833 -1.0215 0.0039, -1.4833 -1.0215 0.0, -1.4827 -1.0231 0.0039, -1.4827 -1.0231 0.0, -1.4821 -1.0242 0.0039, -1.4821 -1.0242 0.0, -1.4807 -1.0267 0.0039, -1.4807 -1.0267 0.0, -1.477 -1.0391 0.0039, -1.477 -1.0391 0.0, -1.4739 -1.0517 0.0039, -1.4739 -1.0517 0.0, -1.4454 -1.1839 0.0, -1.4448 -1.1867 0.0039, -1.4448 -1.1867 0.0, -1.4408 -1.1867 0.0039, -1.4408 -1.1867 0.0, -1.4134 -1.0653 0.0039, -1.4134 -1.0653 0.0, -1.4402 -1.1839 0.0, -1.41 -1.0511 0.0039, -1.41 -1.0511 0.0, -1.4085 -1.0444 0.0039, -1.4085 -1.0444 0.0, -1.4066 -1.0378 0.0039, -1.4066 -1.0378 0.0, -1.4046 -1.0324 0.0039, -1.4046 -1.0324 0.0, -1.4028 -1.0274 0.0039, -1.4028 -1.0274 0.0, -1.4016 -1.0256 0.0039, -1.4016 -1.0256 0.0, -1.4007 -1.0245 0.0039, -1.4007 -1.0245 0.0, -1.4004 -1.0241 0.0039, -1.4004 -1.0241 0.0, -1.4002 -1.0238 0.0039, -1.4002 -1.0238 0.0, -1.4002 -1.0235 0.0039, -1.4002 -1.0235 0.0, -1.4002 -1.0224 0.0039, -1.4002 -1.0224 0.0, -1.4006 -1.0158 0.0039, -1.4006 -1.0158 0.0, -1.4006 -1.0157 0.0039, -1.4006 -1.0157 0.0, -1.4017 -1.003 0.0039, -1.4017 -1.003 0.0, -1.4021 -0.9997 0.0, -1.4023 -0.9981 0.0039, -1.4023 -0.9981 0.0, -1.4024 -0.9967 0.0039, -1.4024 -0.9967 0.0, -1.4026 -0.9956 0.0039, -1.4026 -0.9956 0.0, -1.4027 -0.9949 0.0039, -1.4027 -0.9949 0.0, -1.4029 -0.9944 0.0039, -1.4029 -0.9944 0.0, -1.403 -0.9941 0.0039, -1.403 -0.9941 0.0, -1.4031 -0.9939 0.0039, -1.4031 -0.9939 0.0, -1.4033 -0.9937 0.0039, -1.4033 -0.9937 0.0, -1.4035 -0.9936 0.0039, -1.4035 -0.9936 0.0, -1.4037 -0.9936 0.0039, -1.4037 -0.9936 0.0, -1.404 -0.9936 0.0039, -1.404 -0.9936 0.0, -1.4042 -0.9936 0.0039, -1.4042 -0.9936 0.0, -1.4045 -0.9938 0.0039, -1.4045 -0.9938 0.0, -1.4048 -0.994 0.0039, -1.4048 -0.994 0.0, -1.405 -0.9943 0.0039, -1.405 -0.9943 0.0, -1.4052 -0.9948 0.0039, -1.4052 -0.9948 0.0, -1.4054 -0.9956 0.0039, -1.4054 -0.9956 0.0, -1.4074 -1.0069 0.0039, -1.4074 -1.0069 0.0, -1.4062 -0.9997 0.0, -1.4241 -1.0757 0.0039, -1.4241 -1.0757 0.0, -1.4428 -1.1595 0.0039, -1.4612 -1.0763 0.0039, -1.4247 -1.08 0.0039, -1.4323 -1.0873 0.0039, -1.4394 -1.0825 0.0039, -1.4418 -1.0812 0.0039, -1.4501 -1.0786 0.0039, -1.4612 -1.0763 0.0, -1.4428 -1.1595 0.0, -1.4501 -1.0786 0.0, -1.4418 -1.0812 0.0, -1.4394 -1.0825 0.0, -1.4323 -1.0873 0.0, -1.4247 -1.08 0.0, -1.5853 -1.1689 0.0039, -1.5853 -1.1689 0.0, -1.5802 -1.1646 0.0039, -1.5802 -1.1646 0.0, -1.5865 -1.1699 0.0039, -1.5865 -1.1699 0.0, -1.5873 -1.1708 0.0039, -1.5873 -1.1708 0.0, -1.5878 -1.1719 0.0039, -1.5878 -1.1719 0.0, -1.5879 -1.1725 0.0039, -1.5879 -1.1725 0.0, -1.5879 -1.1732 0.0039, -1.5879 -1.1732 0.0, -1.5877 -1.1739 0.0039, -1.5877 -1.1739 0.0, -1.5875 -1.1744 0.0039, -1.5875 -1.1744 0.0, -1.5871 -1.1748 0.0039, -1.5871 -1.1748 0.0, -1.5867 -1.1751 0.0039, -1.5867 -1.1751 0.0, -1.5816 -1.1742 0.0039, -1.5816 -1.1742 0.0, -1.5757 -1.1742 0.0039, -1.5757 -1.1742 0.0, -1.5733 -1.1747 0.0039, -1.5733 -1.1747 0.0, -1.5709 -1.1751 0.0039, -1.5709 -1.1751 0.0, -1.5649 -1.1757 0.0039, -1.5649 -1.1757 0.0, -1.5542 -1.1788 0.0039, -1.5542 -1.1788 0.0, -1.548 -1.18 0.0039, -1.548 -1.18 0.0, -1.5417 -1.1805 0.0039, -1.5417 -1.1805 0.0, -1.5329 -1.1799 0.0039, -1.5329 -1.1799 0.0, -1.5266 -1.1784 0.0039, -1.5266 -1.1784 0.0, -1.5213 -1.1757 0.0039, -1.5213 -1.1757 0.0, -1.5167 -1.1715 0.0039, -1.5167 -1.1715 0.0, -1.5121 -1.165 0.0039, -1.5121 -1.165 0.0, -1.5078 -1.1534 0.0039, -1.5078 -1.1534 0.0, -1.5036 -1.1217 0.0039, -1.5036 -1.1217 0.0, -1.5023 -1.0825 0.0039, -1.5023 -1.0825 0.0, -1.5052 -1.0491 0.0039, -1.5052 -1.0491 0.0, -1.5106 -1.0304 0.0039, -1.5106 -1.0304 0.0, -1.5165 -1.0199 0.0039, -1.5165 -1.0199 0.0, -1.5214 -1.014 0.0039, -1.5214 -1.014 0.0, -1.5269 -1.0099 0.0039, -1.5269 -1.0099 0.0, -1.5322 -1.0078 0.0039, -1.5322 -1.0078 0.0, -1.5527 -1.0046 0.0039, -1.5527 -1.0046 0.0, -1.5652 -1.0032 0.0039, -1.5652 -1.0032 0.0, -1.5698 -1.002 0.0039, -1.5698 -1.002 0.0, -1.5728 -1.0002 0.0039, -1.5728 -1.0002 0.0, -1.5736 -0.9997 0.0, -1.5737 -0.9996 0.0039, -1.5737 -0.9996 0.0, -1.574 -0.9996 0.0039, -1.574 -0.9996 0.0, -1.5747 -0.9996 0.0, -1.5747 -0.9996 0.0039, -1.575 -0.9997 0.0, -1.5753 -0.9998 0.0039, -1.5753 -0.9998 0.0, -1.5771 -1.0012 0.0039, -1.5771 -1.0012 0.0, -1.5812 -1.0049 0.0039, -1.5812 -1.0049 0.0, -1.5825 -1.0064 0.0039, -1.5825 -1.0064 0.0, -1.5859 -1.01 0.0039, -1.5859 -1.01 0.0, -1.5866 -1.0108 0.0039, -1.5866 -1.0108 0.0, -1.5871 -1.0114 0.0039, -1.5871 -1.0114 0.0, -1.5874 -1.0119 0.0039, -1.5874 -1.0119 0.0, -1.5876 -1.0122 0.0039, -1.5876 -1.0122 0.0, -1.5877 -1.0125 0.0039, -1.5877 -1.0125 0.0, -1.5877 -1.0128 0.0039, -1.5877 -1.0128 0.0, -1.5876 -1.0132 0.0039, -1.5876 -1.0132 0.0, -1.5874 -1.0138 0.0039, -1.5874 -1.0138 0.0, -1.5873 -1.014 0.0039, -1.5873 -1.014 0.0, -1.5871 -1.0141 0.0039, -1.5871 -1.0141 0.0, -1.587 -1.0142 0.0039, -1.587 -1.0142 0.0, -1.5867 -1.0143 0.0039, -1.5867 -1.0143 0.0, -1.586 -1.0144 0.0039, -1.586 -1.0144 0.0, -1.585 -1.0143 0.0039, -1.585 -1.0143 0.0, -1.5811 -1.0143 0.0039, -1.5811 -1.0143 0.0, -1.5765 -1.0143 0.0039, -1.5765 -1.0143 0.0, -1.5765 -1.1627 0.0039, -1.5765 -1.1627 0.0, -1.5784 -1.1635 0.0039, -1.5784 -1.1635 0.0, -1.5686 -1.1646 0.0039, -1.5686 -1.0148 0.0039, -1.5323 -1.019 0.0039, -1.5386 -1.0174 0.0039, -1.5474 -1.0163 0.0039, -1.5598 -1.0148 0.0039, -1.5277 -1.021 0.0039, -1.5642 -1.0147 0.0039, -1.5632 -1.1669 0.0039, -1.5512 -1.1697 0.0039, -1.5389 -1.1706 0.0039, -1.5314 -1.1691 0.0039, -1.5109 -1.0657 0.0039, -1.5154 -1.0406 0.0039, -1.521 -1.028 0.0039, -1.5243 -1.0237 0.0039, -1.5259 -1.167 0.0039, -1.5226 -1.1646 0.0039, -1.5192 -1.1605 0.0039, -1.516 -1.1544 0.0039, -1.5136 -1.1459 0.0039, -1.5103 -1.1074 0.0039, -1.5474 -1.0163 0.0, -1.5598 -1.0148 0.0, -1.5386 -1.0174 0.0, -1.5323 -1.019 0.0, -1.5277 -1.021 0.0, -1.5243 -1.0237 0.0, -1.521 -1.028 0.0, -1.5154 -1.0406 0.0, -1.5109 -1.0657 0.0, -1.5103 -1.1074 0.0, -1.5136 -1.1459 0.0, -1.516 -1.1544 0.0, -1.5192 -1.1605 0.0, -1.5226 -1.1646 0.0, -1.5259 -1.167 0.0, -1.5314 -1.1691 0.0, -1.5389 -1.1706 0.0, -1.5512 -1.1697 0.0, -1.5632 -1.1669 0.0, -1.5686 -1.1646 0.0, -1.5686 -1.0148 0.0, -1.5642 -1.0147 0.0, -1.6465 -1.104 0.0039, -1.6465 -1.104 0.0, -1.6703 -1.1009 0.0039, -1.6703 -1.1009 0.0, -1.6367 -1.106 0.0039, -1.6367 -1.106 0.0, -1.6304 -1.1082 0.0039, -1.6304 -1.1082 0.0, -1.6276 -1.11 0.0039, -1.6276 -1.11 0.0, -1.625 -1.1114 0.0039, -1.625 -1.1114 0.0, -1.6168 -1.1032 0.0039, -1.6168 -1.1032 0.0, -1.6162 -1.1024 0.0039, -1.6162 -1.1024 0.0, -1.6158 -1.1018 0.0039, -1.6158 -1.1018 0.0, -1.6156 -1.1012 0.0039, -1.6156 -1.1012 0.0, -1.6155 -1.1007 0.0039, -1.6155 -1.1007 0.0, -1.6156 -1.1003 0.0039, -1.6156 -1.1003 0.0, -1.6157 -1.0998 0.0039, -1.6157 -1.0998 0.0, -1.6161 -1.0992 0.0039, -1.6161 -1.0992 0.0, -1.6165 -1.0989 0.0039, -1.6165 -1.0989 0.0, -1.617 -1.0986 0.0039, -1.617 -1.0986 0.0, -1.6175 -1.0984 0.0039, -1.6175 -1.0984 0.0, -1.6182 -1.0983 0.0039, -1.6182 -1.0983 0.0, -1.6703 -1.091 0.0039, -1.6703 -1.091 0.0, -1.6703 -1.0143 0.0039, -1.6703 -1.0143 0.0, -1.6281 -1.0202 0.0039, -1.6281 -1.0202 0.0, -1.624 -1.0213 0.0039, -1.624 -1.0213 0.0, -1.6202 -1.0231 0.0039, -1.6202 -1.0231 0.0, -1.6177 -1.0245 0.0039, -1.6177 -1.0245 0.0, -1.6097 -1.0157 0.0039, -1.6097 -1.0157 0.0, -1.6089 -1.0145 0.0039, -1.6089 -1.0145 0.0, -1.6086 -1.0138 0.0039, -1.6086 -1.0138 0.0, -1.6086 -1.0134 0.0039, -1.6086 -1.0134 0.0, -1.6086 -1.013 0.0039, -1.6086 -1.013 0.0, -1.6087 -1.0125 0.0039, -1.6087 -1.0125 0.0, -1.609 -1.012 0.0039, -1.609 -1.012 0.0, -1.6092 -1.0117 0.0039, -1.6092 -1.0117 0.0, -1.6094 -1.0115 0.0039, -1.6094 -1.0115 0.0, -1.6097 -1.0114 0.0039, -1.6097 -1.0114 0.0, -1.6098 -1.0113 0.0039, -1.6098 -1.0113 0.0, -1.6105 -1.0112 0.0039, -1.6105 -1.0112 0.0, -1.6114 -1.0111 0.0039, -1.6114 -1.0111 0.0, -1.6157 -1.0109 0.0039, -1.6157 -1.0109 0.0, -1.6371 -1.0083 0.0039, -1.6371 -1.0083 0.0, -1.6584 -1.0049 0.0039, -1.6584 -1.0049 0.0, -1.6714 -1.0027 0.0039, -1.6714 -1.0027 0.0, -1.6746 -1.0015 0.0039, -1.6746 -1.0015 0.0, -1.6766 -1.001 0.0039, -1.6766 -1.001 0.0, -1.678 -1.001 0.0039, -1.678 -1.001 0.0, -1.6788 -1.0011 0.0039, -1.6788 -1.0011 0.0, -1.6794 -1.0014 0.0039, -1.6794 -1.0014 0.0, -1.6802 -1.0019 0.0039, -1.6802 -1.0019 0.0, -1.6807 -1.0027 0.0039, -1.6807 -1.0027 0.0, -1.681 -1.0033 0.0039, -1.681 -1.0033 0.0, -1.6812 -1.0044 0.0039, -1.6812 -1.0044 0.0, -1.6812 -1.006 0.0039, -1.6812 -1.006 0.0, -1.6811 -1.0066 0.0039, -1.6811 -1.0066 0.0, -1.6793 -1.0138 0.0039, -1.6793 -1.0138 0.0, -1.6785 -1.0211 0.0039, -1.6785 -1.0211 0.0, -1.6785 -1.0265 0.0039, -1.6785 -1.0265 0.0, -1.6784 -1.03 0.0039, -1.6784 -1.03 0.0, -1.6782 -1.0335 0.0039, -1.6782 -1.0335 0.0, -1.6785 -1.1632 0.0039, -1.6785 -1.1632 0.0, -1.6817 -1.167 0.0039, -1.6817 -1.167 0.0, -1.6837 -1.1693 0.0039, -1.6837 -1.1693 0.0, -1.6848 -1.171 0.0039, -1.6848 -1.171 0.0, -1.6852 -1.1719 0.0039, -1.6852 -1.1719 0.0, -1.6855 -1.1733 0.0039, -1.6855 -1.1733 0.0, -1.6855 -1.1742 0.0039, -1.6855 -1.1742 0.0, -1.6855 -1.1748 0.0039, -1.6855 -1.1748 0.0, -1.6855 -1.175 0.0039, -1.6855 -1.175 0.0, -1.6854 -1.1753 0.0039, -1.6854 -1.1753 0.0, -1.6853 -1.1754 0.0039, -1.6853 -1.1754 0.0, -1.6852 -1.1755 0.0039, -1.6852 -1.1755 0.0, -1.685 -1.1756 0.0039, -1.685 -1.1756 0.0, -1.6846 -1.1757 0.0039, -1.6846 -1.1757 0.0, -1.6839 -1.1757 0.0039, -1.6839 -1.1757 0.0, -1.6831 -1.1757 0.0039, -1.6831 -1.1757 0.0, -1.6777 -1.1748 0.0039, -1.6777 -1.1748 0.0, -1.6729 -1.1742 0.0039, -1.6729 -1.1742 0.0, -1.6681 -1.1742 0.0039, -1.6681 -1.1742 0.0, -1.6672 -1.1742 0.0039, -1.6672 -1.1742 0.0, -1.6617 -1.1744 0.0039, -1.6617 -1.1744 0.0, -1.6562 -1.1751 0.0039, -1.6562 -1.1751 0.0, -1.6451 -1.1771 0.0039, -1.6451 -1.1771 0.0, -1.6354 -1.179 0.0039, -1.6354 -1.179 0.0, -1.6277 -1.1818 0.0039, -1.6277 -1.1818 0.0, -1.6261 -1.1827 0.0039, -1.6261 -1.1827 0.0, -1.6244 -1.1839 0.0, -1.6236 -1.1844 0.0039, -1.6236 -1.1844 0.0, -1.6231 -1.1839 0.0, -1.6154 -1.1759 0.0039, -1.6154 -1.1759 0.0, -1.6149 -1.175 0.0039, -1.6149 -1.175 0.0, -1.6145 -1.1743 0.0039, -1.6145 -1.1743 0.0, -1.6143 -1.1738 0.0039, -1.6143 -1.1738 0.0, -1.6143 -1.1734 0.0039, -1.6143 -1.1734 0.0, -1.6143 -1.173 0.0039, -1.6143 -1.173 0.0, -1.6144 -1.1726 0.0039, -1.6144 -1.1726 0.0, -1.6147 -1.1723 0.0039, -1.6147 -1.1723 0.0, -1.6151 -1.1719 0.0039, -1.6151 -1.1719 0.0, -1.6156 -1.1716 0.0039, -1.6156 -1.1716 0.0, -1.6161 -1.1715 0.0039, -1.6161 -1.1715 0.0, -1.6168 -1.1714 0.0039, -1.6168 -1.1714 0.0, -1.6213 -1.1708 0.0039, -1.6213 -1.1708 0.0, -1.628 -1.1699 0.0039, -1.628 -1.1699 0.0, -1.6347 -1.1692 0.0039, -1.6347 -1.1692 0.0, -1.6703 -1.1632 0.0039, -1.6703 -1.1632 0.0, -1.7134 -1.1802 0.0039, -1.7134 -1.1802 0.0, -1.7177 -1.1802 0.0039, -1.7177 -1.1802 0.0, -1.7134 -1.1046 0.0039, -1.7134 -1.1046 0.0, -1.7188 -1.1046 0.0039, -1.7188 -1.1046 0.0, -1.7212 -1.1445 0.0039, -1.7212 -1.1445 0.0, -1.7247 -1.1573 0.0039, -1.7247 -1.1573 0.0, -1.7282 -1.1643 0.0039, -1.7282 -1.1643 0.0, -1.7317 -1.1684 0.0039, -1.7317 -1.1684 0.0, -1.7354 -1.1713 0.0039, -1.7354 -1.1713 0.0, -1.7394 -1.173 0.0039, -1.7394 -1.173 0.0, -1.7437 -1.174 0.0039, -1.7437 -1.174 0.0, -1.7496 -1.1736 0.0039, -1.7496 -1.1736 0.0, -1.7547 -1.1719 0.0039, -1.7547 -1.1719 0.0, -1.7595 -1.1689 0.0039, -1.7595 -1.1689 0.0, -1.764 -1.1645 0.0039, -1.764 -1.1645 0.0, -1.7689 -1.1568 0.0039, -1.7689 -1.1568 0.0, -1.7755 -1.1378 0.0039, -1.7755 -1.1378 0.0, -1.7781 -1.123 0.0039, -1.7781 -1.123 0.0, -1.7791 -1.078 0.0039, -1.7791 -1.078 0.0, -1.7721 -1.0375 0.0039, -1.7721 -1.0375 0.0, -1.7678 -1.026 0.0039, -1.7678 -1.026 0.0, -1.7614 -1.0169 0.0039, -1.7614 -1.0169 0.0, -1.7573 -1.0131 0.0039, -1.7573 -1.0131 0.0, -1.7537 -1.011 0.0039, -1.7537 -1.011 0.0, -1.7499 -1.0098 0.0039, -1.7499 -1.0098 0.0, -1.746 -1.0095 0.0039, -1.746 -1.0095 0.0, -1.7396 -1.0099 0.0039, -1.7396 -1.0099 0.0, -1.7334 -1.0123 0.0039, -1.7334 -1.0123 0.0, -1.7283 -1.0158 0.0039, -1.7283 -1.0158 0.0, -1.7242 -1.0206 0.0039, -1.7242 -1.0206 0.0, -1.7205 -1.028 0.0039, -1.7205 -1.028 0.0, -1.7164 -1.0467 0.0039, -1.7164 -1.0467 0.0, -1.7152 -1.0551 0.0039, -1.7152 -1.0551 0.0, -1.7137 -1.07 0.0039, -1.7137 -1.07 0.0, -1.7092 -1.0698 0.0039, -1.7092 -1.0698 0.0, -1.7113 -1.036 0.0039, -1.7113 -1.036 0.0, -1.7146 -1.0233 0.0039, -1.7146 -1.0233 0.0, -1.7194 -1.0135 0.0039, -1.7194 -1.0135 0.0, -1.7231 -1.0088 0.0039, -1.7231 -1.0088 0.0, -1.7285 -1.0044 0.0039, -1.7285 -1.0044 0.0, -1.7354 -1.0013 0.0039, -1.7354 -1.0013 0.0, -1.742 -1.0001 0.0039, -1.742 -1.0001 0.0, -1.7493 -1.0004 0.0039, -1.7493 -1.0004 0.0, -1.7568 -1.0027 0.0039, -1.7568 -1.0027 0.0, -1.7633 -1.0065 0.0039, -1.7633 -1.0065 0.0, -1.7681 -1.0113 0.0039, -1.7681 -1.0113 0.0, -1.7745 -1.0219 0.0039, -1.7745 -1.0219 0.0, -1.7824 -1.0456 0.0039, -1.7824 -1.0456 0.0, -1.7855 -1.0648 0.0039, -1.7855 -1.0648 0.0, -1.7856 -1.1219 0.0039, -1.7856 -1.1219 0.0, -1.7788 -1.1526 0.0039, -1.7788 -1.1526 0.0, -1.7728 -1.1661 0.0039, -1.7728 -1.1661 0.0, -1.767 -1.1736 0.0039, -1.767 -1.1736 0.0, -1.7582 -1.1804 0.0039, -1.7582 -1.1804 0.0, -1.754 -1.1824 0.0039, -1.754 -1.1824 0.0, -1.75 -1.1832 0.0039, -1.75 -1.1832 0.0, -1.746 -1.1833 0.0039, -1.746 -1.1833 0.0, -1.7377 -1.1811 0.0039, -1.7377 -1.1811 0.0, -1.7311 -1.1775 0.0039, -1.7311 -1.1775 0.0, -1.7255 -1.1724 0.0039, -1.7255 -1.1724 0.0, -1.7222 -1.168 0.0039, -1.7222 -1.168 0.0, -1.7197 -1.1635 0.0039, -1.7197 -1.1635 0.0, -1.8578 -1.1751 0.0039, -1.8578 -1.1751 0.0, -1.8703 -1.1907 0.0039, -1.8648 -1.1839 0.0, -1.8703 -1.1907 0.0, -1.8607 -1.1689 0.0039, -1.8607 -1.1689 0.0, -1.862 -1.1609 0.0039, -1.862 -1.1609 0.0, -1.862 -1.1572 0.0039, -1.862 -1.1572 0.0, -1.862 -1.0129 0.0039, -1.862 -1.0129 0.0, -1.8403 -1.0147 0.0039, -1.8403 -1.0147 0.0, -1.8299 -1.0163 0.0039, -1.8299 -1.0163 0.0, -1.8264 -1.0171 0.0039, -1.8264 -1.0171 0.0, -1.8243 -1.0181 0.0039, -1.8243 -1.0181 0.0, -1.8217 -1.0203 0.0039, -1.8217 -1.0203 0.0, -1.8208 -1.0209 0.0039, -1.8208 -1.0209 0.0, -1.8199 -1.0213 0.0039, -1.8199 -1.0213 0.0, -1.8133 -1.0155 0.0039, -1.8133 -1.0155 0.0, -1.8102 -1.0127 0.0039, -1.8102 -1.0127 0.0, -1.8091 -1.0115 0.0039, -1.8091 -1.0115 0.0, -1.8086 -1.0106 0.0039, -1.8086 -1.0106 0.0, -1.8084 -1.0097 0.0039, -1.8084 -1.0097 0.0, -1.8083 -1.0086 0.0039, -1.8083 -1.0086 0.0, -1.8086 -1.008 0.0039, -1.8086 -1.008 0.0, -1.8088 -1.0077 0.0039, -1.8088 -1.0077 0.0, -1.8092 -1.0075 0.0039, -1.8092 -1.0075 0.0, -1.8099 -1.0072 0.0039, -1.8099 -1.0072 0.0, -1.811 -1.0071 0.0039, -1.811 -1.0071 0.0, -1.8159 -1.007 0.0039, -1.8159 -1.007 0.0, -1.8231 -1.0059 0.0039, -1.8231 -1.0059 0.0, -1.8418 -1.004 0.0039, -1.8418 -1.004 0.0, -1.8479 -1.0035 0.0039, -1.8479 -1.0035 0.0, -1.8598 -1.0024 0.0039, -1.8598 -1.0024 0.0, -1.8663 -1.0018 0.0039, -1.8663 -1.0018 0.0, -1.8678 -1.0014 0.0039, -1.8678 -1.0014 0.0, -1.8686 -1.0013 0.0039, -1.8686 -1.0013 0.0, -1.8691 -1.0014 0.0039, -1.8691 -1.0014 0.0, -1.8696 -1.0016 0.0039, -1.8696 -1.0016 0.0, -1.8699 -1.0018 0.0039, -1.8699 -1.0018 0.0, -1.8703 -1.0023 0.0039, -1.8703 -1.0023 0.0, -1.8707 -1.0031 0.0039, -1.8707 -1.0031 0.0, -1.8709 -1.0038 0.0039, -1.8709 -1.0038 0.0, -1.8709 -1.0054 0.0039, -1.8709 -1.0054 0.0, -1.8701 -1.0123 0.0039, -1.8701 -1.0123 0.0, -1.87 -1.014 0.0039, -1.87 -1.014 0.0, -1.8694 -1.0307 0.0039, -1.8694 -1.0307 0.0, -1.8694 -1.1581 0.0039, -1.8694 -1.1581 0.0, -1.8696 -1.1719 0.0, -1.8696 -1.1719 0.0039, -1.8714 -1.1839 0.0, -1.8717 -1.1856 0.0039, -1.8717 -1.1856 0.0, -1.8722 -1.1884 0.0039, -1.8722 -1.1884 0.0
            ]
        }
        coordIndex [
            0,1,2,-1,2,1,3,-1,4,5,0,-1,0,5,1,-1,6,7,4,-1,4,7,8,-1,4,8,5,-1,7,6,9,-1,7,9,10,-1,10,9,11,-1,10,11,12,-1,12,11,13,-1,12,13,14,-1,14,13,15,-1,14,15,16,-1,16,15,17,-1,16,17,18,-1,18,17,19,-1,18,19,20,-1,20,19,21,-1,20,21,22,-1,22,21,23,-1,22,23,24,-1,24,23,25,-1,24,25,26,-1,26,25,27,-1,26,27,28,-1,28,27,29,-1,28,29,30,-1,30,29,31,-1,30,31,32,-1,32,31,33,-1,32,33,34,-1,34,33,35,-1,34,35,36,-1,36,35,37,-1,37,35,38,-1,37,38,39,-1,40,41,38,-1,38,41,39,-1,41,40,42,-1,41,42,43,-1,43,42,44,-1,43,44,45,-1,45,44,46,-1,45,46,47,-1,47,46,48,-1,47,48,49,-1,50,51,48,-1,48,51,49,-1,51,50,52,-1,51,52,53,-1,53,52,54,-1,53,54,55,-1,55,54,56,-1,56,54,57,-1,56,57,58,-1,59,60,57,-1,57,60,58,-1,61,62,59,-1,59,62,63,-1,59,63,60,-1,64,65,61,-1,61,65,62,-1,65,64,66,-1,65,66,67,-1,67,66,68,-1,67,68,69,-1,70,71,68,-1,68,71,69,-1,71,70,72,-1,71,72,73,-1,73,72,74,-1,73,74,75,-1,75,74,76,-1,75,76,77,-1,77,76,78,-1,77,78,79,-1,79,78,80,-1,79,80,81,-1,81,80,82,-1,81,82,83,-1,83,82,84,-1,83,84,85,-1,85,84,86,-1,85,86,87,-1,87,86,88,-1,87,88,89,-1,90,91,88,-1,88,91,89,-1,91,90,92,-1,92,90,93,-1,92,93,94,-1,94,93,95,-1,94,95,96,-1,96,95,97,-1,96,97,98,-1,98,97,99,-1,98,99,100,-1,100,99,101,-1,100,101,102,-1,102,101,103,-1,102,103,104,-1,104,103,105,-1,104,105,106,-1,106,105,107,-1,106,107,108,-1,108,107,109,-1,108,109,110,-1,110,109,111,-1,110,111,112,-1,112,111,113,-1,112,113,114,-1,114,113,115,-1,114,115,116,-1,116,115,117,-1,116,117,118,-1,118,117,119,-1,118,119,120,-1,120,119,121,-1,120,121,122,-1,122,121,123,-1,122,123,124,-1,124,123,125,-1,124,125,126,-1,127,128,125,-1,125,128,129,-1,125,129,126,-1,130,131,127,-1,127,131,128,-1,130,2,131,-1,131,2,3,-1,132,57,133,-1,133,57,54,-1,6,4,35,-1,130,134,135,-1,74,72,127,-1,127,72,70,-1,135,136,130,-1,130,136,137,-1,130,137,2,-1,2,137,138,-1,52,0,54,-1,54,0,2,-1,54,2,133,-1,133,2,138,-1,70,68,127,-1,127,68,66,-1,127,66,130,-1,130,66,64,-1,130,64,134,-1,134,64,61,-1,134,61,132,-1,132,61,59,-1,132,59,57,-1,0,40,4,-1,4,40,38,-1,4,38,35,-1,97,95,125,-1,125,95,93,-1,125,93,127,-1,127,93,90,-1,90,88,127,-1,127,88,86,-1,127,86,74,-1,74,86,84,-1,74,84,76,-1,52,50,0,-1,0,50,48,-1,0,48,46,-1,33,11,35,-1,35,11,9,-1,35,9,6,-1,46,44,0,-1,0,44,42,-1,0,42,40,-1,82,80,84,-1,84,80,78,-1,84,78,76,-1,121,103,123,-1,123,103,101,-1,123,101,125,-1,125,101,99,-1,125,99,97,-1,121,119,103,-1,103,119,117,-1,103,117,105,-1,31,15,33,-1,33,15,13,-1,33,13,11,-1,31,29,15,-1,15,29,27,-1,15,27,25,-1,19,17,21,-1,21,17,15,-1,21,15,23,-1,23,15,25,-1,113,111,115,-1,115,111,109,-1,115,109,117,-1,117,109,107,-1,117,107,105,-1,133,139,132,-1,132,139,140,-1,139,133,138,-1,139,138,141,-1,141,138,137,-1,141,137,142,-1,142,137,136,-1,142,136,143,-1,135,144,136,-1,136,144,143,-1,134,145,135,-1,135,145,144,-1,140,145,132,-1,132,145,134,-1,146,147,148,-1,148,147,149,-1,147,146,150,-1,147,150,151,-1,151,150,152,-1,151,152,153,-1,153,152,154,-1,153,154,155,-1,155,154,156,-1,155,156,157,-1,157,156,158,-1,157,158,159,-1,159,158,160,-1,159,160,161,-1,161,160,162,-1,161,162,163,-1,163,162,164,-1,163,164,165,-1,165,164,166,-1,165,166,167,-1,168,169,166,-1,166,169,167,-1,170,171,168,-1,168,171,169,-1,171,170,172,-1,171,172,173,-1,173,172,174,-1,173,174,175,-1,176,177,174,-1,174,177,175,-1,178,179,176,-1,176,179,177,-1,179,178,180,-1,179,180,181,-1,181,180,182,-1,181,182,183,-1,183,182,184,-1,183,184,185,-1,185,184,186,-1,185,186,187,-1,187,186,188,-1,187,188,189,-1,189,188,190,-1,189,190,191,-1,191,190,192,-1,191,192,193,-1,193,192,194,-1,193,194,195,-1,195,194,196,-1,195,196,197,-1,197,196,198,-1,197,198,199,-1,199,198,200,-1,199,200,201,-1,201,200,202,-1,201,202,203,-1,203,202,204,-1,203,204,205,-1,205,204,206,-1,205,206,207,-1,207,206,208,-1,207,208,209,-1,209,208,210,-1,209,210,211,-1,211,210,212,-1,211,212,213,-1,214,215,212,-1,212,215,213,-1,215,214,216,-1,215,216,217,-1,217,216,218,-1,217,218,219,-1,219,218,220,-1,220,218,221,-1,220,221,222,-1,222,221,223,-1,222,223,224,-1,225,224,226,-1,226,224,223,-1,225,226,227,-1,227,226,228,-1,227,228,229,-1,229,228,230,-1,229,230,231,-1,231,230,232,-1,231,232,233,-1,233,232,234,-1,233,234,235,-1,236,237,234,-1,234,237,235,-1,237,236,238,-1,237,238,239,-1,239,238,240,-1,239,240,241,-1,241,240,242,-1,241,242,243,-1,243,242,244,-1,243,244,245,-1,245,244,246,-1,245,246,247,-1,247,246,248,-1,247,248,249,-1,249,248,250,-1,249,250,251,-1,251,250,252,-1,251,252,253,-1,253,252,254,-1,253,254,255,-1,255,254,256,-1,255,256,257,-1,257,256,258,-1,257,258,259,-1,259,258,260,-1,259,260,261,-1,261,260,262,-1,261,262,263,-1,263,262,264,-1,263,264,265,-1,266,267,264,-1,264,267,265,-1,268,269,266,-1,266,269,267,-1,270,271,268,-1,268,271,269,-1,271,270,272,-1,271,272,273,-1,273,272,148,-1,273,148,149,-1,242,240,264,-1,170,168,274,-1,168,166,146,-1,146,166,164,-1,146,164,150,-1,146,148,168,-1,168,148,272,-1,168,272,274,-1,274,272,270,-1,274,270,275,-1,276,277,232,-1,232,277,278,-1,232,278,279,-1,240,238,264,-1,264,238,236,-1,264,236,266,-1,266,236,234,-1,266,234,268,-1,268,234,232,-1,232,230,276,-1,276,230,216,-1,276,216,280,-1,270,268,275,-1,275,268,232,-1,275,232,281,-1,281,232,279,-1,282,283,178,-1,178,283,180,-1,180,283,284,-1,180,284,182,-1,258,256,254,-1,178,176,282,-1,282,176,174,-1,282,174,274,-1,274,174,172,-1,274,172,170,-1,182,284,184,-1,184,284,285,-1,184,285,186,-1,264,250,248,-1,162,154,164,-1,164,154,152,-1,164,152,150,-1,162,160,154,-1,154,160,158,-1,154,158,156,-1,286,287,202,-1,250,264,252,-1,252,264,262,-1,252,262,254,-1,254,262,260,-1,254,260,258,-1,248,246,264,-1,264,246,244,-1,264,244,242,-1,226,223,228,-1,228,223,221,-1,228,221,230,-1,230,221,218,-1,230,218,216,-1,202,287,204,-1,216,214,280,-1,280,214,212,-1,280,212,210,-1,287,288,204,-1,204,288,289,-1,204,289,206,-1,206,289,280,-1,206,280,208,-1,208,280,210,-1,186,285,188,-1,188,285,290,-1,188,290,190,-1,190,290,291,-1,190,291,192,-1,192,291,292,-1,192,292,194,-1,292,293,194,-1,194,293,294,-1,194,294,196,-1,196,294,295,-1,196,295,198,-1,198,295,286,-1,198,286,200,-1,200,286,202,-1,278,296,279,-1,279,296,297,-1,296,278,277,-1,296,277,298,-1,298,277,276,-1,298,276,299,-1,299,276,280,-1,299,280,300,-1,300,280,289,-1,300,289,301,-1,301,289,288,-1,301,288,302,-1,302,288,287,-1,302,287,303,-1,303,287,286,-1,303,286,304,-1,304,286,295,-1,304,295,305,-1,305,295,294,-1,305,294,306,-1,306,294,293,-1,306,293,307,-1,307,293,292,-1,307,292,308,-1,308,292,291,-1,308,291,309,-1,309,291,290,-1,309,290,310,-1,310,290,285,-1,310,285,311,-1,311,285,284,-1,311,284,312,-1,312,284,283,-1,312,283,313,-1,313,283,282,-1,313,282,314,-1,274,315,282,-1,282,315,314,-1,275,316,274,-1,274,316,315,-1,316,275,281,-1,316,281,317,-1,317,281,279,-1,317,279,297,-1,318,319,320,-1,320,319,321,-1,319,318,322,-1,319,322,323,-1,323,322,324,-1,323,324,325,-1,325,324,326,-1,325,326,327,-1,328,329,326,-1,326,329,327,-1,330,331,328,-1,328,331,329,-1,331,330,332,-1,331,332,333,-1,333,332,334,-1,333,334,335,-1,335,334,336,-1,335,336,337,-1,337,336,338,-1,337,338,339,-1,339,338,340,-1,339,340,341,-1,341,340,342,-1,341,342,343,-1,343,342,344,-1,343,344,345,-1,345,344,346,-1,345,346,347,-1,347,346,348,-1,347,348,349,-1,349,348,350,-1,349,350,351,-1,351,350,352,-1,351,352,353,-1,354,355,352,-1,352,355,353,-1,356,357,354,-1,354,357,355,-1,358,359,356,-1,356,359,357,-1,359,358,360,-1,359,360,361,-1,361,360,362,-1,361,362,363,-1,364,365,362,-1,362,365,363,-1,366,367,364,-1,364,367,365,-1,367,366,368,-1,367,368,369,-1,369,368,370,-1,369,370,371,-1,371,370,372,-1,371,372,373,-1,373,372,374,-1,373,374,375,-1,375,374,376,-1,375,376,377,-1,377,376,378,-1,377,378,379,-1,379,378,380,-1,379,380,381,-1,381,380,382,-1,381,382,383,-1,383,382,384,-1,383,384,385,-1,385,384,386,-1,385,386,387,-1,387,386,388,-1,387,388,389,-1,389,388,390,-1,389,390,391,-1,392,393,390,-1,390,393,391,-1,393,392,394,-1,393,394,395,-1,395,394,396,-1,395,396,397,-1,398,399,396,-1,396,399,397,-1,399,398,400,-1,399,400,401,-1,401,400,402,-1,401,402,403,-1,403,402,404,-1,403,404,405,-1,405,404,406,-1,405,406,407,-1,407,406,408,-1,407,408,409,-1,409,408,410,-1,409,410,411,-1,411,410,412,-1,411,412,413,-1,413,412,414,-1,413,414,415,-1,415,414,416,-1,415,416,417,-1,417,416,418,-1,417,418,419,-1,419,418,420,-1,419,420,421,-1,421,420,422,-1,421,422,423,-1,423,422,424,-1,423,424,425,-1,426,427,424,-1,424,427,425,-1,427,426,428,-1,427,428,429,-1,429,428,430,-1,429,430,431,-1,432,433,430,-1,430,433,431,-1,433,432,434,-1,433,434,435,-1,435,434,436,-1,435,436,437,-1,437,436,438,-1,437,438,439,-1,439,438,440,-1,439,440,441,-1,441,440,442,-1,441,442,443,-1,443,442,444,-1,443,444,445,-1,445,444,446,-1,445,446,447,-1,447,446,448,-1,447,448,449,-1,449,448,450,-1,449,450,451,-1,451,450,452,-1,451,452,453,-1,453,452,454,-1,453,454,455,-1,455,454,456,-1,455,456,457,-1,457,456,458,-1,457,458,459,-1,459,458,460,-1,459,460,461,-1,461,460,462,-1,461,462,463,-1,464,465,462,-1,462,465,463,-1,465,464,466,-1,465,466,467,-1,467,466,468,-1,467,468,469,-1,470,471,468,-1,468,471,469,-1,471,470,472,-1,471,472,473,-1,473,472,474,-1,473,474,475,-1,476,477,474,-1,474,477,475,-1,477,476,478,-1,477,478,479,-1,479,478,480,-1,479,480,481,-1,481,480,482,-1,481,482,483,-1,483,482,484,-1,484,482,485,-1,484,485,486,-1,486,485,487,-1,487,485,488,-1,487,488,489,-1,489,488,490,-1,489,490,491,-1,491,490,492,-1,491,492,493,-1,493,492,494,-1,493,494,495,-1,495,494,496,-1,495,496,497,-1,497,496,498,-1,497,498,499,-1,499,498,500,-1,499,500,501,-1,501,500,502,-1,501,502,503,-1,503,502,504,-1,503,504,505,-1,505,504,506,-1,505,506,507,-1,507,506,508,-1,507,508,509,-1,509,508,510,-1,509,510,511,-1,512,513,510,-1,510,513,511,-1,513,512,514,-1,513,514,515,-1,515,514,516,-1,515,516,517,-1,518,519,516,-1,516,519,517,-1,518,320,519,-1,519,320,321,-1,402,400,356,-1,362,360,392,-1,392,360,358,-1,326,324,352,-1,400,398,356,-1,356,398,396,-1,356,396,358,-1,358,396,394,-1,358,394,392,-1,430,428,356,-1,428,426,356,-1,356,426,424,-1,356,424,422,-1,422,420,356,-1,356,420,418,-1,356,418,416,-1,320,354,318,-1,318,354,352,-1,318,352,322,-1,322,352,324,-1,362,392,364,-1,364,392,390,-1,364,390,366,-1,366,390,388,-1,366,388,386,-1,356,410,408,-1,436,434,518,-1,518,434,432,-1,518,432,320,-1,320,432,430,-1,320,430,354,-1,354,430,356,-1,416,414,356,-1,356,414,412,-1,356,412,410,-1,336,334,350,-1,350,334,352,-1,328,326,330,-1,330,326,352,-1,330,352,332,-1,332,352,334,-1,448,446,518,-1,518,446,444,-1,518,444,442,-1,386,384,366,-1,366,384,382,-1,366,382,380,-1,408,406,356,-1,356,406,404,-1,356,404,402,-1,496,494,508,-1,508,494,492,-1,508,492,510,-1,510,492,490,-1,510,490,488,-1,472,470,518,-1,518,470,468,-1,518,468,466,-1,466,464,518,-1,518,464,462,-1,518,462,460,-1,370,376,372,-1,372,376,374,-1,380,378,366,-1,366,378,376,-1,366,376,368,-1,368,376,370,-1,454,452,518,-1,518,452,450,-1,518,450,448,-1,442,440,518,-1,518,440,438,-1,518,438,436,-1,488,485,510,-1,510,485,482,-1,510,482,512,-1,512,482,480,-1,512,480,514,-1,514,480,478,-1,514,478,516,-1,516,478,476,-1,516,476,518,-1,518,476,474,-1,518,474,472,-1,460,458,518,-1,518,458,456,-1,518,456,454,-1,342,340,350,-1,350,340,338,-1,350,338,336,-1,502,508,504,-1,504,508,506,-1,502,500,508,-1,508,500,498,-1,508,498,496,-1,348,346,350,-1,350,346,344,-1,350,344,342,-1,520,521,522,-1,522,521,523,-1,524,525,520,-1,520,525,521,-1,526,527,524,-1,524,527,525,-1,527,526,528,-1,527,528,529,-1,529,528,530,-1,529,530,531,-1,531,530,532,-1,531,532,533,-1,533,532,534,-1,533,534,535,-1,535,534,536,-1,535,536,537,-1,537,536,538,-1,537,538,539,-1,539,538,540,-1,539,540,541,-1,541,540,542,-1,541,542,543,-1,543,542,544,-1,543,544,545,-1,545,544,546,-1,545,546,547,-1,547,546,548,-1,547,548,549,-1,549,548,550,-1,549,550,551,-1,551,550,552,-1,551,552,553,-1,553,552,554,-1,553,554,555,-1,555,554,556,-1,555,556,557,-1,557,556,558,-1,557,558,559,-1,559,558,560,-1,559,560,561,-1,561,560,562,-1,561,562,563,-1,563,562,564,-1,563,564,565,-1,565,564,566,-1,565,566,567,-1,567,566,568,-1,567,568,569,-1,569,568,570,-1,569,570,571,-1,571,570,572,-1,571,572,573,-1,573,572,574,-1,573,574,575,-1,575,574,576,-1,575,576,577,-1,577,576,578,-1,577,578,579,-1,579,578,580,-1,579,580,581,-1,581,580,582,-1,581,582,583,-1,583,582,584,-1,583,584,585,-1,586,587,584,-1,584,587,585,-1,588,589,586,-1,586,589,587,-1,589,588,590,-1,589,590,591,-1,591,590,592,-1,591,592,593,-1,593,592,594,-1,593,594,595,-1,595,594,596,-1,595,596,597,-1,597,596,598,-1,597,598,599,-1,599,598,600,-1,599,600,601,-1,601,600,602,-1,601,602,603,-1,603,602,604,-1,603,604,605,-1,605,604,606,-1,605,606,607,-1,607,606,608,-1,607,608,609,-1,609,608,610,-1,609,610,611,-1,611,610,612,-1,611,612,613,-1,613,612,614,-1,613,614,615,-1,615,614,616,-1,615,616,617,-1,617,616,618,-1,617,618,619,-1,619,618,620,-1,619,620,621,-1,621,620,622,-1,621,622,623,-1,623,622,624,-1,623,624,625,-1,625,624,626,-1,625,626,627,-1,627,626,628,-1,627,628,629,-1,629,628,630,-1,629,630,631,-1,631,630,632,-1,631,632,633,-1,633,632,634,-1,633,634,635,-1,635,634,636,-1,635,636,637,-1,637,636,638,-1,637,638,639,-1,639,638,640,-1,639,640,641,-1,642,643,640,-1,640,643,641,-1,642,522,643,-1,643,522,523,-1,524,520,642,-1,642,520,522,-1,640,536,642,-1,642,536,534,-1,642,534,532,-1,526,524,528,-1,528,524,642,-1,528,642,530,-1,530,642,532,-1,640,638,536,-1,536,638,636,-1,536,636,538,-1,538,636,634,-1,538,634,540,-1,540,634,632,-1,540,632,542,-1,632,630,542,-1,542,630,628,-1,542,628,544,-1,544,628,626,-1,544,626,546,-1,546,626,624,-1,546,624,548,-1,548,624,622,-1,548,622,550,-1,550,622,552,-1,552,622,620,-1,552,620,554,-1,554,620,618,-1,554,618,556,-1,556,618,616,-1,556,616,558,-1,558,616,614,-1,558,614,560,-1,560,614,612,-1,560,612,562,-1,562,612,610,-1,562,610,564,-1,564,610,608,-1,564,608,566,-1,566,608,606,-1,566,606,568,-1,568,606,604,-1,568,604,570,-1,570,604,602,-1,570,602,572,-1,572,602,600,-1,572,600,574,-1,574,600,598,-1,574,598,576,-1,576,598,596,-1,576,596,578,-1,578,596,594,-1,578,594,580,-1,580,594,592,-1,580,592,582,-1,582,592,590,-1,582,590,584,-1,584,590,588,-1,584,588,586,-1,644,645,646,-1,646,645,647,-1,646,647,648,-1,645,644,649,-1,645,649,650,-1,650,649,651,-1,650,651,652,-1,652,651,653,-1,652,653,654,-1,655,656,653,-1,653,656,654,-1,656,655,657,-1,656,657,658,-1,658,657,659,-1,658,659,660,-1,660,659,661,-1,660,661,662,-1,662,661,663,-1,662,663,664,-1,664,663,665,-1,664,665,666,-1,666,665,667,-1,666,667,668,-1,668,667,669,-1,668,669,670,-1,670,669,671,-1,670,671,672,-1,672,671,673,-1,672,673,674,-1,674,673,675,-1,674,675,676,-1,676,675,677,-1,676,677,678,-1,678,677,679,-1,678,679,680,-1,680,679,681,-1,680,681,682,-1,682,681,683,-1,682,683,684,-1,684,683,685,-1,684,685,686,-1,686,685,687,-1,686,687,688,-1,688,687,689,-1,688,689,690,-1,690,689,691,-1,690,691,692,-1,692,691,693,-1,692,693,694,-1,694,693,695,-1,694,695,696,-1,696,695,697,-1,696,697,698,-1,698,697,699,-1,698,699,700,-1,701,702,699,-1,699,702,700,-1,703,704,701,-1,701,704,702,-1,704,703,705,-1,704,705,706,-1,706,705,707,-1,706,707,708,-1,708,707,709,-1,708,709,710,-1,710,709,711,-1,710,711,712,-1,712,711,713,-1,712,713,714,-1,714,713,715,-1,714,715,716,-1,716,715,717,-1,716,717,718,-1,718,717,719,-1,718,719,720,-1,720,719,721,-1,720,721,722,-1,722,721,723,-1,722,723,724,-1,724,723,725,-1,724,725,726,-1,727,728,725,-1,725,728,726,-1,729,730,727,-1,727,730,728,-1,731,730,732,-1,732,730,729,-1,731,732,733,-1,733,732,734,-1,733,734,735,-1,736,737,734,-1,734,737,735,-1,736,646,737,-1,737,646,648,-1,667,665,693,-1,693,665,663,-1,693,663,695,-1,669,667,671,-1,671,667,693,-1,671,693,673,-1,673,693,691,-1,673,691,675,-1,729,727,655,-1,655,727,725,-1,655,725,723,-1,663,661,695,-1,695,661,659,-1,695,659,697,-1,697,659,657,-1,646,736,644,-1,644,736,734,-1,644,734,649,-1,649,734,732,-1,649,732,651,-1,651,732,729,-1,651,729,653,-1,653,729,655,-1,723,721,655,-1,655,721,719,-1,655,719,717,-1,679,689,687,-1,689,679,691,-1,691,679,677,-1,691,677,675,-1,717,715,655,-1,655,715,713,-1,655,713,711,-1,711,709,655,-1,655,709,707,-1,655,707,705,-1,705,703,655,-1,655,703,701,-1,655,701,657,-1,657,701,699,-1,657,699,697,-1,687,685,679,-1,679,685,683,-1,679,683,681,-1,
        ]
    }
}
Shape{
    appearance Appearance {
        material  Material 	{
            diffuseColor 0.27450980392156865 0.49411764705882355 0.27450980392156865
            specularColor 0.0196078431372549 0.03529411764705882 0.0196078431372549
            ambientIntensity 0.5763
            transparency 0.0
            shininess 0.5
        }
    }
    geometry IndexedFaceSet {
        ccw TRUE
        solid FALSE
        coord DEF co Coordinate {
            point [
                -1.4323 -1.0873 0.0, -1.4247 -1.08 0.0, -1.4428 -1.1595 0.0, -1.4612 -1.0763 0.0, -1.4501 -1.0786 0.0, -1.4418 -1.0812 0.0, -1.4394 -1.0825 0.0, -1.5686 -1.1646 0.0, -1.5686 -1.0148 0.0, -1.5632 -1.1669 0.0, -1.5642 -1.0147 0.0, -1.5598 -1.0148 0.0, -1.5474 -1.0163 0.0, -1.5386 -1.0174 0.0, -1.5389 -1.1706 0.0, -1.5512 -1.1697 0.0, -1.5103 -1.1074 0.0, -1.5109 -1.0657 0.0, -1.5314 -1.1691 0.0, -1.5136 -1.1459 0.0, -1.516 -1.1544 0.0, -1.5323 -1.019 0.0, -1.5277 -1.021 0.0, -1.5243 -1.0237 0.0, -1.5192 -1.1605 0.0, -1.5226 -1.1646 0.0, -1.5259 -1.167 0.0, -1.521 -1.028 0.0, -1.5154 -1.0406 0.0, -1.7362 0.9842 1.5222, -1.7362 0.9842 1.8676, -1.2638 0.9842 1.5222, -1.2638 0.9842 1.8676, -1.7362 0.9842 0.7874, -1.7362 1.1811 0.7874, -1.7362 1.1811 1.1811, -1.2638 1.1811 0.7874, -1.2638 0.9842 0.7874, -1.2638 1.1811 1.1811
            ]
        }
        coordIndex [
            0,1,2,-1,2,3,4,-1,4,5,2,-1,2,5,6,-1,2,6,0,-1,7,8,9,-1,9,8,10,-1,10,11,9,-1,9,11,12,-1,9,12,13,-1,14,15,16,-1,16,15,9,-1,16,9,17,-1,14,16,18,-1,18,16,19,-1,18,19,20,-1,13,21,9,-1,9,21,22,-1,9,22,23,-1,20,24,18,-1,18,24,25,-1,18,25,26,-1,23,27,9,-1,9,27,28,-1,9,28,17,-1,29,30,31,-1,31,30,32,-1,33,34,29,-1,29,34,35,-1,29,35,30,-1,36,37,38,-1,38,37,31,-1,38,31,32,-1,37,36,33,-1,33,36,34,-1,
        ]
    }
}
Shape{
    appearance Appearance {
        material  Material 	{
            diffuseColor 0.6470588235294118 0.6196078431372549 0.5882352941176471
            specularColor 0.45098039215686275 0.43529411764705883 0.4117647058823529
            ambientIntensity 0.6242
            transparency 0.0
            shininess 0.5
        }
    }
    geometry IndexedFaceSet {
        ccw TRUE
        solid FALSE
        coord DEF co Coordinate {
            point [
                1.7674 -0.2428 3.2205, 1.7983 -0.1884 3.2205, 1.2017 -0.1884 3.2205, 1.8116 -0.1533 3.2205, 1.1884 -0.1533 3.2205, 1.3778 -0.358 3.2205, 1.4378 -0.3757 3.2205, 1.3223 -0.3292 3.2205, 1.2733 -0.2903 3.2205, 1.2326 -0.2428 3.2205, 1.5 -0.3817 3.2205, 1.5622 -0.3757 3.2205, 1.6222 -0.358 3.2205, 1.6777 -0.3292 3.2205, 1.7267 -0.2903 3.2205, 1.2137 -0.3412 3.1417, 1.2187 -0.347 3.1417, 1.2205 -0.3451 3.1621, 1.2979 -0.4048 3.1417, 1.3483 -0.431 3.1417, 1.3493 -0.4285 3.1621, 1.6045 -0.445 3.1417, 1.6517 -0.431 3.1417, 1.6507 -0.4285 3.1621, 1.7863 -0.3412 3.1417, 1.8318 -0.2881 3.1417, 1.8296 -0.2865 3.1621, 1.8127 -0.1533 3.2205, 1.8169 -0.1968 3.2178, 1.8327 -0.1533 3.2179, 1.8329 -0.1533 3.2178, 1.8415 -0.1533 3.2151, 1.8342 -0.2045 3.2099, 1.8524 -0.1533 3.2095, 1.8588 -0.1533 3.2062, 1.8491 -0.2112 3.1974, 1.8662 -0.1533 3.2005, 1.8605 -0.2163 3.1811, 1.8788 -0.1533 3.1868, 1.8693 -0.1533 3.1971, 1.8906 -0.1533 3.1621, 1.8906 -0.1533 3.1624, 1.8677 -0.2195 3.1621, 1.8836 -0.1533 3.1793, 1.8825 -0.1533 3.1811, 1.8934 -0.1533 3.1417, 1.8924 -0.1533 3.1542, 1.8912 -0.1597 3.1417, 1.8701 -0.2206 3.1417, 1.8496 -0.2568 3.1417, 1.1066 -0.1533 3.1417, 1.1088 -0.1597 3.1417, 1.107 -0.1533 3.1498, 1.1095 -0.1533 3.1621, 1.1323 -0.2195 3.1621, 1.11 -0.1533 3.1644, 1.1395 -0.2163 3.1811, 1.1175 -0.1533 3.1812, 1.122 -0.1533 3.1878, 1.1509 -0.2112 3.1974, 1.1308 -0.1533 3.1971, 1.1582 -0.1533 3.215, 1.1476 -0.1533 3.2095, 1.1658 -0.2045 3.2099, 1.1409 -0.1533 3.206, 1.135 -0.1533 3.2015, 1.1652 -0.1533 3.2173, 1.1831 -0.1968 3.2178, 1.1671 -0.1533 3.2176, 1.185 -0.1533 3.2204, 1.6888 -0.3463 3.2178, 1.6298 -0.3769 3.2178, 1.6991 -0.3622 3.2099, 1.6369 -0.3945 3.2099, 1.708 -0.3759 3.1974, 1.643 -0.4096 3.1974, 1.7148 -0.3864 3.1811, 1.6477 -0.4212 3.1811, 1.7191 -0.393 3.1621, 1.4339 -0.3957 3.2178, 1.3702 -0.3769 3.2178, 1.4303 -0.4144 3.2099, 1.3631 -0.3945 3.2099, 1.4271 -0.4304 3.1974, 1.357 -0.4096 3.1974, 1.4248 -0.4427 3.1811, 1.3523 -0.4212 3.1811, 1.4233 -0.4504 3.1621, 1.2159 -0.2545 3.2178, 1.2004 -0.2654 3.2099, 1.1871 -0.2748 3.1974, 1.1768 -0.282 3.1811, 1.1704 -0.2865 3.1621, 1.8232 -0.282 3.1811, 1.8129 -0.2748 3.1974, 1.7996 -0.2654 3.2099, 1.7841 -0.2545 3.2178, 1.7813 -0.347 3.1417, 1.7795 -0.3451 3.1621, 1.774 -0.3394 3.1811, 1.7653 -0.3304 3.1974, 1.754 -0.3186 3.2099, 1.7408 -0.305 3.2178, 1.7205 -0.3952 3.1417, 1.7021 -0.4048 3.1417, 1.5772 -0.453 3.1417, 1.5767 -0.4504 3.1621, 1.5752 -0.4427 3.1811, 1.5729 -0.4304 3.1974, 1.5697 -0.4144 3.2099, 1.5661 -0.3957 3.2178, 1.5 -0.4021 3.2178, 1.5 -0.4211 3.2099, 1.5 -0.4374 3.1974, 1.5 -0.4499 3.1811, 1.5 -0.4578 3.1621, 1.5 -0.4604 3.1417, 1.4228 -0.453 3.1417, 1.3955 -0.445 3.1417, 1.2795 -0.3952 3.1417, 1.2809 -0.393 3.1621, 1.2852 -0.3864 3.1811, 1.292 -0.3759 3.1974, 1.3009 -0.3622 3.2099, 1.3112 -0.3463 3.2178, 1.2592 -0.305 3.2178, 1.246 -0.3186 3.2099, 1.2347 -0.3304 3.1974, 1.226 -0.3394 3.1811, 1.1682 -0.2881 3.1417, 1.1299 -0.2206 3.1417, 1.1504 -0.2568 3.1417, 1.7352 -0.0549 2.6435, 1.7272 0.006 1.8392, 1.7272 0.006 2.6435, 1.7037 0.0627 1.8392, 1.7037 0.0627 2.6435, 1.6663 0.1114 1.8392, 1.6663 0.1114 2.6435, 1.6176 0.1488 1.8392, 1.6176 0.1488 2.6435, 1.5609 0.1723 1.8392, 1.5609 0.1723 2.6435, 1.5 0.1803 1.8392, 1.5 0.1803 2.6435, 1.4391 0.1723 1.8392, 1.4391 0.1723 2.6435, 1.3824 0.1488 1.8392, 1.3824 0.1488 2.6435, 1.3337 0.1114 1.8392, 1.3337 0.1114 2.6435, 1.2963 0.0627 1.8392, 1.2963 0.0627 2.6435, 1.2728 0.006 1.8392, 1.2728 0.006 2.6435, 1.2648 -0.0549 1.8392, 1.2648 -0.0549 2.6435, 1.2728 -0.1158 1.8392, 1.2728 -0.1158 2.6435, 1.2963 -0.1725 1.8392, 1.2963 -0.1725 2.6435, 1.3337 -0.2212 1.8392, 1.3337 -0.2212 2.6435, 1.3824 -0.2586 1.8392, 1.3824 -0.2586 2.6435, 1.4391 -0.2821 1.8392, 1.4391 -0.2821 2.6435, 1.5 -0.2901 1.8392, 1.5 -0.2901 2.6435, 1.5609 -0.2821 1.8392, 1.5609 -0.2821 2.6435, 1.6176 -0.2586 1.8392, 1.6176 -0.2586 2.6435, 1.6663 -0.2212 1.8392, 1.6663 -0.2212 2.6435, 1.7037 -0.1725 1.8392, 1.7037 -0.1725 2.6435, 1.7272 -0.1158 1.8392, 1.7272 -0.1158 2.6435, 1.7352 -0.0549 1.8392
            ]
        }
        coordIndex [
            0,1,2,-1,2,1,3,-1,2,3,4,-1,5,6,7,-1,7,6,8,-1,8,6,9,-1,9,6,10,-1,9,10,11,-1,11,12,9,-1,9,12,13,-1,9,13,2,-1,2,13,14,-1,2,14,0,-1,15,16,17,-1,18,19,20,-1,21,22,23,-1,24,25,26,-1,3,1,27,-1,27,1,28,-1,27,28,29,-1,29,28,30,-1,30,28,31,-1,31,28,32,-1,31,32,33,-1,33,32,34,-1,34,32,35,-1,34,35,36,-1,37,38,35,-1,35,38,39,-1,35,39,36,-1,40,41,42,-1,42,41,43,-1,42,43,37,-1,37,43,44,-1,37,44,38,-1,45,46,47,-1,47,46,40,-1,47,40,48,-1,48,40,42,-1,48,42,49,-1,50,51,52,-1,52,51,53,-1,53,54,55,-1,55,54,56,-1,55,56,57,-1,57,56,58,-1,58,56,59,-1,58,59,60,-1,61,62,63,-1,63,62,64,-1,63,64,59,-1,59,64,65,-1,59,65,60,-1,61,63,66,-1,66,63,67,-1,66,67,68,-1,68,67,69,-1,69,67,2,-1,69,2,4,-1,13,12,70,-1,70,12,71,-1,70,71,72,-1,72,71,73,-1,72,73,74,-1,74,73,75,-1,74,75,76,-1,76,75,77,-1,76,77,78,-1,78,77,23,-1,6,5,79,-1,79,5,80,-1,79,80,81,-1,81,80,82,-1,81,82,83,-1,83,82,84,-1,83,84,85,-1,85,84,86,-1,85,86,87,-1,87,86,20,-1,9,2,88,-1,88,2,67,-1,88,67,89,-1,89,67,63,-1,89,63,90,-1,90,63,59,-1,90,59,91,-1,91,59,56,-1,91,56,92,-1,92,56,54,-1,25,49,26,-1,26,49,42,-1,26,42,93,-1,93,42,37,-1,93,37,94,-1,94,37,35,-1,94,35,95,-1,95,35,32,-1,95,32,96,-1,96,32,28,-1,96,28,0,-1,0,28,1,-1,97,24,98,-1,98,24,26,-1,98,26,99,-1,99,26,93,-1,99,93,100,-1,100,93,94,-1,100,94,101,-1,101,94,95,-1,101,95,102,-1,102,95,96,-1,102,96,14,-1,14,96,0,-1,14,13,102,-1,102,13,70,-1,102,70,101,-1,101,70,72,-1,101,72,100,-1,100,72,74,-1,100,74,99,-1,99,74,76,-1,99,76,98,-1,98,76,78,-1,98,78,97,-1,97,78,103,-1,23,22,78,-1,78,22,104,-1,78,104,103,-1,105,21,106,-1,106,21,23,-1,106,23,107,-1,107,23,77,-1,107,77,108,-1,108,77,75,-1,108,75,109,-1,109,75,73,-1,109,73,110,-1,110,73,71,-1,110,71,11,-1,11,71,12,-1,11,10,110,-1,110,10,111,-1,110,111,109,-1,109,111,112,-1,109,112,108,-1,108,112,113,-1,108,113,107,-1,107,113,114,-1,107,114,106,-1,106,114,115,-1,106,115,105,-1,105,115,116,-1,10,6,111,-1,111,6,79,-1,111,79,112,-1,112,79,81,-1,112,81,113,-1,113,81,83,-1,113,83,114,-1,114,83,85,-1,114,85,115,-1,115,85,87,-1,115,87,116,-1,116,87,117,-1,20,19,87,-1,87,19,118,-1,87,118,117,-1,119,18,120,-1,120,18,20,-1,120,20,121,-1,121,20,86,-1,121,86,122,-1,122,86,84,-1,122,84,123,-1,123,84,82,-1,123,82,124,-1,124,82,80,-1,124,80,7,-1,7,80,5,-1,7,8,124,-1,124,8,125,-1,124,125,123,-1,123,125,126,-1,123,126,122,-1,122,126,127,-1,122,127,121,-1,121,127,128,-1,121,128,120,-1,120,128,17,-1,120,17,119,-1,119,17,16,-1,129,15,92,-1,92,15,17,-1,92,17,91,-1,91,17,128,-1,91,128,90,-1,90,128,127,-1,90,127,89,-1,89,127,126,-1,89,126,88,-1,88,126,125,-1,88,125,9,-1,9,125,8,-1,53,51,54,-1,54,51,130,-1,54,130,92,-1,92,130,131,-1,92,131,129,-1,132,133,134,-1,134,133,135,-1,134,135,136,-1,136,135,137,-1,136,137,138,-1,138,137,139,-1,138,139,140,-1,140,139,141,-1,140,141,142,-1,142,141,143,-1,142,143,144,-1,144,143,145,-1,144,145,146,-1,146,145,147,-1,146,147,148,-1,148,147,149,-1,148,149,150,-1,150,149,151,-1,150,151,152,-1,152,151,153,-1,152,153,154,-1,154,153,155,-1,154,155,156,-1,156,155,157,-1,156,157,158,-1,158,157,159,-1,158,159,160,-1,160,159,161,-1,160,161,162,-1,162,161,163,-1,162,163,164,-1,164,163,165,-1,164,165,166,-1,166,165,167,-1,166,167,168,-1,168,167,169,-1,168,169,170,-1,170,169,171,-1,170,171,172,-1,172,171,173,-1,172,173,174,-1,174,173,175,-1,174,175,176,-1,176,175,177,-1,176,177,178,-1,178,177,179,-1,178,179,132,-1,132,179,133,-1,
        ]
    }
}
Shape{
    appearance Appearance {
        material  Material 	{
            diffuseColor 0.27450980392156865 0.49411764705882355 0.27450980392156865
            specularColor 0.0196078431372549 0.03529411764705882 0.0196078431372549
            ambientIntensity 0.5763
            transparency 0.0
            shininess 0.5
        }
    }
    geometry IndexedFaceSet {
        ccw TRUE
        solid FALSE
        coord DEF co Coordinate {
            point [
                2.0 -1.2992 1.9685, 2.0 -1.2992 0.0, 2.0 -1.1839 0.0, 2.0 0.5263 3.4646, 2.0 -0.6361 3.4646, 2.0 1.1811 1.1811, 2.0 -0.9843 2.1654, 2.0 -0.9997 0.0, 2.0 -0.9512 0.0, 2.0 1.1811 0.0, 2.0 -1.2416 2.1077, 2.0 -1.2728 2.0669, 2.0 -1.2008 2.139, 2.0 -1.2925 2.0195, 2.0 -1.1533 2.1586, 2.0 -1.1024 2.1654, 1.8937 -0.8354 0.5543, 1.8937 -0.9093 0.0, 1.7362 -0.8354 0.5543, 1.5071 -0.9093 0.0, 1.2638 -0.8354 0.5543, 1.4017 -0.9093 0.0, 1.3027 -0.9093 0.0, 1.1063 -0.9093 0.0, 1.1063 -0.8354 0.5543, 1.117 -0.9093 0.0, 1.2017 -0.9093 0.0, 1.2638 -0.8354 1.3035, 1.1063 -0.8354 1.5292, 1.7362 -0.8354 1.3035, 1.8937 -0.8354 1.5292, 1.1063 -0.6872 1.5292, 1.8937 -0.6872 1.5292, 1.1063 -0.6872 2.6435, 1.8937 -0.6872 2.6435, 1.2728 -0.1158 2.6435, 1.2963 -0.1725 2.6435, 1.3337 -0.2212 2.6435, 1.3824 -0.2586 2.6435, 1.7037 -0.1725 2.6435, 1.6663 -0.2212 2.6435, 1.6176 -0.2586 2.6435, 1.4391 -0.2821 2.6435, 1.5 -0.2901 2.6435, 1.5609 -0.2821 2.6435, 1.2648 -0.0549 2.6435, 1.1063 0.6045 2.6435, 1.2728 0.006 2.6435, 1.8937 0.6045 2.6435, 1.7037 0.0627 2.6435, 1.6663 0.1114 2.6435, 1.4391 0.1723 2.6435, 1.3824 0.1488 2.6435, 1.7272 -0.1158 2.6435, 1.7352 -0.0549 2.6435, 1.7272 0.006 2.6435, 1.6176 0.1488 2.6435, 1.5609 0.1723 2.6435, 1.5 0.1803 2.6435, 1.3337 0.1114 2.6435, 1.2963 0.0627 2.6435, 1.1063 0.6045 2.4779, 1.8937 0.6045 2.4779, 1.1063 0.7633 1.9241, 1.8937 0.7633 1.9241, 1.5984 0.7633 1.5222, 1.8937 0.7633 1.5222, 1.5984 0.7633 1.5433, 1.4016 0.7633 1.5433, 1.4016 0.7633 1.5222, 1.1063 0.7633 1.5222, 1.5984 0.8198 1.5222, 1.8937 0.9842 1.5222, 1.1063 0.9842 1.5222, 1.2638 0.9842 1.5222, 1.4016 0.8198 1.5222, 1.7362 0.9842 1.5222, 1.2638 0.9842 0.7874, 1.1063 0.9842 0.0, 1.7362 0.9842 0.7874, 1.117 0.9842 0.0, 1.2017 0.9842 0.0, 1.3027 0.9842 0.0, 1.4017 0.9842 0.0, 1.5071 0.9842 0.0, 1.8937 0.9842 0.0, 1.7037 0.0627 2.6818, 1.7768 0.1049 2.6818, 1.6663 0.1114 2.6818, 1.726 0.1711 2.6818, 1.6176 0.1488 2.6818, 1.6598 0.2219 2.6818, 1.5609 0.1723 2.6818, 1.5827 0.2538 2.6818, 1.5 0.1803 2.6818, 1.5 0.2647 2.6818, 1.4391 0.1723 2.6818, 1.4173 0.2538 2.6818, 1.3824 0.1488 2.6818, 1.3402 0.2219 2.6818, 1.3337 0.1114 2.6818, 1.274 0.1711 2.6818, 1.2963 0.0627 2.6818, 1.2232 0.1049 2.6818, 1.2728 0.006 2.6818, 1.1913 0.0278 2.6818, 1.2648 -0.0549 2.6818, 1.1804 -0.0549 2.6818, 1.2728 -0.1158 2.6818, 1.1913 -0.1376 2.6818, 1.2963 -0.1725 2.6818, 1.2232 -0.2147 2.6818, 1.3337 -0.2212 2.6818, 1.274 -0.2809 2.6818, 1.3824 -0.2586 2.6818, 1.3402 -0.3317 2.6818, 1.4391 -0.2821 2.6818, 1.4173 -0.3636 2.6818, 1.5 -0.2901 2.6818, 1.5 -0.3745 2.6818, 1.5609 -0.2821 2.6818, 1.5827 -0.3636 2.6818, 1.6176 -0.2586 2.6818, 1.6598 -0.3317 2.6818, 1.6663 -0.2212 2.6818, 1.726 -0.2809 2.6818, 1.7037 -0.1725 2.6818, 1.7768 -0.2147 2.6818, 1.7272 -0.1158 2.6818, 1.8087 -0.1376 2.6818, 1.7352 -0.0549 2.6818, 1.8196 -0.0549 2.6818, 1.7272 0.006 2.6818, 1.8087 0.0278 2.6818, 1.8196 -0.0549 2.7983, 1.8087 0.0278 2.7983, 1.7768 0.1049 2.7983, 1.726 0.1711 2.7983, 1.6598 0.2219 2.7983, 1.5827 0.2538 2.7983, 1.5 0.2647 2.7983, 1.4173 0.2538 2.7983, 1.3402 0.2219 2.7983, 1.274 0.1711 2.7983, 1.2232 0.1049 2.7983, 1.1913 0.0278 2.7983, 1.1804 -0.0549 2.7983, 1.1913 -0.1376 2.7983, 1.2232 -0.2147 2.7983, 1.274 -0.2809 2.7983, 1.3402 -0.3317 2.7983, 1.4173 -0.3636 2.7983, 1.5 -0.3745 2.7983, 1.5827 -0.3636 2.7983, 1.6598 -0.3317 2.7983, 1.726 -0.2809 2.7983, 1.7768 -0.2147 2.7983, 1.8087 -0.1376 2.7983, 1.7225 0.3304 2.7983, 1.6152 0.3748 2.7983, 1.5 0.39 2.7983, 1.3848 0.3748 2.7983, 1.2775 0.3304 2.7983, 1.1854 0.2597 2.7983, 1.1147 0.1676 2.7983, 1.0702 0.0602 2.7983, 1.0551 -0.0549 2.7983, 1.0702 -0.1701 2.7983, 1.1147 -0.2774 2.7983, 1.1854 -0.3695 2.7983, 1.2775 -0.4402 2.7983, 1.3848 -0.4847 2.7983, 1.5 -0.4998 2.7983, 1.6152 -0.4847 2.7983, 1.7225 -0.4402 2.7983, 1.8146 -0.3695 2.7983, 1.8853 -0.2774 2.7983, 1.9298 -0.1701 2.7983, 1.9449 -0.0549 2.7983, 1.9298 0.0602 2.7983, 1.8853 0.1676 2.7983, 1.8146 0.2597 2.7983, 1.9449 -0.0549 3.4646, 1.9298 0.0602 3.4646, 1.8853 0.1676 3.4646, 1.8146 0.2597 3.4646, 1.7225 0.3304 3.4646, 1.6152 0.3748 3.4646, 1.5 0.39 3.4646, 1.3848 0.3748 3.4646, 1.2775 0.3304 3.4646, 1.1854 0.2597 3.4646, 1.1147 0.1676 3.4646, 1.0702 0.0602 3.4646, 1.0551 -0.0549 3.4646, 1.0702 -0.1701 3.4646, 1.1147 -0.2774 3.4646, 1.1854 -0.3695 3.4646, 1.2775 -0.4402 3.4646, 1.3848 -0.4847 3.4646, 1.5 -0.4998 3.4646, 1.6152 -0.4847 3.4646, 1.7225 -0.4402 3.4646, 1.8146 -0.3695 3.4646, 1.8853 -0.2774 3.4646, 1.9298 -0.1701 3.4646
            ]
        }
        coordIndex [
            0,1,2,-1,3,4,5,-1,5,4,6,-1,7,8,6,-1,6,8,9,-1,6,9,5,-1,10,11,12,-1,12,11,13,-1,13,0,12,-1,12,0,2,-1,12,2,14,-1,14,2,7,-1,14,7,15,-1,15,7,6,-1,16,17,18,-1,18,17,19,-1,18,19,20,-1,20,19,21,-1,20,21,22,-1,23,24,25,-1,25,24,20,-1,25,20,26,-1,26,20,22,-1,20,24,27,-1,27,24,28,-1,27,28,29,-1,29,28,30,-1,29,30,18,-1,18,30,16,-1,28,31,30,-1,30,31,32,-1,31,33,32,-1,32,33,34,-1,35,36,33,-1,33,36,37,-1,33,37,38,-1,39,34,40,-1,40,34,41,-1,38,42,33,-1,33,42,43,-1,33,43,34,-1,34,43,44,-1,34,44,41,-1,35,33,45,-1,45,33,46,-1,45,46,47,-1,48,49,50,-1,51,52,46,-1,39,53,34,-1,34,53,54,-1,34,54,48,-1,48,54,55,-1,48,55,49,-1,50,56,48,-1,48,56,57,-1,48,57,46,-1,46,57,58,-1,46,58,51,-1,52,59,46,-1,46,59,60,-1,46,60,47,-1,46,61,48,-1,48,61,62,-1,61,63,62,-1,62,63,64,-1,65,66,67,-1,67,66,64,-1,67,64,68,-1,68,64,63,-1,68,63,69,-1,69,63,70,-1,66,65,71,-1,66,71,72,-1,70,73,74,-1,69,70,75,-1,75,70,74,-1,75,74,71,-1,71,74,76,-1,71,76,72,-1,74,73,77,-1,77,73,78,-1,72,76,79,-1,78,80,77,-1,77,80,81,-1,77,81,82,-1,82,83,77,-1,77,83,84,-1,77,84,79,-1,79,84,85,-1,79,85,72,-1,78,73,23,-1,23,73,70,-1,61,46,33,-1,31,28,24,-1,61,33,63,-1,63,33,31,-1,63,31,70,-1,70,31,24,-1,70,24,23,-1,72,85,66,-1,66,85,17,-1,16,30,32,-1,17,16,66,-1,66,16,32,-1,66,32,64,-1,64,32,34,-1,64,34,62,-1,62,34,48,-1,86,87,88,-1,88,87,89,-1,88,89,90,-1,90,89,91,-1,90,91,92,-1,92,91,93,-1,92,93,94,-1,94,93,95,-1,94,95,96,-1,96,95,97,-1,96,97,98,-1,98,97,99,-1,98,99,100,-1,100,99,101,-1,100,101,102,-1,102,101,103,-1,102,103,104,-1,104,103,105,-1,104,105,106,-1,106,105,107,-1,106,107,108,-1,108,107,109,-1,108,109,110,-1,110,109,111,-1,110,111,112,-1,112,111,113,-1,112,113,114,-1,114,113,115,-1,114,115,116,-1,116,115,117,-1,116,117,118,-1,118,117,119,-1,118,119,120,-1,120,119,121,-1,120,121,122,-1,122,121,123,-1,122,123,124,-1,124,123,125,-1,124,125,126,-1,126,125,127,-1,126,127,128,-1,128,127,129,-1,128,129,130,-1,130,129,131,-1,130,131,132,-1,132,131,133,-1,132,133,86,-1,86,133,87,-1,131,134,133,-1,133,134,135,-1,133,135,87,-1,87,135,136,-1,87,136,89,-1,89,136,137,-1,89,137,91,-1,91,137,138,-1,91,138,93,-1,93,138,139,-1,93,139,95,-1,95,139,140,-1,95,140,97,-1,97,140,141,-1,97,141,99,-1,99,141,142,-1,99,142,101,-1,101,142,143,-1,101,143,103,-1,103,143,144,-1,103,144,105,-1,105,144,145,-1,105,145,107,-1,107,145,146,-1,107,146,109,-1,109,146,147,-1,109,147,111,-1,111,147,148,-1,111,148,113,-1,113,148,149,-1,113,149,115,-1,115,149,150,-1,115,150,117,-1,117,150,151,-1,117,151,119,-1,119,151,152,-1,119,152,121,-1,121,152,153,-1,121,153,123,-1,123,153,154,-1,123,154,125,-1,125,154,155,-1,125,155,127,-1,127,155,156,-1,127,156,129,-1,129,156,157,-1,129,157,131,-1,131,157,134,-1,138,158,139,-1,139,158,159,-1,139,159,140,-1,140,159,160,-1,140,160,141,-1,141,160,161,-1,141,161,142,-1,142,161,162,-1,142,162,143,-1,143,162,163,-1,143,163,144,-1,144,163,164,-1,144,164,145,-1,145,164,165,-1,145,165,146,-1,146,165,166,-1,146,166,147,-1,147,166,167,-1,147,167,148,-1,148,167,168,-1,148,168,149,-1,149,168,169,-1,149,169,150,-1,150,169,170,-1,150,170,151,-1,151,170,171,-1,151,171,152,-1,152,171,172,-1,152,172,153,-1,153,172,173,-1,153,173,154,-1,154,173,174,-1,154,174,155,-1,155,174,175,-1,155,175,156,-1,156,175,176,-1,156,176,157,-1,157,176,177,-1,157,177,134,-1,134,177,178,-1,134,178,135,-1,135,178,179,-1,135,179,136,-1,136,179,180,-1,136,180,137,-1,137,180,181,-1,137,181,138,-1,138,181,158,-1,178,182,179,-1,179,182,183,-1,179,183,180,-1,180,183,184,-1,180,184,181,-1,181,184,185,-1,181,185,158,-1,158,185,186,-1,158,186,159,-1,159,186,187,-1,159,187,160,-1,160,187,188,-1,160,188,161,-1,161,188,189,-1,161,189,162,-1,162,189,190,-1,162,190,163,-1,163,190,191,-1,163,191,164,-1,164,191,192,-1,164,192,165,-1,165,192,193,-1,165,193,166,-1,166,193,194,-1,166,194,167,-1,167,194,195,-1,167,195,168,-1,168,195,196,-1,168,196,169,-1,169,196,197,-1,169,197,170,-1,170,197,198,-1,170,198,171,-1,171,198,199,-1,171,199,172,-1,172,199,200,-1,172,200,173,-1,173,200,201,-1,173,201,174,-1,174,201,202,-1,174,202,175,-1,175,202,203,-1,175,203,176,-1,176,203,204,-1,176,204,177,-1,177,204,205,-1,177,205,178,-1,178,205,182,-1,
        ]
    }
}
Shape{
    appearance Appearance {
        material  Material 	{
            diffuseColor 0.6470588235294118 0.6196078431372549 0.5882352941176471
            specularColor 0.45098039215686275 0.43529411764705883 0.4117647058823529
            ambientIntensity 0.6242
            transparency 0.0
            shininess 0.5
        }
    }
    geometry IndexedFaceSet {
        ccw TRUE
        solid FALSE
        coord DEF co Coordinate {
            point [
                1.1884 0.0435 3.2205, 1.8116 0.0435 3.2205, 1.2017 0.0786 3.2205, 1.7983 0.0786 3.2205, 1.7674 0.133 3.2205, 1.7267 0.1805 3.2205, 1.2326 0.133 3.2205, 1.2733 0.1805 3.2205, 1.4378 0.2659 3.2205, 1.3778 0.2482 3.2205, 1.3223 0.2194 3.2205, 1.5 0.2719 3.2205, 1.6777 0.2194 3.2205, 1.6222 0.2482 3.2205, 1.5622 0.2659 3.2205, 1.1066 0.0435 3.0236, 1.1066 0.0435 3.1417, 1.1088 0.0499 3.1417, 1.8934 -0.1533 3.0236, 1.8934 -0.1533 3.1417, 1.8912 -0.1597 3.1417, 1.8917 -0.1599 2.908, 1.9055 -0.0549 3.0236, 1.9055 -0.0549 2.908, 1.8934 0.0435 3.0236, 1.8917 0.0501 2.908, 1.1083 0.0501 2.908, 1.0945 -0.0549 3.0236, 1.0945 -0.0549 2.908, 1.1066 -0.1533 3.0236, 1.1083 -0.1599 2.908, 1.8701 -0.2206 3.1417, 1.8512 -0.2577 2.908, 1.7863 -0.3412 3.1417, 1.7868 -0.3417 2.908, 1.8318 -0.2881 3.1417, 1.8496 -0.2568 3.1417, 1.7813 -0.347 3.1417, 1.7205 -0.3952 3.1417, 1.7028 -0.4061 2.908, 1.7021 -0.4048 3.1417, 1.6517 -0.431 3.1417, 1.605 -0.4466 2.908, 1.6045 -0.445 3.1417, 1.5772 -0.453 3.1417, 1.5 -0.4604 2.908, 1.5 -0.4604 3.1417, 1.4228 -0.453 3.1417, 1.395 -0.4466 2.908, 1.2979 -0.4048 3.1417, 1.2972 -0.4061 2.908, 1.3483 -0.431 3.1417, 1.3955 -0.445 3.1417, 1.2795 -0.3952 3.1417, 1.2187 -0.347 3.1417, 1.2132 -0.3417 2.908, 1.2137 -0.3412 3.1417, 1.1682 -0.2881 3.1417, 1.1488 -0.2577 2.908, 1.1066 -0.1533 3.1417, 1.1088 -0.1597 3.1417, 1.1299 -0.2206 3.1417, 1.1504 -0.2568 3.1417, 1.1299 0.1108 3.1417, 1.1488 0.1479 2.908, 1.2137 0.2314 3.1417, 1.2132 0.2319 2.908, 1.1682 0.1783 3.1417, 1.1504 0.147 3.1417, 1.2187 0.2372 3.1417, 1.2795 0.2854 3.1417, 1.2972 0.2963 2.908, 1.2979 0.295 3.1417, 1.3483 0.3212 3.1417, 1.395 0.3368 2.908, 1.3955 0.3352 3.1417, 1.4228 0.3432 3.1417, 1.5 0.3506 2.908, 1.5 0.3506 3.1417, 1.5772 0.3432 3.1417, 1.605 0.3368 2.908, 1.7021 0.295 3.1417, 1.7028 0.2963 2.908, 1.6517 0.3212 3.1417, 1.6045 0.3352 3.1417, 1.7205 0.2854 3.1417, 1.7813 0.2372 3.1417, 1.7868 0.2319 2.908, 1.7863 0.2314 3.1417, 1.8318 0.1783 3.1417, 1.8512 0.1479 2.908, 1.8934 0.0435 3.1417, 1.8912 0.0499 3.1417, 1.8701 0.1108 3.1417, 1.8496 0.147 3.1417, 1.6663 -0.2212 2.908, 1.6176 -0.2586 2.908, 1.5609 -0.2821 2.908, 1.5 -0.2901 2.908, 1.4391 -0.2821 2.908, 1.3824 -0.2586 2.908, 1.3337 -0.2212 2.908, 1.2963 -0.1725 2.908, 1.2728 -0.1158 2.908, 1.2648 -0.0549 2.908, 1.2728 0.006 2.908, 1.2963 0.0627 2.908, 1.3337 0.1114 2.908, 1.3824 0.1488 2.908, 1.4391 0.1723 2.908, 1.5 0.1803 2.908, 1.5609 0.1723 2.908, 1.6176 0.1488 2.908, 1.6663 0.1114 2.908, 1.7037 0.0627 2.908, 1.7272 0.006 2.908, 1.7352 -0.0549 2.908, 1.7272 -0.1158 2.908, 1.7037 -0.1725 2.908, 1.7272 0.006 2.6818, 1.7037 0.0627 2.6818, 1.6663 0.1114 2.6818, 1.6176 0.1488 2.6818, 1.5609 0.1723 2.6818, 1.5 0.1803 2.6818, 1.4391 0.1723 2.6818, 1.3824 0.1488 2.6818, 1.3337 0.1114 2.6818, 1.2963 0.0627 2.6818, 1.2728 0.006 2.6818, 1.2648 -0.0549 2.6818, 1.2728 -0.1158 2.6818, 1.2963 -0.1725 2.6818, 1.3337 -0.2212 2.6818, 1.3824 -0.2586 2.6818, 1.4391 -0.2821 2.6818, 1.5 -0.2901 2.6818, 1.5609 -0.2821 2.6818, 1.6176 -0.2586 2.6818, 1.6663 -0.2212 2.6818, 1.7037 -0.1725 2.6818, 1.7272 -0.1158 2.6818, 1.7352 -0.0549 2.6818
            ]
        }
        coordIndex [
            0,1,2,-1,2,1,3,-1,3,4,2,-1,2,4,5,-1,2,5,6,-1,6,5,7,-1,8,9,10,-1,8,10,11,-1,5,12,7,-1,7,12,13,-1,7,13,10,-1,10,13,14,-1,10,14,11,-1,15,16,17,-1,18,19,20,-1,18,21,22,-1,22,21,23,-1,22,23,24,-1,24,23,25,-1,15,26,27,-1,27,26,28,-1,27,28,29,-1,29,28,30,-1,18,20,21,-1,21,20,31,-1,21,31,32,-1,33,34,35,-1,35,34,32,-1,35,32,36,-1,36,32,31,-1,33,37,34,-1,34,37,38,-1,34,38,39,-1,38,40,39,-1,39,40,41,-1,39,41,42,-1,41,43,42,-1,42,43,44,-1,42,44,45,-1,44,46,45,-1,45,46,47,-1,45,47,48,-1,49,50,51,-1,51,50,48,-1,51,48,52,-1,52,48,47,-1,49,53,50,-1,50,53,54,-1,50,54,55,-1,54,56,55,-1,55,56,57,-1,55,57,58,-1,59,29,60,-1,60,29,30,-1,60,30,61,-1,61,30,58,-1,61,58,62,-1,62,58,57,-1,15,17,26,-1,26,17,63,-1,26,63,64,-1,65,66,67,-1,67,66,64,-1,67,64,68,-1,68,64,63,-1,65,69,66,-1,66,69,70,-1,66,70,71,-1,70,72,71,-1,71,72,73,-1,71,73,74,-1,73,75,74,-1,74,75,76,-1,74,76,77,-1,76,78,77,-1,77,78,79,-1,77,79,80,-1,81,82,83,-1,83,82,80,-1,83,80,84,-1,84,80,79,-1,81,85,82,-1,82,85,86,-1,82,86,87,-1,86,88,87,-1,87,88,89,-1,87,89,90,-1,91,24,92,-1,92,24,25,-1,92,25,93,-1,93,25,90,-1,93,90,94,-1,94,90,89,-1,95,34,96,-1,96,34,39,-1,96,39,97,-1,97,39,42,-1,97,42,98,-1,98,42,45,-1,98,45,99,-1,99,45,48,-1,99,48,100,-1,100,48,50,-1,100,50,101,-1,101,50,55,-1,101,55,102,-1,102,55,58,-1,102,58,103,-1,103,58,30,-1,103,30,104,-1,104,30,28,-1,104,28,105,-1,105,28,26,-1,105,26,106,-1,106,26,64,-1,106,64,107,-1,107,64,66,-1,107,66,108,-1,108,66,71,-1,108,71,109,-1,109,71,74,-1,109,74,110,-1,110,74,77,-1,110,77,111,-1,111,77,80,-1,111,80,112,-1,112,80,82,-1,112,82,113,-1,113,82,87,-1,113,87,114,-1,114,87,90,-1,114,90,115,-1,115,90,25,-1,115,25,116,-1,116,25,23,-1,116,23,117,-1,117,23,21,-1,117,21,118,-1,118,21,32,-1,118,32,95,-1,95,32,34,-1,116,119,115,-1,115,119,120,-1,115,120,114,-1,114,120,121,-1,114,121,113,-1,113,121,122,-1,113,122,112,-1,112,122,123,-1,112,123,111,-1,111,123,124,-1,111,124,110,-1,110,124,125,-1,110,125,109,-1,109,125,126,-1,109,126,108,-1,108,126,127,-1,108,127,107,-1,107,127,128,-1,107,128,106,-1,106,128,129,-1,106,129,105,-1,105,129,130,-1,105,130,104,-1,104,130,131,-1,104,131,103,-1,103,131,132,-1,103,132,102,-1,102,132,133,-1,102,133,101,-1,101,133,134,-1,101,134,100,-1,100,134,135,-1,100,135,99,-1,99,135,136,-1,99,136,98,-1,98,136,137,-1,98,137,97,-1,97,137,138,-1,97,138,96,-1,96,138,139,-1,96,139,95,-1,95,139,140,-1,95,140,118,-1,118,140,141,-1,118,141,117,-1,117,141,142,-1,117,142,116,-1,116,142,119,-1,
        ]
    }
}
Shape{
    appearance Appearance {
        material  Material 	{
            diffuseColor 0.27450980392156865 0.49411764705882355 0.27450980392156865
            specularColor 0.0196078431372549 0.03529411764705882 0.0196078431372549
            ambientIntensity 0.5763
            transparency 0.0
            shininess 0.5
        }
    }
    geometry IndexedFaceSet {
        ccw TRUE
        solid FALSE
        coord DEF co Coordinate {
            point [
                1.2638 -1.1024 1.8475, 1.2638 -1.0821 1.8475, 1.7362 -1.1024 1.8475, 1.7362 -1.0821 1.8475, 1.2638 -0.9942 1.3035, 1.7362 -0.9942 1.3035, 1.2638 -0.8354 1.3035, 1.7362 -0.8354 1.3035, 1.2638 -0.8354 0.5543, 1.2638 -0.9997 0.5543, 1.7362 -0.8354 0.5543, 1.7362 -0.9997 0.5543, 1.0669 -1.2992 0.2356, 1.9331 -1.2992 0.2356, 1.7362 -1.1024 0.445, 1.2638 -1.1024 0.445
            ]
        }
        coordIndex [
            0,1,2,-1,2,1,3,-1,1,4,3,-1,3,4,5,-1,4,6,5,-1,5,6,7,-1,8,9,10,-1,10,9,11,-1,12,13,14,-1,11,9,14,-1,14,9,15,-1,14,15,12,-1,4,1,0,-1,8,6,9,-1,9,6,4,-1,9,4,15,-1,15,4,0,-1,14,2,5,-1,5,2,3,-1,7,10,5,-1,5,10,11,-1,5,11,14,-1,
        ]
    }
}
Shape{
    appearance Appearance {
        material  Material 	{
            diffuseColor 0.6470588235294118 0.6196078431372549 0.5882352941176471
            specularColor 0.45098039215686275 0.43529411764705883 0.4117647058823529
            ambientIntensity 0.6242
            transparency 0.0
            shininess 0.5
        }
    }
    geometry IndexedFaceSet {
        ccw TRUE
        solid FALSE
        coord DEF co Coordinate {
            point [
                1.3824 0.1488 1.8392, 1.1457 0.5848 1.8392, 1.3337 0.1114 1.8392, 1.2963 0.0627 1.8392, 1.4391 0.1723 1.8392, 1.5 0.1803 1.8392, 1.8543 0.5848 1.8392, 1.5609 0.1723 1.8392, 1.6176 0.1488 1.8392, 1.6663 0.1114 1.8392, 1.7037 0.0627 1.8392, 1.7272 0.006 1.8392, 1.7352 -0.0549 1.8392, 1.8543 -0.6375 1.8392, 1.7272 -0.1158 1.8392, 1.7037 -0.1725 1.8392, 1.6663 -0.2212 1.8392, 1.4391 -0.2821 1.8392, 1.3824 -0.2586 1.8392, 1.1457 -0.6375 1.8392, 1.3337 -0.2212 1.8392, 1.2963 -0.1725 1.8392, 1.2728 -0.1158 1.8392, 1.2648 -0.0549 1.8392, 1.2728 0.006 1.8392, 1.6176 -0.2586 1.8392, 1.5609 -0.2821 1.8392, 1.5 -0.2901 1.8392, 1.6969 -0.6375 0.6985, 1.8543 -0.6375 0.4087, 1.6969 -0.6375 1.5748, 1.3031 -0.6375 1.5748, 1.3031 -0.6375 0.6985, 1.1457 -0.6375 0.4087, 1.8543 0.5848 0.4087, 1.1457 0.5848 0.4087, 1.6969 0.5848 1.5748, 1.6969 0.5848 0.6985, 1.3031 0.5848 0.6985, 1.3031 0.5848 1.5748, 1.4016 0.7633 1.5433, 1.4016 0.6956 1.5517, 1.5984 0.7633 1.5433, 1.5984 0.6956 1.5517, 1.5984 0.9712 1.2761, 1.4016 0.9712 1.2761, 1.4016 0.9645 1.3365, 1.5984 0.9645 1.3365, 1.4016 0.9448 1.3938, 1.5984 0.9448 1.3938, 1.4016 0.913 1.4455, 1.5984 0.913 1.4455, 1.4016 0.8706 1.489, 1.5984 0.8706 1.489, 1.4016 0.8198 1.5222, 1.5984 0.8198 1.5222, 1.5984 -0.3824 1.5517, 1.5984 -0.3824 1.3549, 1.5984 0.6956 1.3549, 1.5984 0.7638 1.3155, 1.5984 0.7512 1.3318, 1.5984 0.7349 1.3443, 1.5984 0.7159 1.3522, 1.5984 0.7633 1.5222, 1.5984 -0.0984 -0.9842, 1.5984 0.0984 -0.9842, 1.5984 -0.0984 0.0478, 1.5984 0.0984 0.0478, 1.5984 -0.089 0.1191, 1.5984 0.1011 0.0682, 1.5984 -0.0615 0.1856, 1.5984 0.109 0.0872, 1.5984 -0.0177 0.2427, 1.5984 0.1215 0.1035, 1.5984 0.0394 0.2865, 1.5984 0.1378 0.116, 1.5984 0.1058 0.314, 1.5984 0.1568 0.1239, 1.5984 0.1772 0.3234, 1.5984 0.1772 0.1265, 1.5984 0.6956 0.3234, 1.5984 0.6956 0.1265, 1.5984 0.7159 0.3261, 1.5984 0.7669 0.1359, 1.5984 0.7349 0.3339, 1.5984 0.8334 0.1635, 1.5984 0.7512 0.3464, 1.5984 0.8904 0.2073, 1.5984 0.7638 0.3628, 1.5984 0.9342 0.2643, 1.5984 0.7716 0.3817, 1.5984 0.9618 0.3308, 1.5984 0.7743 0.4021, 1.5984 0.9712 0.4021, 1.5984 0.7743 1.2761, 1.5984 0.7716 1.2965, 1.4016 0.6956 1.3549, 1.4016 -0.3824 1.3549, 1.4016 -0.3824 1.5517, 1.4016 0.7633 1.5222, 1.4016 0.7743 1.2761, 1.4016 0.7716 1.2965, 1.4016 0.7638 1.3155, 1.4016 0.7512 1.3318, 1.4016 0.7349 1.3443, 1.4016 0.7159 1.3522, 1.4016 0.0984 -0.9842, 1.4016 -0.0984 -0.9842, 1.4016 0.0984 0.0478, 1.4016 -0.0984 0.0478, 1.4016 0.1011 0.0682, 1.4016 -0.089 0.1191, 1.4016 0.109 0.0872, 1.4016 -0.0615 0.1856, 1.4016 0.1215 0.1035, 1.4016 -0.0177 0.2427, 1.4016 0.1378 0.116, 1.4016 0.0394 0.2865, 1.4016 0.1568 0.1239, 1.4016 0.1058 0.314, 1.4016 0.1772 0.1265, 1.4016 0.1772 0.3234, 1.4016 0.6956 0.1265, 1.4016 0.6956 0.3234, 1.4016 0.7669 0.1359, 1.4016 0.7159 0.3261, 1.4016 0.8334 0.1635, 1.4016 0.7349 0.3339, 1.4016 0.8904 0.2073, 1.4016 0.7512 0.3464, 1.4016 0.9342 0.2643, 1.4016 0.7638 0.3628, 1.4016 0.9618 0.3308, 1.4016 0.7716 0.3817, 1.4016 0.9712 0.4021, 1.4016 0.7743 0.4021, 1.4409 -0.0591 -1.378, 1.4409 0.0591 -1.378, 1.5591 -0.0591 -1.378, 1.5591 0.0591 -1.378
            ]
        }
        coordIndex [
            0,1,2,-1,2,1,3,-1,0,4,1,-1,1,4,5,-1,1,5,6,-1,6,5,7,-1,7,8,6,-1,6,8,9,-1,6,9,10,-1,10,11,6,-1,6,11,12,-1,6,12,13,-1,12,14,13,-1,13,14,15,-1,13,15,16,-1,17,18,19,-1,19,18,20,-1,19,20,21,-1,21,22,19,-1,19,22,23,-1,19,23,1,-1,1,23,24,-1,1,24,3,-1,16,25,13,-1,13,25,26,-1,13,26,19,-1,19,26,27,-1,19,27,17,-1,28,29,30,-1,30,29,13,-1,30,13,31,-1,31,13,19,-1,31,19,32,-1,32,19,33,-1,32,33,28,-1,28,33,29,-1,34,29,35,-1,35,29,33,-1,36,6,37,-1,37,6,34,-1,37,34,38,-1,38,34,35,-1,38,35,39,-1,39,35,1,-1,39,1,36,-1,36,1,6,-1,29,34,13,-1,13,34,6,-1,35,33,1,-1,1,33,19,-1,31,39,30,-1,30,39,36,-1,38,32,37,-1,37,32,28,-1,32,38,31,-1,31,38,39,-1,37,28,36,-1,36,28,30,-1,40,41,42,-1,42,41,43,-1,44,45,46,-1,44,46,47,-1,47,46,48,-1,47,48,49,-1,49,48,50,-1,49,50,51,-1,51,50,52,-1,51,52,53,-1,53,52,54,-1,53,54,55,-1,56,57,43,-1,43,57,58,-1,59,51,60,-1,60,51,53,-1,60,53,61,-1,61,53,55,-1,61,55,62,-1,62,55,63,-1,62,63,58,-1,58,63,42,-1,58,42,43,-1,64,65,66,-1,66,65,67,-1,66,67,68,-1,68,67,69,-1,68,69,70,-1,70,69,71,-1,70,71,72,-1,72,71,73,-1,72,73,74,-1,74,73,75,-1,74,75,76,-1,76,75,77,-1,76,77,78,-1,78,77,79,-1,78,79,80,-1,80,79,81,-1,80,81,82,-1,82,81,83,-1,82,83,84,-1,84,83,85,-1,84,85,86,-1,86,85,87,-1,86,87,88,-1,88,87,89,-1,88,89,90,-1,90,89,91,-1,90,91,92,-1,92,91,93,-1,92,93,94,-1,94,93,44,-1,94,44,95,-1,95,44,47,-1,95,47,59,-1,59,47,49,-1,59,49,51,-1,96,97,98,-1,99,100,101,-1,101,102,99,-1,99,102,103,-1,99,103,104,-1,41,40,99,-1,98,41,96,-1,96,41,99,-1,96,99,105,-1,105,99,104,-1,106,107,108,-1,108,107,109,-1,108,109,110,-1,110,109,111,-1,110,111,112,-1,112,111,113,-1,112,113,114,-1,114,113,115,-1,114,115,116,-1,116,115,117,-1,116,117,118,-1,118,117,119,-1,118,119,120,-1,120,119,121,-1,120,121,122,-1,122,121,123,-1,122,123,124,-1,124,123,125,-1,124,125,126,-1,126,125,127,-1,126,127,128,-1,128,127,129,-1,128,129,130,-1,130,129,131,-1,130,131,132,-1,132,131,133,-1,132,133,134,-1,134,133,135,-1,134,135,45,-1,45,135,100,-1,99,54,100,-1,100,54,52,-1,100,52,50,-1,50,48,100,-1,100,48,46,-1,100,46,45,-1,56,43,98,-1,98,43,41,-1,57,56,97,-1,97,56,98,-1,58,57,96,-1,96,57,97,-1,58,96,62,-1,62,96,105,-1,62,105,61,-1,61,105,104,-1,61,104,60,-1,60,104,103,-1,60,103,59,-1,59,103,102,-1,59,102,95,-1,95,102,101,-1,95,101,94,-1,94,101,100,-1,92,94,135,-1,135,94,100,-1,92,135,90,-1,90,135,133,-1,90,133,88,-1,88,133,131,-1,88,131,86,-1,86,131,129,-1,86,129,84,-1,84,129,127,-1,84,127,82,-1,82,127,125,-1,82,125,80,-1,80,125,123,-1,78,80,121,-1,121,80,123,-1,78,121,119,-1,78,119,76,-1,76,119,117,-1,76,117,74,-1,74,117,115,-1,74,115,72,-1,72,115,113,-1,72,113,70,-1,70,113,111,-1,70,111,68,-1,68,111,109,-1,68,109,66,-1,64,66,107,-1,107,66,109,-1,136,137,138,-1,138,137,139,-1,106,108,65,-1,65,108,67,-1,67,108,69,-1,69,108,110,-1,69,110,71,-1,71,110,112,-1,71,112,73,-1,73,112,114,-1,73,114,75,-1,75,114,116,-1,75,116,77,-1,77,116,118,-1,77,118,79,-1,79,118,120,-1,81,79,122,-1,122,79,120,-1,81,122,124,-1,81,124,83,-1,83,124,126,-1,83,126,85,-1,85,126,128,-1,85,128,87,-1,87,128,130,-1,87,130,89,-1,89,130,132,-1,89,132,91,-1,91,132,134,-1,91,134,93,-1,44,93,45,-1,45,93,134,-1,
        ]
    }
}
Shape{
    appearance Appearance {
        material  Material 	{
            diffuseColor 0.27450980392156865 0.49411764705882355 0.27450980392156865
            specularColor 0.0196078431372549 0.03529411764705882 0.0196078431372549
            ambientIntensity 0.5763
            transparency 0.0
            shininess 0.5
        }
    }
    geometry IndexedFaceSet {
        ccw TRUE
        solid FALSE
        coord DEF co Coordinate {
            point [
                1.2638 -1.1024 1.8475, 1.0779 -1.2882 2.0334, 1.0736 -1.2925 2.0195, 1.0669 -1.2992 0.2356, 1.2638 -1.1024 0.445, 1.0669 -1.2992 1.9685, 1.0686 -1.2975 1.9942, 1.7362 -1.1024 1.8475, 1.9221 -1.2882 2.0334, 1.7362 -1.1024 0.445, 1.9331 -1.2992 0.2356, 1.9331 -1.2992 1.9685, 1.9314 -1.2975 1.9942, 1.9264 -1.2925 2.0195
            ]
        }
        coordIndex [
            0,1,2,-1,3,4,5,-1,5,4,0,-1,5,0,6,-1,6,0,2,-1,7,8,0,-1,0,8,1,-1,9,10,7,-1,7,10,11,-1,11,12,7,-1,7,12,13,-1,7,13,8,-1,
        ]
    }
}
Shape{
    appearance Appearance {
        material  Material 	{
            diffuseColor 0.6470588235294118 0.6196078431372549 0.5882352941176471
            specularColor 0.45098039215686275 0.43529411764705883 0.4117647058823529
            ambientIntensity 0.6242
            transparency 0.0
            shininess 0.5
        }
    }
    geometry IndexedFaceSet {
        ccw TRUE
        solid FALSE
        coord DEF co Coordinate {
            point [
                1.5984 0.0984 -0.9842, 1.5591 0.0591 -1.378, 1.4016 0.0984 -0.9842, 1.4409 0.0591 -1.378, 1.5984 -0.0984 -0.9842, 1.5591 -0.0591 -1.378, 1.4409 -0.0591 -1.378, 1.4016 -0.0984 -0.9842, 1.7863 0.2314 3.1417, 1.7813 0.2372 3.1417, 1.7795 0.2353 3.1621, 1.7021 0.295 3.1417, 1.6517 0.3212 3.1417, 1.6507 0.3187 3.1621, 1.3955 0.3352 3.1417, 1.3483 0.3212 3.1417, 1.3493 0.3187 3.1621, 1.2137 0.2314 3.1417, 1.1682 0.1783 3.1417, 1.1704 0.1767 3.1621, 1.8433 0.0435 3.2144, 1.8524 0.0435 3.2094, 1.8342 0.0947 3.2099, 1.8934 0.0435 3.1417, 1.8912 0.0499 3.1417, 1.8913 0.0435 3.1596, 1.8906 0.0435 3.1621, 1.8677 0.1097 3.1621, 1.8902 0.0435 3.1637, 1.8605 0.1065 3.1811, 1.8661 0.0435 3.2006, 1.8693 0.0435 3.1971, 1.8491 0.1014 3.1974, 1.8789 0.0435 3.1867, 1.8829 0.0435 3.1805, 1.8604 0.0435 3.205, 1.8364 0.0435 3.2168, 1.8169 0.0869 3.2178, 1.8329 0.0435 3.2174, 1.8166 0.0435 3.2203, 1.7983 0.0786 3.2205, 1.8116 0.0435 3.2205, 1.1884 0.0435 3.2205, 1.2017 0.0786 3.2205, 1.1879 0.0435 3.2205, 1.1831 0.0869 3.2178, 1.1678 0.0435 3.218, 1.1658 0.0947 3.2099, 1.159 0.0435 3.2153, 1.1671 0.0435 3.2178, 1.1307 0.0435 3.1971, 1.1343 0.0435 3.2009, 1.1509 0.1014 3.1974, 1.1417 0.0435 3.2065, 1.1476 0.0435 3.2095, 1.1215 0.0435 3.1872, 1.1395 0.1065 3.1811, 1.1167 0.0435 3.1797, 1.11 0.0435 3.1644, 1.1323 0.1097 3.1621, 1.1096 0.0435 3.1621, 1.1066 0.0435 3.1417, 1.1067 0.0435 3.1467, 1.1088 0.0499 3.1417, 1.1299 0.1108 3.1417, 1.1504 0.147 3.1417, 1.3223 0.2194 3.2205, 1.3778 0.2482 3.2205, 1.3112 0.2365 3.2178, 1.3702 0.2671 3.2178, 1.3009 0.2524 3.2099, 1.3631 0.2847 3.2099, 1.292 0.2661 3.1974, 1.357 0.2998 3.1974, 1.2852 0.2766 3.1811, 1.3523 0.3114 3.1811, 1.2809 0.2832 3.1621, 1.5622 0.2659 3.2205, 1.6222 0.2482 3.2205, 1.5661 0.2859 3.2178, 1.6298 0.2671 3.2178, 1.5697 0.3046 3.2099, 1.6369 0.2847 3.2099, 1.5729 0.3206 3.1974, 1.643 0.2998 3.1974, 1.5752 0.3329 3.1811, 1.6477 0.3114 3.1811, 1.5767 0.3406 3.1621, 1.7674 0.133 3.2205, 1.7841 0.1447 3.2178, 1.7996 0.1556 3.2099, 1.8129 0.165 3.1974, 1.8232 0.1722 3.1811, 1.8296 0.1767 3.1621, 1.1768 0.1722 3.1811, 1.1871 0.165 3.1974, 1.2004 0.1556 3.2099, 1.2159 0.1447 3.2178, 1.2326 0.133 3.2205, 1.2187 0.2372 3.1417, 1.2205 0.2353 3.1621, 1.226 0.2296 3.1811, 1.2347 0.2206 3.1974, 1.246 0.2088 3.2099, 1.2592 0.1952 3.2178, 1.2733 0.1805 3.2205, 1.2795 0.2854 3.1417, 1.2979 0.295 3.1417, 1.4228 0.3432 3.1417, 1.4233 0.3406 3.1621, 1.4248 0.3329 3.1811, 1.4271 0.3206 3.1974, 1.4303 0.3046 3.2099, 1.4339 0.2859 3.2178, 1.4378 0.2659 3.2205, 1.5 0.2719 3.2205, 1.5 0.2923 3.2178, 1.5 0.3113 3.2099, 1.5 0.3276 3.1974, 1.5 0.3401 3.1811, 1.5 0.348 3.1621, 1.5 0.3506 3.1417, 1.5772 0.3432 3.1417, 1.6045 0.3352 3.1417, 1.7205 0.2854 3.1417, 1.7191 0.2832 3.1621, 1.7148 0.2766 3.1811, 1.708 0.2661 3.1974, 1.6991 0.2524 3.2099, 1.6888 0.2365 3.2178, 1.6777 0.2194 3.2205, 1.7267 0.1805 3.2205, 1.7408 0.1952 3.2178, 1.754 0.2088 3.2099, 1.7653 0.2206 3.1974, 1.774 0.2296 3.1811, 1.8318 0.1783 3.1417, 1.8701 0.1108 3.1417, 1.8496 0.147 3.1417, 1.8934 -0.1533 3.0236, 1.1066 -0.1533 3.0236, 1.1066 -0.1533 3.1417, 1.107 -0.1533 3.1498, 1.1095 -0.1533 3.1621, 1.8934 -0.1533 3.1417, 1.11 -0.1533 3.1644, 1.8906 -0.1533 3.1621, 1.8924 -0.1533 3.1542, 1.1175 -0.1533 3.1812, 1.122 -0.1533 3.1878, 1.1308 -0.1533 3.1971, 1.8329 -0.1533 3.2178, 1.8825 -0.1533 3.1811, 1.8836 -0.1533 3.1793, 1.135 -0.1533 3.2015, 1.1409 -0.1533 3.206, 1.1476 -0.1533 3.2095, 1.1671 -0.1533 3.2176, 1.1652 -0.1533 3.2173, 1.1582 -0.1533 3.215, 1.8693 -0.1533 3.1971, 1.8524 -0.1533 3.2095, 1.8662 -0.1533 3.2005, 1.8588 -0.1533 3.2062, 1.8415 -0.1533 3.2151, 1.8788 -0.1533 3.1868, 1.185 -0.1533 3.2204, 1.1884 -0.1533 3.2205, 1.8116 -0.1533 3.2205, 1.8127 -0.1533 3.2205, 1.8906 -0.1533 3.1624, 1.8327 -0.1533 3.2179, 1.1066 0.0435 3.0236, 1.8934 0.0435 3.0236, 1.9055 -0.0549 3.0236, 1.0945 -0.0549 3.0236
            ]
        }
        coordIndex [
            0,1,2,-1,2,1,3,-1,4,5,0,-1,0,5,1,-1,6,7,3,-1,3,7,2,-1,7,6,4,-1,4,6,5,-1,8,9,10,-1,11,12,13,-1,14,15,16,-1,17,18,19,-1,20,21,22,-1,23,24,25,-1,25,24,26,-1,26,27,28,-1,28,27,29,-1,30,31,32,-1,32,31,33,-1,32,33,29,-1,29,33,34,-1,29,34,28,-1,22,21,32,-1,32,21,35,-1,32,35,30,-1,20,22,36,-1,36,22,37,-1,36,37,38,-1,38,37,39,-1,39,37,40,-1,39,40,41,-1,42,43,44,-1,44,43,45,-1,44,45,46,-1,47,48,45,-1,45,48,49,-1,45,49,46,-1,50,51,52,-1,52,51,53,-1,52,53,47,-1,47,53,54,-1,47,54,48,-1,50,52,55,-1,55,52,56,-1,55,56,57,-1,57,56,58,-1,58,56,59,-1,58,59,60,-1,61,62,63,-1,63,62,60,-1,63,60,64,-1,64,60,59,-1,64,59,65,-1,66,67,68,-1,68,67,69,-1,68,69,70,-1,70,69,71,-1,70,71,72,-1,72,71,73,-1,72,73,74,-1,74,73,75,-1,74,75,76,-1,76,75,16,-1,77,78,79,-1,79,78,80,-1,79,80,81,-1,81,80,82,-1,81,82,83,-1,83,82,84,-1,83,84,85,-1,85,84,86,-1,85,86,87,-1,87,86,13,-1,88,40,89,-1,89,40,37,-1,89,37,90,-1,90,37,22,-1,90,22,91,-1,91,22,32,-1,91,32,92,-1,92,32,29,-1,92,29,93,-1,93,29,27,-1,18,65,19,-1,19,65,59,-1,19,59,94,-1,94,59,56,-1,94,56,95,-1,95,56,52,-1,95,52,96,-1,96,52,47,-1,96,47,97,-1,97,47,45,-1,97,45,98,-1,98,45,43,-1,99,17,100,-1,100,17,19,-1,100,19,101,-1,101,19,94,-1,101,94,102,-1,102,94,95,-1,102,95,103,-1,103,95,96,-1,103,96,104,-1,104,96,97,-1,104,97,105,-1,105,97,98,-1,105,66,104,-1,104,66,68,-1,104,68,103,-1,103,68,70,-1,103,70,102,-1,102,70,72,-1,102,72,101,-1,101,72,74,-1,101,74,100,-1,100,74,76,-1,100,76,99,-1,99,76,106,-1,16,15,76,-1,76,15,107,-1,76,107,106,-1,108,14,109,-1,109,14,16,-1,109,16,110,-1,110,16,75,-1,110,75,111,-1,111,75,73,-1,111,73,112,-1,112,73,71,-1,112,71,113,-1,113,71,69,-1,113,69,114,-1,114,69,67,-1,114,115,113,-1,113,115,116,-1,113,116,112,-1,112,116,117,-1,112,117,111,-1,111,117,118,-1,111,118,110,-1,110,118,119,-1,110,119,109,-1,109,119,120,-1,109,120,108,-1,108,120,121,-1,115,77,116,-1,116,77,79,-1,116,79,117,-1,117,79,81,-1,117,81,118,-1,118,81,83,-1,118,83,119,-1,119,83,85,-1,119,85,120,-1,120,85,87,-1,120,87,121,-1,121,87,122,-1,13,12,87,-1,87,12,123,-1,87,123,122,-1,124,11,125,-1,125,11,13,-1,125,13,126,-1,126,13,86,-1,126,86,127,-1,127,86,84,-1,127,84,128,-1,128,84,82,-1,128,82,129,-1,129,82,80,-1,129,80,130,-1,130,80,78,-1,130,131,129,-1,129,131,132,-1,129,132,128,-1,128,132,133,-1,128,133,127,-1,127,133,134,-1,127,134,126,-1,126,134,135,-1,126,135,125,-1,125,135,10,-1,125,10,124,-1,124,10,9,-1,136,8,93,-1,93,8,10,-1,93,10,92,-1,92,10,135,-1,92,135,91,-1,91,135,134,-1,91,134,90,-1,90,134,133,-1,90,133,89,-1,89,133,132,-1,89,132,88,-1,88,132,131,-1,26,24,27,-1,27,24,137,-1,27,137,93,-1,93,137,138,-1,93,138,136,-1,139,140,141,-1,141,142,139,-1,139,142,143,-1,139,143,144,-1,145,146,143,-1,143,146,147,-1,143,147,144,-1,145,148,146,-1,146,148,149,-1,146,149,150,-1,151,152,153,-1,150,154,146,-1,146,154,155,-1,146,155,156,-1,157,156,158,-1,158,156,159,-1,160,161,162,-1,162,161,163,-1,151,164,152,-1,152,164,161,-1,152,161,165,-1,165,161,160,-1,157,166,156,-1,156,166,167,-1,156,167,146,-1,146,167,168,-1,146,168,169,-1,153,170,151,-1,151,170,146,-1,151,146,171,-1,171,146,169,-1,61,172,173,-1,61,173,62,-1,48,173,49,-1,49,173,23,-1,30,35,21,-1,23,25,49,-1,49,25,26,-1,49,26,28,-1,48,54,173,-1,173,54,53,-1,173,53,51,-1,51,50,173,-1,173,50,55,-1,173,55,57,-1,57,58,173,-1,173,58,60,-1,173,60,62,-1,28,34,49,-1,49,34,33,-1,49,33,31,-1,36,38,20,-1,20,38,21,-1,30,21,31,-1,31,21,38,-1,31,38,39,-1,39,41,31,-1,31,41,42,-1,31,42,49,-1,49,42,44,-1,49,44,46,-1,173,172,174,-1,174,172,175,-1,174,175,139,-1,139,175,140,-1,
        ]
    }
}
Shape{
    appearance Appearance {
        material  Material 	{
            diffuseColor 1.0 0.9490196078431372 0.8980392156862745
            specularColor 0.011764705882352941 0.00784313725490196 0.00784313725490196
            ambientIntensity 0.9585
            transparency 0.0
            shininess 0.5
        }
    }
    geometry IndexedFaceSet {
        ccw TRUE
        solid FALSE
        coord DEF co Coordinate {
            point [
                1.5283 -1.0242 0.0039, 1.5283 -1.0242 0.0, 1.5374 -1.0664 0.0039, 1.5374 -1.0664 0.0, 1.5241 -1.0027 0.0039, 1.5241 -1.0027 0.0, 1.5224 -0.9959 0.0039, 1.5224 -0.9959 0.0, 1.5233 -0.9997 0.0, 1.522 -0.9949 0.0039, 1.522 -0.9949 0.0, 1.5217 -0.9942 0.0039, 1.5217 -0.9942 0.0, 1.5214 -0.9938 0.0039, 1.5214 -0.9938 0.0, 1.5211 -0.9935 0.0039, 1.5211 -0.9935 0.0, 1.5209 -0.9933 0.0039, 1.5209 -0.9933 0.0, 1.5206 -0.9932 0.0039, 1.5206 -0.9932 0.0, 1.5204 -0.9932 0.0039, 1.5204 -0.9932 0.0, 1.5202 -0.9932 0.0039, 1.5202 -0.9932 0.0, 1.52 -0.9932 0.0039, 1.52 -0.9932 0.0, 1.5198 -0.9934 0.0039, 1.5198 -0.9934 0.0, 1.5196 -0.9936 0.0039, 1.5196 -0.9936 0.0, 1.5195 -0.9938 0.0039, 1.5195 -0.9938 0.0, 1.5193 -0.9946 0.0039, 1.5193 -0.9946 0.0, 1.5188 -0.9981 0.0039, 1.5188 -0.9981 0.0, 1.5186 -0.9997 0.0, 1.5184 -1.0015 0.0039, 1.5184 -1.0015 0.0, 1.517 -1.0134 0.0039, 1.517 -1.0134 0.0, 1.5166 -1.0189 0.0039, 1.5166 -1.0189 0.0, 1.5167 -1.0215 0.0039, 1.5167 -1.0215 0.0, 1.5173 -1.0231 0.0039, 1.5173 -1.0231 0.0, 1.5179 -1.0242 0.0039, 1.5179 -1.0242 0.0, 1.5193 -1.0267 0.0039, 1.5193 -1.0267 0.0, 1.523 -1.0391 0.0039, 1.523 -1.0391 0.0, 1.5261 -1.0517 0.0039, 1.5261 -1.0517 0.0, 1.5546 -1.1839 0.0, 1.5552 -1.1867 0.0039, 1.5552 -1.1867 0.0, 1.5592 -1.1867 0.0039, 1.5592 -1.1867 0.0, 1.5866 -1.0653 0.0039, 1.5866 -1.0653 0.0, 1.5598 -1.1839 0.0, 1.59 -1.0511 0.0039, 1.59 -1.0511 0.0, 1.5915 -1.0444 0.0039, 1.5915 -1.0444 0.0, 1.5934 -1.0378 0.0039, 1.5934 -1.0378 0.0, 1.5954 -1.0324 0.0039, 1.5954 -1.0324 0.0, 1.5972 -1.0274 0.0039, 1.5972 -1.0274 0.0, 1.5984 -1.0256 0.0039, 1.5984 -1.0256 0.0, 1.5993 -1.0245 0.0039, 1.5993 -1.0245 0.0, 1.5996 -1.0241 0.0039, 1.5996 -1.0241 0.0, 1.5998 -1.0238 0.0039, 1.5998 -1.0238 0.0, 1.5998 -1.0235 0.0039, 1.5998 -1.0235 0.0, 1.5998 -1.0224 0.0039, 1.5998 -1.0224 0.0, 1.5994 -1.0158 0.0039, 1.5994 -1.0158 0.0, 1.5994 -1.0157 0.0039, 1.5994 -1.0157 0.0, 1.5983 -1.003 0.0039, 1.5983 -1.003 0.0, 1.5979 -0.9997 0.0, 1.5977 -0.9981 0.0039, 1.5977 -0.9981 0.0, 1.5976 -0.9967 0.0039, 1.5976 -0.9967 0.0, 1.5974 -0.9956 0.0039, 1.5974 -0.9956 0.0, 1.5973 -0.9949 0.0039, 1.5973 -0.9949 0.0, 1.5971 -0.9944 0.0039, 1.5971 -0.9944 0.0, 1.597 -0.9941 0.0039, 1.597 -0.9941 0.0, 1.5969 -0.9939 0.0039, 1.5969 -0.9939 0.0, 1.5967 -0.9937 0.0039, 1.5967 -0.9937 0.0, 1.5965 -0.9936 0.0039, 1.5965 -0.9936 0.0, 1.5963 -0.9936 0.0039, 1.5963 -0.9936 0.0, 1.596 -0.9936 0.0039, 1.596 -0.9936 0.0, 1.5958 -0.9936 0.0039, 1.5958 -0.9936 0.0, 1.5955 -0.9938 0.0039, 1.5955 -0.9938 0.0, 1.5952 -0.994 0.0039, 1.5952 -0.994 0.0, 1.595 -0.9943 0.0039, 1.595 -0.9943 0.0, 1.5948 -0.9948 0.0039, 1.5948 -0.9948 0.0, 1.5946 -0.9956 0.0039, 1.5946 -0.9956 0.0, 1.5926 -1.0069 0.0039, 1.5926 -1.0069 0.0, 1.5938 -0.9997 0.0, 1.5759 -1.0757 0.0039, 1.5759 -1.0757 0.0, 1.5572 -1.1595 0.0039, 1.5388 -1.0763 0.0039, 1.5753 -1.08 0.0039, 1.5677 -1.0873 0.0039, 1.5606 -1.0825 0.0039, 1.5582 -1.0812 0.0039, 1.5499 -1.0786 0.0039, 1.5388 -1.0763 0.0, 1.5572 -1.1595 0.0, 1.5499 -1.0786 0.0, 1.5582 -1.0812 0.0, 1.5606 -1.0825 0.0, 1.5677 -1.0873 0.0, 1.5753 -1.08 0.0, 1.4147 -1.1689 0.0039, 1.4147 -1.1689 0.0, 1.4198 -1.1646 0.0039, 1.4198 -1.1646 0.0, 1.4135 -1.1699 0.0039, 1.4135 -1.1699 0.0, 1.4127 -1.1708 0.0039, 1.4127 -1.1708 0.0, 1.4122 -1.1719 0.0039, 1.4122 -1.1719 0.0, 1.4121 -1.1725 0.0039, 1.4121 -1.1725 0.0, 1.4121 -1.1732 0.0039, 1.4121 -1.1732 0.0, 1.4123 -1.1739 0.0039, 1.4123 -1.1739 0.0, 1.4125 -1.1744 0.0039, 1.4125 -1.1744 0.0, 1.4129 -1.1748 0.0039, 1.4129 -1.1748 0.0, 1.4133 -1.1751 0.0039, 1.4133 -1.1751 0.0, 1.4184 -1.1742 0.0039, 1.4184 -1.1742 0.0, 1.4243 -1.1742 0.0039, 1.4243 -1.1742 0.0, 1.4267 -1.1747 0.0039, 1.4267 -1.1747 0.0, 1.4291 -1.1751 0.0039, 1.4291 -1.1751 0.0, 1.4351 -1.1757 0.0039, 1.4351 -1.1757 0.0, 1.4458 -1.1788 0.0039, 1.4458 -1.1788 0.0, 1.452 -1.18 0.0039, 1.452 -1.18 0.0, 1.4583 -1.1805 0.0039, 1.4583 -1.1805 0.0, 1.4671 -1.1799 0.0039, 1.4671 -1.1799 0.0, 1.4734 -1.1784 0.0039, 1.4734 -1.1784 0.0, 1.4787 -1.1757 0.0039, 1.4787 -1.1757 0.0, 1.4833 -1.1715 0.0039, 1.4833 -1.1715 0.0, 1.4879 -1.165 0.0039, 1.4879 -1.165 0.0, 1.4922 -1.1534 0.0039, 1.4922 -1.1534 0.0, 1.4964 -1.1217 0.0039, 1.4964 -1.1217 0.0, 1.4977 -1.0825 0.0039, 1.4977 -1.0825 0.0, 1.4948 -1.0491 0.0039, 1.4948 -1.0491 0.0, 1.4894 -1.0304 0.0039, 1.4894 -1.0304 0.0, 1.4835 -1.0199 0.0039, 1.4835 -1.0199 0.0, 1.4786 -1.014 0.0039, 1.4786 -1.014 0.0, 1.4731 -1.0099 0.0039, 1.4731 -1.0099 0.0, 1.4678 -1.0078 0.0039, 1.4678 -1.0078 0.0, 1.4473 -1.0046 0.0039, 1.4473 -1.0046 0.0, 1.4348 -1.0032 0.0039, 1.4348 -1.0032 0.0, 1.4302 -1.002 0.0039, 1.4302 -1.002 0.0, 1.4272 -1.0002 0.0039, 1.4272 -1.0002 0.0, 1.4264 -0.9997 0.0, 1.4263 -0.9996 0.0039, 1.4263 -0.9996 0.0, 1.426 -0.9996 0.0039, 1.426 -0.9996 0.0, 1.4253 -0.9996 0.0, 1.4253 -0.9996 0.0039, 1.425 -0.9997 0.0, 1.4247 -0.9998 0.0039, 1.4247 -0.9998 0.0, 1.4229 -1.0012 0.0039, 1.4229 -1.0012 0.0, 1.4188 -1.0049 0.0039, 1.4188 -1.0049 0.0, 1.4175 -1.0064 0.0039, 1.4175 -1.0064 0.0, 1.4141 -1.01 0.0039, 1.4141 -1.01 0.0, 1.4134 -1.0108 0.0039, 1.4134 -1.0108 0.0, 1.4129 -1.0114 0.0039, 1.4129 -1.0114 0.0, 1.4126 -1.0119 0.0039, 1.4126 -1.0119 0.0, 1.4124 -1.0122 0.0039, 1.4124 -1.0122 0.0, 1.4123 -1.0125 0.0039, 1.4123 -1.0125 0.0, 1.4123 -1.0128 0.0039, 1.4123 -1.0128 0.0, 1.4124 -1.0132 0.0039, 1.4124 -1.0132 0.0, 1.4126 -1.0138 0.0039, 1.4126 -1.0138 0.0, 1.4127 -1.014 0.0039, 1.4127 -1.014 0.0, 1.4129 -1.0141 0.0039, 1.4129 -1.0141 0.0, 1.413 -1.0142 0.0039, 1.413 -1.0142 0.0, 1.4133 -1.0143 0.0039, 1.4133 -1.0143 0.0, 1.414 -1.0144 0.0039, 1.414 -1.0144 0.0, 1.415 -1.0143 0.0039, 1.415 -1.0143 0.0, 1.4189 -1.0143 0.0039, 1.4189 -1.0143 0.0, 1.4235 -1.0143 0.0039, 1.4235 -1.0143 0.0, 1.4235 -1.1627 0.0039, 1.4235 -1.1627 0.0, 1.4216 -1.1635 0.0039, 1.4216 -1.1635 0.0, 1.4314 -1.1646 0.0039, 1.4314 -1.0148 0.0039, 1.4677 -1.019 0.0039, 1.4614 -1.0174 0.0039, 1.4526 -1.0163 0.0039, 1.4402 -1.0148 0.0039, 1.4723 -1.021 0.0039, 1.4358 -1.0147 0.0039, 1.4368 -1.1669 0.0039, 1.4488 -1.1697 0.0039, 1.4611 -1.1706 0.0039, 1.4686 -1.1691 0.0039, 1.4891 -1.0657 0.0039, 1.4846 -1.0406 0.0039, 1.479 -1.028 0.0039, 1.4757 -1.0237 0.0039, 1.4741 -1.167 0.0039, 1.4774 -1.1646 0.0039, 1.4808 -1.1605 0.0039, 1.484 -1.1544 0.0039, 1.4864 -1.1459 0.0039, 1.4897 -1.1074 0.0039, 1.4526 -1.0163 0.0, 1.4402 -1.0148 0.0, 1.4614 -1.0174 0.0, 1.4677 -1.019 0.0, 1.4723 -1.021 0.0, 1.4757 -1.0237 0.0, 1.479 -1.028 0.0, 1.4846 -1.0406 0.0, 1.4891 -1.0657 0.0, 1.4897 -1.1074 0.0, 1.4864 -1.1459 0.0, 1.484 -1.1544 0.0, 1.4808 -1.1605 0.0, 1.4774 -1.1646 0.0, 1.4741 -1.167 0.0, 1.4686 -1.1691 0.0, 1.4611 -1.1706 0.0, 1.4488 -1.1697 0.0, 1.4368 -1.1669 0.0, 1.4314 -1.1646 0.0, 1.4314 -1.0148 0.0, 1.4358 -1.0147 0.0, 1.3535 -1.104 0.0039, 1.3535 -1.104 0.0, 1.3297 -1.1009 0.0039, 1.3297 -1.1009 0.0, 1.3633 -1.106 0.0039, 1.3633 -1.106 0.0, 1.3696 -1.1082 0.0039, 1.3696 -1.1082 0.0, 1.3724 -1.11 0.0039, 1.3724 -1.11 0.0, 1.375 -1.1114 0.0039, 1.375 -1.1114 0.0, 1.3832 -1.1032 0.0039, 1.3832 -1.1032 0.0, 1.3838 -1.1024 0.0039, 1.3838 -1.1024 0.0, 1.3842 -1.1018 0.0039, 1.3842 -1.1018 0.0, 1.3844 -1.1012 0.0039, 1.3844 -1.1012 0.0, 1.3845 -1.1007 0.0039, 1.3845 -1.1007 0.0, 1.3844 -1.1003 0.0039, 1.3844 -1.1003 0.0, 1.3843 -1.0998 0.0039, 1.3843 -1.0998 0.0, 1.3839 -1.0992 0.0039, 1.3839 -1.0992 0.0, 1.3835 -1.0989 0.0039, 1.3835 -1.0989 0.0, 1.383 -1.0986 0.0039, 1.383 -1.0986 0.0, 1.3825 -1.0984 0.0039, 1.3825 -1.0984 0.0, 1.3818 -1.0983 0.0039, 1.3818 -1.0983 0.0, 1.3297 -1.091 0.0039, 1.3297 -1.091 0.0, 1.3297 -1.0143 0.0039, 1.3297 -1.0143 0.0, 1.3719 -1.0202 0.0039, 1.3719 -1.0202 0.0, 1.376 -1.0213 0.0039, 1.376 -1.0213 0.0, 1.3798 -1.0231 0.0039, 1.3798 -1.0231 0.0, 1.3823 -1.0245 0.0039, 1.3823 -1.0245 0.0, 1.3903 -1.0157 0.0039, 1.3903 -1.0157 0.0, 1.3911 -1.0145 0.0039, 1.3911 -1.0145 0.0, 1.3914 -1.0138 0.0039, 1.3914 -1.0138 0.0, 1.3914 -1.0134 0.0039, 1.3914 -1.0134 0.0, 1.3914 -1.013 0.0039, 1.3914 -1.013 0.0, 1.3913 -1.0125 0.0039, 1.3913 -1.0125 0.0, 1.391 -1.012 0.0039, 1.391 -1.012 0.0, 1.3908 -1.0117 0.0039, 1.3908 -1.0117 0.0, 1.3906 -1.0115 0.0039, 1.3906 -1.0115 0.0, 1.3903 -1.0114 0.0039, 1.3903 -1.0114 0.0, 1.3902 -1.0113 0.0039, 1.3902 -1.0113 0.0, 1.3895 -1.0112 0.0039, 1.3895 -1.0112 0.0, 1.3886 -1.0111 0.0039, 1.3886 -1.0111 0.0, 1.3843 -1.0109 0.0039, 1.3843 -1.0109 0.0, 1.3629 -1.0083 0.0039, 1.3629 -1.0083 0.0, 1.3416 -1.0049 0.0039, 1.3416 -1.0049 0.0, 1.3286 -1.0027 0.0039, 1.3286 -1.0027 0.0, 1.3254 -1.0015 0.0039, 1.3254 -1.0015 0.0, 1.3234 -1.001 0.0039, 1.3234 -1.001 0.0, 1.322 -1.001 0.0039, 1.322 -1.001 0.0, 1.3212 -1.0011 0.0039, 1.3212 -1.0011 0.0, 1.3206 -1.0014 0.0039, 1.3206 -1.0014 0.0, 1.3198 -1.0019 0.0039, 1.3198 -1.0019 0.0, 1.3193 -1.0027 0.0039, 1.3193 -1.0027 0.0, 1.319 -1.0033 0.0039, 1.319 -1.0033 0.0, 1.3188 -1.0044 0.0039, 1.3188 -1.0044 0.0, 1.3188 -1.006 0.0039, 1.3188 -1.006 0.0, 1.3189 -1.0066 0.0039, 1.3189 -1.0066 0.0, 1.3207 -1.0138 0.0039, 1.3207 -1.0138 0.0, 1.3215 -1.0211 0.0039, 1.3215 -1.0211 0.0, 1.3215 -1.0265 0.0039, 1.3215 -1.0265 0.0, 1.3216 -1.03 0.0039, 1.3216 -1.03 0.0, 1.3218 -1.0335 0.0039, 1.3218 -1.0335 0.0, 1.3215 -1.1632 0.0039, 1.3215 -1.1632 0.0, 1.3183 -1.167 0.0039, 1.3183 -1.167 0.0, 1.3163 -1.1693 0.0039, 1.3163 -1.1693 0.0, 1.3152 -1.171 0.0039, 1.3152 -1.171 0.0, 1.3148 -1.1719 0.0039, 1.3148 -1.1719 0.0, 1.3145 -1.1733 0.0039, 1.3145 -1.1733 0.0, 1.3145 -1.1742 0.0039, 1.3145 -1.1742 0.0, 1.3145 -1.1748 0.0039, 1.3145 -1.1748 0.0, 1.3145 -1.175 0.0039, 1.3145 -1.175 0.0, 1.3146 -1.1753 0.0039, 1.3146 -1.1753 0.0, 1.3147 -1.1754 0.0039, 1.3147 -1.1754 0.0, 1.3148 -1.1755 0.0039, 1.3148 -1.1755 0.0, 1.315 -1.1756 0.0039, 1.315 -1.1756 0.0, 1.3154 -1.1757 0.0039, 1.3154 -1.1757 0.0, 1.3161 -1.1757 0.0039, 1.3161 -1.1757 0.0, 1.3169 -1.1757 0.0039, 1.3169 -1.1757 0.0, 1.3223 -1.1748 0.0039, 1.3223 -1.1748 0.0, 1.3271 -1.1742 0.0039, 1.3271 -1.1742 0.0, 1.3319 -1.1742 0.0039, 1.3319 -1.1742 0.0, 1.3328 -1.1742 0.0039, 1.3328 -1.1742 0.0, 1.3383 -1.1744 0.0039, 1.3383 -1.1744 0.0, 1.3438 -1.1751 0.0039, 1.3438 -1.1751 0.0, 1.3549 -1.1771 0.0039, 1.3549 -1.1771 0.0, 1.3646 -1.179 0.0039, 1.3646 -1.179 0.0, 1.3723 -1.1818 0.0039, 1.3723 -1.1818 0.0, 1.3739 -1.1827 0.0039, 1.3739 -1.1827 0.0, 1.3756 -1.1839 0.0, 1.3764 -1.1844 0.0039, 1.3764 -1.1844 0.0, 1.3769 -1.1839 0.0, 1.3846 -1.1759 0.0039, 1.3846 -1.1759 0.0, 1.3851 -1.175 0.0039, 1.3851 -1.175 0.0, 1.3855 -1.1743 0.0039, 1.3855 -1.1743 0.0, 1.3857 -1.1738 0.0039, 1.3857 -1.1738 0.0, 1.3857 -1.1734 0.0039, 1.3857 -1.1734 0.0, 1.3857 -1.173 0.0039, 1.3857 -1.173 0.0, 1.3856 -1.1726 0.0039, 1.3856 -1.1726 0.0, 1.3853 -1.1723 0.0039, 1.3853 -1.1723 0.0, 1.3849 -1.1719 0.0039, 1.3849 -1.1719 0.0, 1.3844 -1.1716 0.0039, 1.3844 -1.1716 0.0, 1.3839 -1.1715 0.0039, 1.3839 -1.1715 0.0, 1.3832 -1.1714 0.0039, 1.3832 -1.1714 0.0, 1.3787 -1.1708 0.0039, 1.3787 -1.1708 0.0, 1.372 -1.1699 0.0039, 1.372 -1.1699 0.0, 1.3653 -1.1692 0.0039, 1.3653 -1.1692 0.0, 1.3297 -1.1632 0.0039, 1.3297 -1.1632 0.0, 1.2866 -1.1802 0.0039, 1.2866 -1.1802 0.0, 1.2823 -1.1802 0.0039, 1.2823 -1.1802 0.0, 1.2866 -1.1046 0.0039, 1.2866 -1.1046 0.0, 1.2812 -1.1046 0.0039, 1.2812 -1.1046 0.0, 1.2788 -1.1445 0.0039, 1.2788 -1.1445 0.0, 1.2753 -1.1573 0.0039, 1.2753 -1.1573 0.0, 1.2718 -1.1643 0.0039, 1.2718 -1.1643 0.0, 1.2683 -1.1684 0.0039, 1.2683 -1.1684 0.0, 1.2646 -1.1713 0.0039, 1.2646 -1.1713 0.0, 1.2606 -1.173 0.0039, 1.2606 -1.173 0.0, 1.2563 -1.174 0.0039, 1.2563 -1.174 0.0, 1.2504 -1.1736 0.0039, 1.2504 -1.1736 0.0, 1.2453 -1.1719 0.0039, 1.2453 -1.1719 0.0, 1.2405 -1.1689 0.0039, 1.2405 -1.1689 0.0, 1.236 -1.1645 0.0039, 1.236 -1.1645 0.0, 1.2311 -1.1568 0.0039, 1.2311 -1.1568 0.0, 1.2245 -1.1378 0.0039, 1.2245 -1.1378 0.0, 1.2219 -1.123 0.0039, 1.2219 -1.123 0.0, 1.2209 -1.078 0.0039, 1.2209 -1.078 0.0, 1.2279 -1.0375 0.0039, 1.2279 -1.0375 0.0, 1.2322 -1.026 0.0039, 1.2322 -1.026 0.0, 1.2386 -1.0169 0.0039, 1.2386 -1.0169 0.0, 1.2427 -1.0131 0.0039, 1.2427 -1.0131 0.0, 1.2463 -1.011 0.0039, 1.2463 -1.011 0.0, 1.2501 -1.0098 0.0039, 1.2501 -1.0098 0.0, 1.254 -1.0095 0.0039, 1.254 -1.0095 0.0, 1.2604 -1.0099 0.0039, 1.2604 -1.0099 0.0, 1.2666 -1.0123 0.0039, 1.2666 -1.0123 0.0, 1.2717 -1.0158 0.0039, 1.2717 -1.0158 0.0, 1.2758 -1.0206 0.0039, 1.2758 -1.0206 0.0, 1.2795 -1.028 0.0039, 1.2795 -1.028 0.0, 1.2836 -1.0467 0.0039, 1.2836 -1.0467 0.0, 1.2848 -1.0551 0.0039, 1.2848 -1.0551 0.0, 1.2863 -1.07 0.0039, 1.2863 -1.07 0.0, 1.2908 -1.0698 0.0039, 1.2908 -1.0698 0.0, 1.2887 -1.036 0.0039, 1.2887 -1.036 0.0, 1.2854 -1.0233 0.0039, 1.2854 -1.0233 0.0, 1.2806 -1.0135 0.0039, 1.2806 -1.0135 0.0, 1.2769 -1.0088 0.0039, 1.2769 -1.0088 0.0, 1.2715 -1.0044 0.0039, 1.2715 -1.0044 0.0, 1.2646 -1.0013 0.0039, 1.2646 -1.0013 0.0, 1.258 -1.0001 0.0039, 1.258 -1.0001 0.0, 1.2507 -1.0004 0.0039, 1.2507 -1.0004 0.0, 1.2432 -1.0027 0.0039, 1.2432 -1.0027 0.0, 1.2367 -1.0065 0.0039, 1.2367 -1.0065 0.0, 1.2319 -1.0113 0.0039, 1.2319 -1.0113 0.0, 1.2255 -1.0219 0.0039, 1.2255 -1.0219 0.0, 1.2176 -1.0456 0.0039, 1.2176 -1.0456 0.0, 1.2145 -1.0648 0.0039, 1.2145 -1.0648 0.0, 1.2144 -1.1219 0.0039, 1.2144 -1.1219 0.0, 1.2212 -1.1526 0.0039, 1.2212 -1.1526 0.0, 1.2272 -1.1661 0.0039, 1.2272 -1.1661 0.0, 1.233 -1.1736 0.0039, 1.233 -1.1736 0.0, 1.2418 -1.1804 0.0039, 1.2418 -1.1804 0.0, 1.246 -1.1824 0.0039, 1.246 -1.1824 0.0, 1.25 -1.1832 0.0039, 1.25 -1.1832 0.0, 1.254 -1.1833 0.0039, 1.254 -1.1833 0.0, 1.2623 -1.1811 0.0039, 1.2623 -1.1811 0.0, 1.2689 -1.1775 0.0039, 1.2689 -1.1775 0.0, 1.2745 -1.1724 0.0039, 1.2745 -1.1724 0.0, 1.2778 -1.168 0.0039, 1.2778 -1.168 0.0, 1.2803 -1.1635 0.0039, 1.2803 -1.1635 0.0, 1.1422 -1.1751 0.0039, 1.1422 -1.1751 0.0, 1.1297 -1.1907 0.0039, 1.1352 -1.1839 0.0, 1.1297 -1.1907 0.0, 1.1393 -1.1689 0.0039, 1.1393 -1.1689 0.0, 1.138 -1.1609 0.0039, 1.138 -1.1609 0.0, 1.138 -1.1572 0.0039, 1.138 -1.1572 0.0, 1.138 -1.0129 0.0039, 1.138 -1.0129 0.0, 1.1597 -1.0147 0.0039, 1.1597 -1.0147 0.0, 1.1701 -1.0163 0.0039, 1.1701 -1.0163 0.0, 1.1736 -1.0171 0.0039, 1.1736 -1.0171 0.0, 1.1757 -1.0181 0.0039, 1.1757 -1.0181 0.0, 1.1783 -1.0203 0.0039, 1.1783 -1.0203 0.0, 1.1792 -1.0209 0.0039, 1.1792 -1.0209 0.0, 1.1801 -1.0213 0.0039, 1.1801 -1.0213 0.0, 1.1867 -1.0155 0.0039, 1.1867 -1.0155 0.0, 1.1898 -1.0127 0.0039, 1.1898 -1.0127 0.0, 1.1909 -1.0115 0.0039, 1.1909 -1.0115 0.0, 1.1914 -1.0106 0.0039, 1.1914 -1.0106 0.0, 1.1916 -1.0097 0.0039, 1.1916 -1.0097 0.0, 1.1917 -1.0086 0.0039, 1.1917 -1.0086 0.0, 1.1914 -1.008 0.0039, 1.1914 -1.008 0.0, 1.1912 -1.0077 0.0039, 1.1912 -1.0077 0.0, 1.1908 -1.0075 0.0039, 1.1908 -1.0075 0.0, 1.1901 -1.0072 0.0039, 1.1901 -1.0072 0.0, 1.189 -1.0071 0.0039, 1.189 -1.0071 0.0, 1.184 -1.007 0.0039, 1.184 -1.007 0.0, 1.1769 -1.0059 0.0039, 1.1769 -1.0059 0.0, 1.1582 -1.004 0.0039, 1.1582 -1.004 0.0, 1.1521 -1.0035 0.0039, 1.1521 -1.0035 0.0, 1.1402 -1.0024 0.0039, 1.1402 -1.0024 0.0, 1.1337 -1.0018 0.0039, 1.1337 -1.0018 0.0, 1.1322 -1.0014 0.0039, 1.1322 -1.0014 0.0, 1.1314 -1.0013 0.0039, 1.1314 -1.0013 0.0, 1.1309 -1.0014 0.0039, 1.1309 -1.0014 0.0, 1.1304 -1.0016 0.0039, 1.1304 -1.0016 0.0, 1.1301 -1.0018 0.0039, 1.1301 -1.0018 0.0, 1.1297 -1.0023 0.0039, 1.1297 -1.0023 0.0, 1.1293 -1.0031 0.0039, 1.1293 -1.0031 0.0, 1.1291 -1.0038 0.0039, 1.1291 -1.0038 0.0, 1.1291 -1.0054 0.0039, 1.1291 -1.0054 0.0, 1.1299 -1.0123 0.0039, 1.1299 -1.0123 0.0, 1.13 -1.014 0.0039, 1.13 -1.014 0.0, 1.1306 -1.0307 0.0039, 1.1306 -1.0307 0.0, 1.1306 -1.1581 0.0039, 1.1306 -1.1581 0.0, 1.1304 -1.1719 0.0, 1.1304 -1.1719 0.0039, 1.1286 -1.1839 0.0, 1.1283 -1.1856 0.0039, 1.1283 -1.1856 0.0, 1.1278 -1.1884 0.0039, 1.1278 -1.1884 0.0
            ]
        }
        coordIndex [
            0,1,2,-1,2,1,3,-1,4,5,0,-1,0,5,1,-1,6,7,4,-1,4,7,8,-1,4,8,5,-1,7,6,9,-1,7,9,10,-1,10,9,11,-1,10,11,12,-1,12,11,13,-1,12,13,14,-1,14,13,15,-1,14,15,16,-1,16,15,17,-1,16,17,18,-1,18,17,19,-1,18,19,20,-1,20,19,21,-1,20,21,22,-1,22,21,23,-1,22,23,24,-1,24,23,25,-1,24,25,26,-1,26,25,27,-1,26,27,28,-1,28,27,29,-1,28,29,30,-1,30,29,31,-1,30,31,32,-1,32,31,33,-1,32,33,34,-1,34,33,35,-1,34,35,36,-1,36,35,37,-1,37,35,38,-1,37,38,39,-1,40,41,38,-1,38,41,39,-1,41,40,42,-1,41,42,43,-1,43,42,44,-1,43,44,45,-1,45,44,46,-1,45,46,47,-1,47,46,48,-1,47,48,49,-1,50,51,48,-1,48,51,49,-1,51,50,52,-1,51,52,53,-1,53,52,54,-1,53,54,55,-1,55,54,56,-1,56,54,57,-1,56,57,58,-1,59,60,57,-1,57,60,58,-1,61,62,59,-1,59,62,63,-1,59,63,60,-1,64,65,61,-1,61,65,62,-1,65,64,66,-1,65,66,67,-1,67,66,68,-1,67,68,69,-1,70,71,68,-1,68,71,69,-1,71,70,72,-1,71,72,73,-1,73,72,74,-1,73,74,75,-1,75,74,76,-1,75,76,77,-1,77,76,78,-1,77,78,79,-1,79,78,80,-1,79,80,81,-1,81,80,82,-1,81,82,83,-1,83,82,84,-1,83,84,85,-1,85,84,86,-1,85,86,87,-1,87,86,88,-1,87,88,89,-1,90,91,88,-1,88,91,89,-1,91,90,92,-1,92,90,93,-1,92,93,94,-1,94,93,95,-1,94,95,96,-1,96,95,97,-1,96,97,98,-1,98,97,99,-1,98,99,100,-1,100,99,101,-1,100,101,102,-1,102,101,103,-1,102,103,104,-1,104,103,105,-1,104,105,106,-1,106,105,107,-1,106,107,108,-1,108,107,109,-1,108,109,110,-1,110,109,111,-1,110,111,112,-1,112,111,113,-1,112,113,114,-1,114,113,115,-1,114,115,116,-1,116,115,117,-1,116,117,118,-1,118,117,119,-1,118,119,120,-1,120,119,121,-1,120,121,122,-1,122,121,123,-1,122,123,124,-1,124,123,125,-1,124,125,126,-1,127,128,125,-1,125,128,129,-1,125,129,126,-1,130,131,127,-1,127,131,128,-1,130,2,131,-1,131,2,3,-1,132,57,133,-1,133,57,54,-1,6,4,35,-1,130,134,135,-1,74,72,127,-1,127,72,70,-1,135,136,130,-1,130,136,137,-1,130,137,2,-1,2,137,138,-1,52,0,54,-1,54,0,2,-1,54,2,133,-1,133,2,138,-1,70,68,127,-1,127,68,66,-1,127,66,130,-1,130,66,64,-1,130,64,134,-1,134,64,61,-1,134,61,132,-1,132,61,59,-1,132,59,57,-1,0,40,4,-1,4,40,38,-1,4,38,35,-1,97,95,125,-1,125,95,93,-1,125,93,127,-1,127,93,90,-1,90,88,127,-1,127,88,86,-1,127,86,74,-1,74,86,84,-1,74,84,76,-1,52,50,0,-1,0,50,48,-1,0,48,46,-1,33,11,35,-1,35,11,9,-1,35,9,6,-1,46,44,0,-1,0,44,42,-1,0,42,40,-1,82,80,84,-1,84,80,78,-1,84,78,76,-1,121,103,123,-1,123,103,101,-1,123,101,125,-1,125,101,99,-1,125,99,97,-1,121,119,103,-1,103,119,117,-1,103,117,105,-1,31,15,33,-1,33,15,13,-1,33,13,11,-1,31,29,15,-1,15,29,27,-1,15,27,25,-1,19,17,21,-1,21,17,15,-1,21,15,23,-1,23,15,25,-1,113,111,115,-1,115,111,109,-1,115,109,117,-1,117,109,107,-1,117,107,105,-1,133,139,132,-1,132,139,140,-1,139,133,138,-1,139,138,141,-1,141,138,137,-1,141,137,142,-1,142,137,136,-1,142,136,143,-1,135,144,136,-1,136,144,143,-1,134,145,135,-1,135,145,144,-1,140,145,132,-1,132,145,134,-1,146,147,148,-1,148,147,149,-1,147,146,150,-1,147,150,151,-1,151,150,152,-1,151,152,153,-1,153,152,154,-1,153,154,155,-1,155,154,156,-1,155,156,157,-1,157,156,158,-1,157,158,159,-1,159,158,160,-1,159,160,161,-1,161,160,162,-1,161,162,163,-1,163,162,164,-1,163,164,165,-1,165,164,166,-1,165,166,167,-1,168,169,166,-1,166,169,167,-1,170,171,168,-1,168,171,169,-1,171,170,172,-1,171,172,173,-1,173,172,174,-1,173,174,175,-1,176,177,174,-1,174,177,175,-1,178,179,176,-1,176,179,177,-1,179,178,180,-1,179,180,181,-1,181,180,182,-1,181,182,183,-1,183,182,184,-1,183,184,185,-1,185,184,186,-1,185,186,187,-1,187,186,188,-1,187,188,189,-1,189,188,190,-1,189,190,191,-1,191,190,192,-1,191,192,193,-1,193,192,194,-1,193,194,195,-1,195,194,196,-1,195,196,197,-1,197,196,198,-1,197,198,199,-1,199,198,200,-1,199,200,201,-1,201,200,202,-1,201,202,203,-1,203,202,204,-1,203,204,205,-1,205,204,206,-1,205,206,207,-1,207,206,208,-1,207,208,209,-1,209,208,210,-1,209,210,211,-1,211,210,212,-1,211,212,213,-1,214,215,212,-1,212,215,213,-1,215,214,216,-1,215,216,217,-1,217,216,218,-1,217,218,219,-1,219,218,220,-1,220,218,221,-1,220,221,222,-1,222,221,223,-1,222,223,224,-1,225,224,226,-1,226,224,223,-1,225,226,227,-1,227,226,228,-1,227,228,229,-1,229,228,230,-1,229,230,231,-1,231,230,232,-1,231,232,233,-1,233,232,234,-1,233,234,235,-1,236,237,234,-1,234,237,235,-1,237,236,238,-1,237,238,239,-1,239,238,240,-1,239,240,241,-1,241,240,242,-1,241,242,243,-1,243,242,244,-1,243,244,245,-1,245,244,246,-1,245,246,247,-1,247,246,248,-1,247,248,249,-1,249,248,250,-1,249,250,251,-1,251,250,252,-1,251,252,253,-1,253,252,254,-1,253,254,255,-1,255,254,256,-1,255,256,257,-1,257,256,258,-1,257,258,259,-1,259,258,260,-1,259,260,261,-1,261,260,262,-1,261,262,263,-1,263,262,264,-1,263,264,265,-1,266,267,264,-1,264,267,265,-1,268,269,266,-1,266,269,267,-1,270,271,268,-1,268,271,269,-1,271,270,272,-1,271,272,273,-1,273,272,148,-1,273,148,149,-1,242,240,264,-1,170,168,274,-1,168,166,146,-1,146,166,164,-1,146,164,150,-1,146,148,168,-1,168,148,272,-1,168,272,274,-1,274,272,270,-1,274,270,275,-1,276,277,232,-1,232,277,278,-1,232,278,279,-1,240,238,264,-1,264,238,236,-1,264,236,266,-1,266,236,234,-1,266,234,268,-1,268,234,232,-1,232,230,276,-1,276,230,216,-1,276,216,280,-1,270,268,275,-1,275,268,232,-1,275,232,281,-1,281,232,279,-1,282,283,178,-1,178,283,180,-1,180,283,284,-1,180,284,182,-1,258,256,254,-1,178,176,282,-1,282,176,174,-1,282,174,274,-1,274,174,172,-1,274,172,170,-1,182,284,184,-1,184,284,285,-1,184,285,186,-1,264,250,248,-1,162,154,164,-1,164,154,152,-1,164,152,150,-1,162,160,154,-1,154,160,158,-1,154,158,156,-1,286,287,202,-1,250,264,252,-1,252,264,262,-1,252,262,254,-1,254,262,260,-1,254,260,258,-1,248,246,264,-1,264,246,244,-1,264,244,242,-1,226,223,228,-1,228,223,221,-1,228,221,230,-1,230,221,218,-1,230,218,216,-1,202,287,204,-1,216,214,280,-1,280,214,212,-1,280,212,210,-1,287,288,204,-1,204,288,289,-1,204,289,206,-1,206,289,280,-1,206,280,208,-1,208,280,210,-1,186,285,188,-1,188,285,290,-1,188,290,190,-1,190,290,291,-1,190,291,192,-1,192,291,292,-1,192,292,194,-1,292,293,194,-1,194,293,294,-1,194,294,196,-1,196,294,295,-1,196,295,198,-1,198,295,286,-1,198,286,200,-1,200,286,202,-1,278,296,279,-1,279,296,297,-1,296,278,277,-1,296,277,298,-1,298,277,276,-1,298,276,299,-1,299,276,280,-1,299,280,300,-1,300,280,289,-1,300,289,301,-1,301,289,288,-1,301,288,302,-1,302,288,287,-1,302,287,303,-1,303,287,286,-1,303,286,304,-1,304,286,295,-1,304,295,305,-1,305,295,294,-1,305,294,306,-1,306,294,293,-1,306,293,307,-1,307,293,292,-1,307,292,308,-1,308,292,291,-1,308,291,309,-1,309,291,290,-1,309,290,310,-1,310,290,285,-1,310,285,311,-1,311,285,284,-1,311,284,312,-1,312,284,283,-1,312,283,313,-1,313,283,282,-1,313,282,314,-1,274,315,282,-1,282,315,314,-1,275,316,274,-1,274,316,315,-1,316,275,281,-1,316,281,317,-1,317,281,279,-1,317,279,297,-1,318,319,320,-1,320,319,321,-1,319,318,322,-1,319,322,323,-1,323,322,324,-1,323,324,325,-1,325,324,326,-1,325,326,327,-1,328,329,326,-1,326,329,327,-1,330,331,328,-1,328,331,329,-1,331,330,332,-1,331,332,333,-1,333,332,334,-1,333,334,335,-1,335,334,336,-1,335,336,337,-1,337,336,338,-1,337,338,339,-1,339,338,340,-1,339,340,341,-1,341,340,342,-1,341,342,343,-1,343,342,344,-1,343,344,345,-1,345,344,346,-1,345,346,347,-1,347,346,348,-1,347,348,349,-1,349,348,350,-1,349,350,351,-1,351,350,352,-1,351,352,353,-1,354,355,352,-1,352,355,353,-1,356,357,354,-1,354,357,355,-1,358,359,356,-1,356,359,357,-1,359,358,360,-1,359,360,361,-1,361,360,362,-1,361,362,363,-1,364,365,362,-1,362,365,363,-1,366,367,364,-1,364,367,365,-1,367,366,368,-1,367,368,369,-1,369,368,370,-1,369,370,371,-1,371,370,372,-1,371,372,373,-1,373,372,374,-1,373,374,375,-1,375,374,376,-1,375,376,377,-1,377,376,378,-1,377,378,379,-1,379,378,380,-1,379,380,381,-1,381,380,382,-1,381,382,383,-1,383,382,384,-1,383,384,385,-1,385,384,386,-1,385,386,387,-1,387,386,388,-1,387,388,389,-1,389,388,390,-1,389,390,391,-1,392,393,390,-1,390,393,391,-1,393,392,394,-1,393,394,395,-1,395,394,396,-1,395,396,397,-1,398,399,396,-1,396,399,397,-1,399,398,400,-1,399,400,401,-1,401,400,402,-1,401,402,403,-1,403,402,404,-1,403,404,405,-1,405,404,406,-1,405,406,407,-1,407,406,408,-1,407,408,409,-1,409,408,410,-1,409,410,411,-1,411,410,412,-1,411,412,413,-1,413,412,414,-1,413,414,415,-1,415,414,416,-1,415,416,417,-1,417,416,418,-1,417,418,419,-1,419,418,420,-1,419,420,421,-1,421,420,422,-1,421,422,423,-1,423,422,424,-1,423,424,425,-1,426,427,424,-1,424,427,425,-1,427,426,428,-1,427,428,429,-1,429,428,430,-1,429,430,431,-1,432,433,430,-1,430,433,431,-1,433,432,434,-1,433,434,435,-1,435,434,436,-1,435,436,437,-1,437,436,438,-1,437,438,439,-1,439,438,440,-1,439,440,441,-1,441,440,442,-1,441,442,443,-1,443,442,444,-1,443,444,445,-1,445,444,446,-1,445,446,447,-1,447,446,448,-1,447,448,449,-1,449,448,450,-1,449,450,451,-1,451,450,452,-1,451,452,453,-1,453,452,454,-1,453,454,455,-1,455,454,456,-1,455,456,457,-1,457,456,458,-1,457,458,459,-1,459,458,460,-1,459,460,461,-1,461,460,462,-1,461,462,463,-1,464,465,462,-1,462,465,463,-1,465,464,466,-1,465,466,467,-1,467,466,468,-1,467,468,469,-1,470,471,468,-1,468,471,469,-1,471,470,472,-1,471,472,473,-1,473,472,474,-1,473,474,475,-1,476,477,474,-1,474,477,475,-1,477,476,478,-1,477,478,479,-1,479,478,480,-1,479,480,481,-1,481,480,482,-1,481,482,483,-1,483,482,484,-1,484,482,485,-1,484,485,486,-1,486,485,487,-1,487,485,488,-1,487,488,489,-1,489,488,490,-1,489,490,491,-1,491,490,492,-1,491,492,493,-1,493,492,494,-1,493,494,495,-1,495,494,496,-1,495,496,497,-1,497,496,498,-1,497,498,499,-1,499,498,500,-1,499,500,501,-1,501,500,502,-1,501,502,503,-1,503,502,504,-1,503,504,505,-1,505,504,506,-1,505,506,507,-1,507,506,508,-1,507,508,509,-1,509,508,510,-1,509,510,511,-1,512,513,510,-1,510,513,511,-1,513,512,514,-1,513,514,515,-1,515,514,516,-1,515,516,517,-1,518,519,516,-1,516,519,517,-1,518,320,519,-1,519,320,321,-1,402,400,356,-1,362,360,392,-1,392,360,358,-1,326,324,352,-1,400,398,356,-1,356,398,396,-1,356,396,358,-1,358,396,394,-1,358,394,392,-1,430,428,356,-1,428,426,356,-1,356,426,424,-1,356,424,422,-1,422,420,356,-1,356,420,418,-1,356,418,416,-1,320,354,318,-1,318,354,352,-1,318,352,322,-1,322,352,324,-1,362,392,364,-1,364,392,390,-1,364,390,366,-1,366,390,388,-1,366,388,386,-1,356,410,408,-1,436,434,518,-1,518,434,432,-1,518,432,320,-1,320,432,430,-1,320,430,354,-1,354,430,356,-1,416,414,356,-1,356,414,412,-1,356,412,410,-1,336,334,350,-1,350,334,352,-1,328,326,330,-1,330,326,352,-1,330,352,332,-1,332,352,334,-1,448,446,518,-1,518,446,444,-1,518,444,442,-1,386,384,366,-1,366,384,382,-1,366,382,380,-1,408,406,356,-1,356,406,404,-1,356,404,402,-1,496,494,508,-1,508,494,492,-1,508,492,510,-1,510,492,490,-1,510,490,488,-1,472,470,518,-1,518,470,468,-1,518,468,466,-1,466,464,518,-1,518,464,462,-1,518,462,460,-1,370,376,372,-1,372,376,374,-1,380,378,366,-1,366,378,376,-1,366,376,368,-1,368,376,370,-1,454,452,518,-1,518,452,450,-1,518,450,448,-1,442,440,518,-1,518,440,438,-1,518,438,436,-1,488,485,510,-1,510,485,482,-1,510,482,512,-1,512,482,480,-1,512,480,514,-1,514,480,478,-1,514,478,516,-1,516,478,476,-1,516,476,518,-1,518,476,474,-1,518,474,472,-1,460,458,518,-1,518,458,456,-1,518,456,454,-1,342,340,350,-1,350,340,338,-1,350,338,336,-1,502,508,504,-1,504,508,506,-1,502,500,508,-1,508,500,498,-1,508,498,496,-1,348,346,350,-1,350,346,344,-1,350,344,342,-1,520,521,522,-1,522,521,523,-1,524,525,520,-1,520,525,521,-1,526,527,524,-1,524,527,525,-1,527,526,528,-1,527,528,529,-1,529,528,530,-1,529,530,531,-1,531,530,532,-1,531,532,533,-1,533,532,534,-1,533,534,535,-1,535,534,536,-1,535,536,537,-1,537,536,538,-1,537,538,539,-1,539,538,540,-1,539,540,541,-1,541,540,542,-1,541,542,543,-1,543,542,544,-1,543,544,545,-1,545,544,546,-1,545,546,547,-1,547,546,548,-1,547,548,549,-1,549,548,550,-1,549,550,551,-1,551,550,552,-1,551,552,553,-1,553,552,554,-1,553,554,555,-1,555,554,556,-1,555,556,557,-1,557,556,558,-1,557,558,559,-1,559,558,560,-1,559,560,561,-1,561,560,562,-1,561,562,563,-1,563,562,564,-1,563,564,565,-1,565,564,566,-1,565,566,567,-1,567,566,568,-1,567,568,569,-1,569,568,570,-1,569,570,571,-1,571,570,572,-1,571,572,573,-1,573,572,574,-1,573,574,575,-1,575,574,576,-1,575,576,577,-1,577,576,578,-1,577,578,579,-1,579,578,580,-1,579,580,581,-1,581,580,582,-1,581,582,583,-1,583,582,584,-1,583,584,585,-1,586,587,584,-1,584,587,585,-1,588,589,586,-1,586,589,587,-1,589,588,590,-1,589,590,591,-1,591,590,592,-1,591,592,593,-1,593,592,594,-1,593,594,595,-1,595,594,596,-1,595,596,597,-1,597,596,598,-1,597,598,599,-1,599,598,600,-1,599,600,601,-1,601,600,602,-1,601,602,603,-1,603,602,604,-1,603,604,605,-1,605,604,606,-1,605,606,607,-1,607,606,608,-1,607,608,609,-1,609,608,610,-1,609,610,611,-1,611,610,612,-1,611,612,613,-1,613,612,614,-1,613,614,615,-1,615,614,616,-1,615,616,617,-1,617,616,618,-1,617,618,619,-1,619,618,620,-1,619,620,621,-1,621,620,622,-1,621,622,623,-1,623,622,624,-1,623,624,625,-1,625,624,626,-1,625,626,627,-1,627,626,628,-1,627,628,629,-1,629,628,630,-1,629,630,631,-1,631,630,632,-1,631,632,633,-1,633,632,634,-1,633,634,635,-1,635,634,636,-1,635,636,637,-1,637,636,638,-1,637,638,639,-1,639,638,640,-1,639,640,641,-1,642,643,640,-1,640,643,641,-1,642,522,643,-1,643,522,523,-1,524,520,642,-1,642,520,522,-1,640,536,642,-1,642,536,534,-1,642,534,532,-1,526,524,528,-1,528,524,642,-1,528,642,530,-1,530,642,532,-1,640,638,536,-1,536,638,636,-1,536,636,538,-1,538,636,634,-1,538,634,540,-1,540,634,632,-1,540,632,542,-1,632,630,542,-1,542,630,628,-1,542,628,544,-1,544,628,626,-1,544,626,546,-1,546,626,624,-1,546,624,548,-1,548,624,622,-1,548,622,550,-1,550,622,552,-1,552,622,620,-1,552,620,554,-1,554,620,618,-1,554,618,556,-1,556,618,616,-1,556,616,558,-1,558,616,614,-1,558,614,560,-1,560,614,612,-1,560,612,562,-1,562,612,610,-1,562,610,564,-1,564,610,608,-1,564,608,566,-1,566,608,606,-1,566,606,568,-1,568,606,604,-1,568,604,570,-1,570,604,602,-1,570,602,572,-1,572,602,600,-1,572,600,574,-1,574,600,598,-1,574,598,576,-1,576,598,596,-1,576,596,578,-1,578,596,594,-1,578,594,580,-1,580,594,592,-1,580,592,582,-1,582,592,590,-1,582,590,584,-1,584,590,588,-1,584,588,586,-1,644,645,646,-1,646,645,647,-1,646,647,648,-1,645,644,649,-1,645,649,650,-1,650,649,651,-1,650,651,652,-1,652,651,653,-1,652,653,654,-1,655,656,653,-1,653,656,654,-1,656,655,657,-1,656,657,658,-1,658,657,659,-1,658,659,660,-1,660,659,661,-1,660,661,662,-1,662,661,663,-1,662,663,664,-1,664,663,665,-1,664,665,666,-1,666,665,667,-1,666,667,668,-1,668,667,669,-1,668,669,670,-1,670,669,671,-1,670,671,672,-1,672,671,673,-1,672,673,674,-1,674,673,675,-1,674,675,676,-1,676,675,677,-1,676,677,678,-1,678,677,679,-1,678,679,680,-1,680,679,681,-1,680,681,682,-1,682,681,683,-1,682,683,684,-1,684,683,685,-1,684,685,686,-1,686,685,687,-1,686,687,688,-1,688,687,689,-1,688,689,690,-1,690,689,691,-1,690,691,692,-1,692,691,693,-1,692,693,694,-1,694,693,695,-1,694,695,696,-1,696,695,697,-1,696,697,698,-1,698,697,699,-1,698,699,700,-1,701,702,699,-1,699,702,700,-1,703,704,701,-1,701,704,702,-1,704,703,705,-1,704,705,706,-1,706,705,707,-1,706,707,708,-1,708,707,709,-1,708,709,710,-1,710,709,711,-1,710,711,712,-1,712,711,713,-1,712,713,714,-1,714,713,715,-1,714,715,716,-1,716,715,717,-1,716,717,718,-1,718,717,719,-1,718,719,720,-1,720,719,721,-1,720,721,722,-1,722,721,723,-1,722,723,724,-1,724,723,725,-1,724,725,726,-1,727,728,725,-1,725,728,726,-1,729,730,727,-1,727,730,728,-1,731,730,732,-1,732,730,729,-1,731,732,733,-1,733,732,734,-1,733,734,735,-1,736,737,734,-1,734,737,735,-1,736,646,737,-1,737,646,648,-1,667,665,693,-1,693,665,663,-1,693,663,695,-1,669,667,671,-1,671,667,693,-1,671,693,673,-1,673,693,691,-1,673,691,675,-1,729,727,655,-1,655,727,725,-1,655,725,723,-1,663,661,695,-1,695,661,659,-1,695,659,697,-1,697,659,657,-1,646,736,644,-1,644,736,734,-1,644,734,649,-1,649,734,732,-1,649,732,651,-1,651,732,729,-1,651,729,653,-1,653,729,655,-1,723,721,655,-1,655,721,719,-1,655,719,717,-1,679,689,687,-1,689,679,691,-1,691,679,677,-1,691,677,675,-1,717,715,655,-1,655,715,713,-1,655,713,711,-1,711,709,655,-1,655,709,707,-1,655,707,705,-1,705,703,655,-1,655,703,701,-1,655,701,657,-1,657,701,699,-1,657,699,697,-1,687,685,679,-1,679,685,683,-1,679,683,681,-1,
        ]
    }
}
Shape{
    appearance Appearance {
        material  Material 	{
            diffuseColor 0.27450980392156865 0.49411764705882355 0.27450980392156865
            specularColor 0.0196078431372549 0.03529411764705882 0.0196078431372549
            ambientIntensity 0.5763
            transparency 0.0
            shininess 0.5
        }
    }
    geometry IndexedFaceSet {
        ccw TRUE
        solid FALSE
        coord DEF co Coordinate {
            point [
                1.5677 -1.0873 0.0, 1.5753 -1.08 0.0, 1.5572 -1.1595 0.0, 1.5388 -1.0763 0.0, 1.5499 -1.0786 0.0, 1.5582 -1.0812 0.0, 1.5606 -1.0825 0.0, 1.4314 -1.1646 0.0, 1.4314 -1.0148 0.0, 1.4368 -1.1669 0.0, 1.4358 -1.0147 0.0, 1.4402 -1.0148 0.0, 1.4526 -1.0163 0.0, 1.4614 -1.0174 0.0, 1.4611 -1.1706 0.0, 1.4488 -1.1697 0.0, 1.4897 -1.1074 0.0, 1.4891 -1.0657 0.0, 1.4686 -1.1691 0.0, 1.4864 -1.1459 0.0, 1.484 -1.1544 0.0, 1.4677 -1.019 0.0, 1.4723 -1.021 0.0, 1.4757 -1.0237 0.0, 1.4808 -1.1605 0.0, 1.4774 -1.1646 0.0, 1.4741 -1.167 0.0, 1.479 -1.028 0.0, 1.4846 -1.0406 0.0, 1.2638 0.9842 1.5222, 1.2638 0.9842 1.8676, 1.7362 0.9842 1.5222, 1.7362 0.9842 1.8676, 1.2638 0.9842 0.7874, 1.2638 1.1811 0.7874, 1.2638 1.1811 1.1811, 1.7362 1.1811 0.7874, 1.7362 0.9842 0.7874, 1.7362 1.1811 1.1811
            ]
        }
        coordIndex [
            0,1,2,-1,2,3,4,-1,4,5,2,-1,2,5,6,-1,2,6,0,-1,7,8,9,-1,9,8,10,-1,10,11,9,-1,9,11,12,-1,9,12,13,-1,14,15,16,-1,16,15,9,-1,16,9,17,-1,14,16,18,-1,18,16,19,-1,18,19,20,-1,13,21,9,-1,9,21,22,-1,9,22,23,-1,20,24,18,-1,18,24,25,-1,18,25,26,-1,23,27,9,-1,9,27,28,-1,9,28,17,-1,29,30,31,-1,31,30,32,-1,33,34,29,-1,29,34,35,-1,29,35,30,-1,36,37,38,-1,38,37,31,-1,38,31,32,-1,37,36,33,-1,33,36,34,-1,
        ]
    }
}
Shape{
    appearance Appearance {
        material  Material 	{
            diffuseColor 0.6470588235294118 0.6196078431372549 0.5882352941176471
            specularColor 0.45098039215686275 0.43529411764705883 0.4117647058823529
            ambientIntensity 0.6242
            transparency 0.0
            shininess 0.5
        }
    }
    geometry IndexedFaceSet {
        ccw TRUE
        solid FALSE
        coord DEF co Coordinate {
            point [
                0.8116 -0.1533 3.2205, 0.1884 -0.1533 3.2205, 0.2017 -0.1884 3.2205, 0.2733 -0.2903 3.2205, 0.3223 -0.3292 3.2205, 0.7983 -0.1884 3.2205, 0.2326 -0.2428 3.2205, 0.3778 -0.358 3.2205, 0.4378 -0.3757 3.2205, 0.7674 -0.2428 3.2205, 0.7267 -0.2903 3.2205, 0.5 -0.3817 3.2205, 0.5622 -0.3757 3.2205, 0.6777 -0.3292 3.2205, 0.6222 -0.358 3.2205, 0.2137 -0.3412 3.1417, 0.2187 -0.347 3.1417, 0.2205 -0.3451 3.1621, 0.2979 -0.4048 3.1417, 0.3483 -0.431 3.1417, 0.3493 -0.4285 3.1621, 0.6045 -0.445 3.1417, 0.6517 -0.431 3.1417, 0.6507 -0.4285 3.1621, 0.7863 -0.3412 3.1417, 0.8318 -0.2881 3.1417, 0.8296 -0.2865 3.1621, 0.8127 -0.1533 3.2205, 0.8169 -0.1968 3.2178, 0.8327 -0.1533 3.2179, 0.8329 -0.1533 3.2178, 0.8415 -0.1533 3.2151, 0.8342 -0.2045 3.2099, 0.8524 -0.1533 3.2095, 0.8588 -0.1533 3.2062, 0.8491 -0.2112 3.1974, 0.8662 -0.1533 3.2005, 0.8605 -0.2163 3.1811, 0.8788 -0.1533 3.1868, 0.8693 -0.1533 3.1971, 0.8906 -0.1533 3.1621, 0.8906 -0.1533 3.1624, 0.8677 -0.2195 3.1621, 0.8836 -0.1533 3.1793, 0.8825 -0.1533 3.1811, 0.8934 -0.1533 3.1417, 0.8924 -0.1533 3.1542, 0.8912 -0.1597 3.1417, 0.8701 -0.2206 3.1417, 0.8496 -0.2568 3.1417, 0.1066 -0.1533 3.1417, 0.1088 -0.1597 3.1417, 0.107 -0.1533 3.1498, 0.1095 -0.1533 3.1621, 0.1323 -0.2195 3.1621, 0.11 -0.1533 3.1644, 0.1395 -0.2163 3.1811, 0.1175 -0.1533 3.1812, 0.122 -0.1533 3.1878, 0.1509 -0.2112 3.1974, 0.1308 -0.1533 3.1971, 0.1582 -0.1533 3.215, 0.1476 -0.1533 3.2095, 0.1658 -0.2045 3.2099, 0.1409 -0.1533 3.206, 0.135 -0.1533 3.2015, 0.1652 -0.1533 3.2173, 0.1831 -0.1968 3.2178, 0.1671 -0.1533 3.2176, 0.185 -0.1533 3.2204, 0.6888 -0.3463 3.2178, 0.6298 -0.3769 3.2178, 0.6991 -0.3622 3.2099, 0.6369 -0.3945 3.2099, 0.708 -0.3759 3.1974, 0.643 -0.4096 3.1974, 0.7148 -0.3864 3.1811, 0.6477 -0.4212 3.1811, 0.7191 -0.393 3.1621, 0.4339 -0.3957 3.2178, 0.3702 -0.3769 3.2178, 0.4303 -0.4144 3.2099, 0.3631 -0.3945 3.2099, 0.4271 -0.4304 3.1974, 0.357 -0.4096 3.1974, 0.4248 -0.4427 3.1811, 0.3523 -0.4212 3.1811, 0.4233 -0.4504 3.1621, 0.2159 -0.2545 3.2178, 0.2004 -0.2654 3.2099, 0.1871 -0.2748 3.1974, 0.1768 -0.282 3.1811, 0.1704 -0.2865 3.1621, 0.8232 -0.282 3.1811, 0.8129 -0.2748 3.1974, 0.7996 -0.2654 3.2099, 0.7841 -0.2545 3.2178, 0.7813 -0.347 3.1417, 0.7795 -0.3451 3.1621, 0.774 -0.3394 3.1811, 0.7653 -0.3304 3.1974, 0.754 -0.3186 3.2099, 0.7408 -0.305 3.2178, 0.7205 -0.3952 3.1417, 0.7021 -0.4048 3.1417, 0.5772 -0.453 3.1417, 0.5767 -0.4504 3.1621, 0.5752 -0.4427 3.1811, 0.5729 -0.4304 3.1974, 0.5697 -0.4144 3.2099, 0.5661 -0.3957 3.2178, 0.5 -0.4021 3.2178, 0.5 -0.4211 3.2099, 0.5 -0.4374 3.1974, 0.5 -0.4499 3.1811, 0.5 -0.4578 3.1621, 0.5 -0.4604 3.1417, 0.4228 -0.453 3.1417, 0.3955 -0.445 3.1417, 0.2795 -0.3952 3.1417, 0.2809 -0.393 3.1621, 0.2852 -0.3864 3.1811, 0.292 -0.3759 3.1974, 0.3009 -0.3622 3.2099, 0.3112 -0.3463 3.2178, 0.2592 -0.305 3.2178, 0.246 -0.3186 3.2099, 0.2347 -0.3304 3.1974, 0.226 -0.3394 3.1811, 0.1682 -0.2881 3.1417, 0.1299 -0.2206 3.1417, 0.1504 -0.2568 3.1417, 0.7352 -0.0549 2.6435, 0.7272 0.006 1.8392, 0.7272 0.006 2.6435, 0.7037 0.0627 1.8392, 0.7037 0.0627 2.6435, 0.6663 0.1114 1.8392, 0.6663 0.1114 2.6435, 0.6176 0.1488 1.8392, 0.6176 0.1488 2.6435, 0.5609 0.1723 1.8392, 0.5609 0.1723 2.6435, 0.5 0.1803 1.8392, 0.5 0.1803 2.6435, 0.4391 0.1723 1.8392, 0.4391 0.1723 2.6435, 0.3824 0.1488 1.8392, 0.3824 0.1488 2.6435, 0.3337 0.1114 1.8392, 0.3337 0.1114 2.6435, 0.2963 0.0627 1.8392, 0.2963 0.0627 2.6435, 0.2728 0.006 1.8392, 0.2728 0.006 2.6435, 0.2648 -0.0549 1.8392, 0.2648 -0.0549 2.6435, 0.2728 -0.1158 1.8392, 0.2728 -0.1158 2.6435, 0.2963 -0.1725 1.8392, 0.2963 -0.1725 2.6435, 0.3337 -0.2212 1.8392, 0.3337 -0.2212 2.6435, 0.3824 -0.2586 1.8392, 0.3824 -0.2586 2.6435, 0.4391 -0.2821 1.8392, 0.4391 -0.2821 2.6435, 0.5 -0.2901 1.8392, 0.5 -0.2901 2.6435, 0.5609 -0.2821 1.8392, 0.5609 -0.2821 2.6435, 0.6176 -0.2586 1.8392, 0.6176 -0.2586 2.6435, 0.6663 -0.2212 1.8392, 0.6663 -0.2212 2.6435, 0.7037 -0.1725 1.8392, 0.7037 -0.1725 2.6435, 0.7272 -0.1158 1.8392, 0.7272 -0.1158 2.6435, 0.7352 -0.0549 1.8392
            ]
        }
        coordIndex [
            0,1,2,-1,3,4,5,-1,0,2,5,-1,5,2,6,-1,5,6,3,-1,4,7,5,-1,5,7,8,-1,5,8,9,-1,9,8,10,-1,8,11,10,-1,10,11,12,-1,10,12,13,-1,13,12,14,-1,15,16,17,-1,18,19,20,-1,21,22,23,-1,24,25,26,-1,0,5,27,-1,27,5,28,-1,27,28,29,-1,29,28,30,-1,30,28,31,-1,31,28,32,-1,31,32,33,-1,33,32,34,-1,34,32,35,-1,34,35,36,-1,37,38,35,-1,35,38,39,-1,35,39,36,-1,40,41,42,-1,42,41,43,-1,42,43,37,-1,37,43,44,-1,37,44,38,-1,45,46,47,-1,47,46,40,-1,47,40,48,-1,48,40,42,-1,48,42,49,-1,50,51,52,-1,52,51,53,-1,53,54,55,-1,55,54,56,-1,55,56,57,-1,57,56,58,-1,58,56,59,-1,58,59,60,-1,61,62,63,-1,63,62,64,-1,63,64,59,-1,59,64,65,-1,59,65,60,-1,61,63,66,-1,66,63,67,-1,66,67,68,-1,68,67,69,-1,69,67,2,-1,69,2,1,-1,13,14,70,-1,70,14,71,-1,70,71,72,-1,72,71,73,-1,72,73,74,-1,74,73,75,-1,74,75,76,-1,76,75,77,-1,76,77,78,-1,78,77,23,-1,8,7,79,-1,79,7,80,-1,79,80,81,-1,81,80,82,-1,81,82,83,-1,83,82,84,-1,83,84,85,-1,85,84,86,-1,85,86,87,-1,87,86,20,-1,6,2,88,-1,88,2,67,-1,88,67,89,-1,89,67,63,-1,89,63,90,-1,90,63,59,-1,90,59,91,-1,91,59,56,-1,91,56,92,-1,92,56,54,-1,25,49,26,-1,26,49,42,-1,26,42,93,-1,93,42,37,-1,93,37,94,-1,94,37,35,-1,94,35,95,-1,95,35,32,-1,95,32,96,-1,96,32,28,-1,96,28,9,-1,9,28,5,-1,97,24,98,-1,98,24,26,-1,98,26,99,-1,99,26,93,-1,99,93,100,-1,100,93,94,-1,100,94,101,-1,101,94,95,-1,101,95,102,-1,102,95,96,-1,102,96,10,-1,10,96,9,-1,10,13,102,-1,102,13,70,-1,102,70,101,-1,101,70,72,-1,101,72,100,-1,100,72,74,-1,100,74,99,-1,99,74,76,-1,99,76,98,-1,98,76,78,-1,98,78,97,-1,97,78,103,-1,23,22,78,-1,78,22,104,-1,78,104,103,-1,105,21,106,-1,106,21,23,-1,106,23,107,-1,107,23,77,-1,107,77,108,-1,108,77,75,-1,108,75,109,-1,109,75,73,-1,109,73,110,-1,110,73,71,-1,110,71,12,-1,12,71,14,-1,12,11,110,-1,110,11,111,-1,110,111,109,-1,109,111,112,-1,109,112,108,-1,108,112,113,-1,108,113,107,-1,107,113,114,-1,107,114,106,-1,106,114,115,-1,106,115,105,-1,105,115,116,-1,11,8,111,-1,111,8,79,-1,111,79,112,-1,112,79,81,-1,112,81,113,-1,113,81,83,-1,113,83,114,-1,114,83,85,-1,114,85,115,-1,115,85,87,-1,115,87,116,-1,116,87,117,-1,20,19,87,-1,87,19,118,-1,87,118,117,-1,119,18,120,-1,120,18,20,-1,120,20,121,-1,121,20,86,-1,121,86,122,-1,122,86,84,-1,122,84,123,-1,123,84,82,-1,123,82,124,-1,124,82,80,-1,124,80,4,-1,4,80,7,-1,4,3,124,-1,124,3,125,-1,124,125,123,-1,123,125,126,-1,123,126,122,-1,122,126,127,-1,122,127,121,-1,121,127,128,-1,121,128,120,-1,120,128,17,-1,120,17,119,-1,119,17,16,-1,129,15,92,-1,92,15,17,-1,92,17,91,-1,91,17,128,-1,91,128,90,-1,90,128,127,-1,90,127,89,-1,89,127,126,-1,89,126,88,-1,88,126,125,-1,88,125,6,-1,6,125,3,-1,53,51,54,-1,54,51,130,-1,54,130,92,-1,92,130,131,-1,92,131,129,-1,132,133,134,-1,134,133,135,-1,134,135,136,-1,136,135,137,-1,136,137,138,-1,138,137,139,-1,138,139,140,-1,140,139,141,-1,140,141,142,-1,142,141,143,-1,142,143,144,-1,144,143,145,-1,144,145,146,-1,146,145,147,-1,146,147,148,-1,148,147,149,-1,148,149,150,-1,150,149,151,-1,150,151,152,-1,152,151,153,-1,152,153,154,-1,154,153,155,-1,154,155,156,-1,156,155,157,-1,156,157,158,-1,158,157,159,-1,158,159,160,-1,160,159,161,-1,160,161,162,-1,162,161,163,-1,162,163,164,-1,164,163,165,-1,164,165,166,-1,166,165,167,-1,166,167,168,-1,168,167,169,-1,168,169,170,-1,170,169,171,-1,170,171,172,-1,172,171,173,-1,172,173,174,-1,174,173,175,-1,174,175,176,-1,176,175,177,-1,176,177,178,-1,178,177,179,-1,178,179,132,-1,132,179,133,-1,
        ]
    }
}
Shape{
    appearance Appearance {
        material  Material 	{
            diffuseColor 0.27450980392156865 0.49411764705882355 0.27450980392156865
            specularColor 0.0196078431372549 0.03529411764705882 0.0196078431372549
            ambientIntensity 0.5763
            transparency 0.0
            shininess 0.5
        }
    }
    geometry IndexedFaceSet {
        ccw TRUE
        solid FALSE
        coord DEF co Coordinate {
            point [
                0.8937 -0.8354 0.5543, 0.8937 -0.9093 0.0, 0.7362 -0.8354 0.5543, 0.5071 -0.9093 0.0, 0.2638 -0.8354 0.5543, 0.4017 -0.9093 0.0, 0.3027 -0.9093 0.0, 0.1063 -0.9093 0.0, 0.1063 -0.8354 0.5543, 0.117 -0.9093 0.0, 0.2017 -0.9093 0.0, 0.2638 -0.8354 1.3035, 0.1063 -0.8354 1.5292, 0.7362 -0.8354 1.3035, 0.8937 -0.8354 1.5292, 0.1063 -0.6872 1.5292, 0.8937 -0.6872 1.5292, 0.1063 -0.6872 2.6435, 0.8937 -0.6872 2.6435, 0.5609 -0.2821 2.6435, 0.5 -0.2901 2.6435, 0.2963 0.0627 2.6435, 0.1063 0.6045 2.6435, 0.3337 0.1114 2.6435, 0.3824 0.1488 2.6435, 0.2963 -0.1725 2.6435, 0.3337 -0.2212 2.6435, 0.6176 -0.2586 2.6435, 0.6663 -0.2212 2.6435, 0.7037 -0.1725 2.6435, 0.2728 0.006 2.6435, 0.2648 -0.0549 2.6435, 0.2728 -0.1158 2.6435, 0.3824 -0.2586 2.6435, 0.4391 -0.2821 2.6435, 0.7272 0.006 2.6435, 0.8937 0.6045 2.6435, 0.7352 -0.0549 2.6435, 0.7272 -0.1158 2.6435, 0.7037 0.0627 2.6435, 0.6663 0.1114 2.6435, 0.6176 0.1488 2.6435, 0.5609 0.1723 2.6435, 0.5 0.1803 2.6435, 0.4391 0.1723 2.6435, 0.1063 0.6045 2.4779, 0.8937 0.6045 2.4779, 0.1063 0.7633 1.9241, 0.8937 0.7633 1.9241, 0.5984 0.7633 1.5222, 0.8937 0.7633 1.5222, 0.5984 0.7633 1.5433, 0.4016 0.7633 1.5433, 0.4016 0.7633 1.5222, 0.1063 0.7633 1.5222, 0.5984 0.8198 1.5222, 0.8937 0.9842 1.5222, 0.1063 0.9842 1.5222, 0.2638 0.9842 1.5222, 0.4016 0.8198 1.5222, 0.7362 0.9842 1.5222, 0.2638 0.9842 0.7874, 0.1063 0.9842 0.0, 0.7362 0.9842 0.7874, 0.117 0.9842 0.0, 0.2017 0.9842 0.0, 0.3027 0.9842 0.0, 0.4017 0.9842 0.0, 0.5071 0.9842 0.0, 0.8937 0.9842 0.0, 0.6176 0.1488 2.6818, 0.6598 0.2219 2.6818, 0.5609 0.1723 2.6818, 0.5827 0.2538 2.6818, 0.5 0.1803 2.6818, 0.5 0.2647 2.6818, 0.4391 0.1723 2.6818, 0.4173 0.2538 2.6818, 0.3824 0.1488 2.6818, 0.3402 0.2219 2.6818, 0.3337 0.1114 2.6818, 0.274 0.1711 2.6818, 0.2963 0.0627 2.6818, 0.2232 0.1049 2.6818, 0.2728 0.006 2.6818, 0.1913 0.0278 2.6818, 0.2648 -0.0549 2.6818, 0.1804 -0.0549 2.6818, 0.2728 -0.1158 2.6818, 0.1913 -0.1376 2.6818, 0.2963 -0.1725 2.6818, 0.2232 -0.2147 2.6818, 0.3337 -0.2212 2.6818, 0.274 -0.2809 2.6818, 0.3824 -0.2586 2.6818, 0.3402 -0.3317 2.6818, 0.4391 -0.2821 2.6818, 0.4173 -0.3636 2.6818, 0.5 -0.2901 2.6818, 0.5 -0.3745 2.6818, 0.5609 -0.2821 2.6818, 0.5827 -0.3636 2.6818, 0.6176 -0.2586 2.6818, 0.6598 -0.3317 2.6818, 0.6663 -0.2212 2.6818, 0.726 -0.2809 2.6818, 0.7037 -0.1725 2.6818, 0.7768 -0.2147 2.6818, 0.7272 -0.1158 2.6818, 0.8087 -0.1376 2.6818, 0.7352 -0.0549 2.6818, 0.8196 -0.0549 2.6818, 0.7272 0.006 2.6818, 0.8087 0.0278 2.6818, 0.7037 0.0627 2.6818, 0.7768 0.1049 2.6818, 0.6663 0.1114 2.6818, 0.726 0.1711 2.6818, 0.8196 -0.0549 2.7983, 0.8087 0.0278 2.7983, 0.7768 0.1049 2.7983, 0.726 0.1711 2.7983, 0.6598 0.2219 2.7983, 0.5827 0.2538 2.7983, 0.5 0.2647 2.7983, 0.4173 0.2538 2.7983, 0.3402 0.2219 2.7983, 0.274 0.1711 2.7983, 0.2232 0.1049 2.7983, 0.1913 0.0278 2.7983, 0.1804 -0.0549 2.7983, 0.1913 -0.1376 2.7983, 0.2232 -0.2147 2.7983, 0.274 -0.2809 2.7983, 0.3402 -0.3317 2.7983, 0.4173 -0.3636 2.7983, 0.5 -0.3745 2.7983, 0.5827 -0.3636 2.7983, 0.6598 -0.3317 2.7983, 0.726 -0.2809 2.7983, 0.7768 -0.2147 2.7983, 0.8087 -0.1376 2.7983, 0.8853 0.1676 2.7983, 0.8146 0.2597 2.7983, 0.7225 0.3304 2.7983, 0.6152 0.3748 2.7983, 0.5 0.39 2.7983, 0.3848 0.3748 2.7983, 0.2775 0.3304 2.7983, 0.1854 0.2597 2.7983, 0.1147 0.1676 2.7983, 0.0702 0.0602 2.7983, 0.0551 -0.0549 2.7983, 0.0702 -0.1701 2.7983, 0.1147 -0.2774 2.7983, 0.1854 -0.3695 2.7983, 0.2775 -0.4402 2.7983, 0.3848 -0.4847 2.7983, 0.5 -0.4998 2.7983, 0.6152 -0.4847 2.7983, 0.7225 -0.4402 2.7983, 0.8146 -0.3695 2.7983, 0.8853 -0.2774 2.7983, 0.9298 -0.1701 2.7983, 0.9449 -0.0549 2.7983, 0.9298 0.0602 2.7983, 0.9449 -0.0549 3.4646, 0.9298 0.0602 3.4646, 0.8853 0.1676 3.4646, 0.8146 0.2597 3.4646, 0.7225 0.3304 3.4646, 0.6152 0.3748 3.4646, 0.5 0.39 3.4646, 0.3848 0.3748 3.4646, 0.2775 0.3304 3.4646, 0.1854 0.2597 3.4646, 0.1147 0.1676 3.4646, 0.0702 0.0602 3.4646, 0.0551 -0.0549 3.4646, 0.0702 -0.1701 3.4646, 0.1147 -0.2774 3.4646, 0.1854 -0.3695 3.4646, 0.2775 -0.4402 3.4646, 0.3848 -0.4847 3.4646, 0.5 -0.4998 3.4646, 0.6152 -0.4847 3.4646, 0.7225 -0.4402 3.4646, 0.8146 -0.3695 3.4646, 0.8853 -0.2774 3.4646, 0.9298 -0.1701 3.4646
            ]
        }
        coordIndex [
            0,1,2,-1,2,1,3,-1,2,3,4,-1,4,3,5,-1,4,5,6,-1,7,8,9,-1,9,8,4,-1,9,4,10,-1,10,4,6,-1,4,8,11,-1,11,8,12,-1,11,12,13,-1,13,12,14,-1,13,14,2,-1,2,14,0,-1,12,15,14,-1,14,15,16,-1,15,17,16,-1,16,17,18,-1,19,18,20,-1,20,18,17,-1,21,22,23,-1,23,22,24,-1,17,25,26,-1,19,27,18,-1,18,27,28,-1,18,28,29,-1,21,30,22,-1,22,30,31,-1,22,31,17,-1,17,31,32,-1,17,32,25,-1,26,33,17,-1,17,33,34,-1,17,34,20,-1,35,36,37,-1,37,36,18,-1,37,18,38,-1,38,18,29,-1,35,39,36,-1,36,39,40,-1,36,40,41,-1,41,42,36,-1,36,42,43,-1,36,43,22,-1,22,43,44,-1,22,44,24,-1,22,45,36,-1,36,45,46,-1,45,47,46,-1,46,47,48,-1,49,50,51,-1,51,50,48,-1,51,48,52,-1,52,48,47,-1,52,47,53,-1,53,47,54,-1,50,49,55,-1,50,55,56,-1,54,57,58,-1,53,54,59,-1,59,54,58,-1,59,58,55,-1,55,58,60,-1,55,60,56,-1,58,57,61,-1,61,57,62,-1,56,60,63,-1,62,64,61,-1,61,64,65,-1,61,65,66,-1,66,67,61,-1,61,67,68,-1,61,68,63,-1,63,68,69,-1,63,69,56,-1,62,57,7,-1,7,57,54,-1,45,22,17,-1,15,12,8,-1,45,17,47,-1,47,17,15,-1,47,15,54,-1,54,15,8,-1,54,8,7,-1,56,69,50,-1,50,69,1,-1,0,14,16,-1,1,0,50,-1,50,0,16,-1,50,16,48,-1,48,16,18,-1,48,18,46,-1,46,18,36,-1,70,71,72,-1,72,71,73,-1,72,73,74,-1,74,73,75,-1,74,75,76,-1,76,75,77,-1,76,77,78,-1,78,77,79,-1,78,79,80,-1,80,79,81,-1,80,81,82,-1,82,81,83,-1,82,83,84,-1,84,83,85,-1,84,85,86,-1,86,85,87,-1,86,87,88,-1,88,87,89,-1,88,89,90,-1,90,89,91,-1,90,91,92,-1,92,91,93,-1,92,93,94,-1,94,93,95,-1,94,95,96,-1,96,95,97,-1,96,97,98,-1,98,97,99,-1,98,99,100,-1,100,99,101,-1,100,101,102,-1,102,101,103,-1,102,103,104,-1,104,103,105,-1,104,105,106,-1,106,105,107,-1,106,107,108,-1,108,107,109,-1,108,109,110,-1,110,109,111,-1,110,111,112,-1,112,111,113,-1,112,113,114,-1,114,113,115,-1,114,115,116,-1,116,115,117,-1,116,117,70,-1,70,117,71,-1,111,118,113,-1,113,118,119,-1,113,119,115,-1,115,119,120,-1,115,120,117,-1,117,120,121,-1,117,121,71,-1,71,121,122,-1,71,122,73,-1,73,122,123,-1,73,123,75,-1,75,123,124,-1,75,124,77,-1,77,124,125,-1,77,125,79,-1,79,125,126,-1,79,126,81,-1,81,126,127,-1,81,127,83,-1,83,127,128,-1,83,128,85,-1,85,128,129,-1,85,129,87,-1,87,129,130,-1,87,130,89,-1,89,130,131,-1,89,131,91,-1,91,131,132,-1,91,132,93,-1,93,132,133,-1,93,133,95,-1,95,133,134,-1,95,134,97,-1,97,134,135,-1,97,135,99,-1,99,135,136,-1,99,136,101,-1,101,136,137,-1,101,137,103,-1,103,137,138,-1,103,138,105,-1,105,138,139,-1,105,139,107,-1,107,139,140,-1,107,140,109,-1,109,140,141,-1,109,141,111,-1,111,141,118,-1,120,142,121,-1,121,142,143,-1,121,143,122,-1,122,143,144,-1,122,144,123,-1,123,144,145,-1,123,145,124,-1,124,145,146,-1,124,146,125,-1,125,146,147,-1,125,147,126,-1,126,147,148,-1,126,148,127,-1,127,148,149,-1,127,149,128,-1,128,149,150,-1,128,150,129,-1,129,150,151,-1,129,151,130,-1,130,151,152,-1,130,152,131,-1,131,152,153,-1,131,153,132,-1,132,153,154,-1,132,154,133,-1,133,154,155,-1,133,155,134,-1,134,155,156,-1,134,156,135,-1,135,156,157,-1,135,157,136,-1,136,157,158,-1,136,158,137,-1,137,158,159,-1,137,159,138,-1,138,159,160,-1,138,160,139,-1,139,160,161,-1,139,161,140,-1,140,161,162,-1,140,162,141,-1,141,162,163,-1,141,163,118,-1,118,163,164,-1,118,164,119,-1,119,164,165,-1,119,165,120,-1,120,165,142,-1,164,166,165,-1,165,166,167,-1,165,167,142,-1,142,167,168,-1,142,168,143,-1,143,168,169,-1,143,169,144,-1,144,169,170,-1,144,170,145,-1,145,170,171,-1,145,171,146,-1,146,171,172,-1,146,172,147,-1,147,172,173,-1,147,173,148,-1,148,173,174,-1,148,174,149,-1,149,174,175,-1,149,175,150,-1,150,175,176,-1,150,176,151,-1,151,176,177,-1,151,177,152,-1,152,177,178,-1,152,178,153,-1,153,178,179,-1,153,179,154,-1,154,179,180,-1,154,180,155,-1,155,180,181,-1,155,181,156,-1,156,181,182,-1,156,182,157,-1,157,182,183,-1,157,183,158,-1,158,183,184,-1,158,184,159,-1,159,184,185,-1,159,185,160,-1,160,185,186,-1,160,186,161,-1,161,186,187,-1,161,187,162,-1,162,187,188,-1,162,188,163,-1,163,188,189,-1,163,189,164,-1,164,189,166,-1,
        ]
    }
}
Shape{
    appearance Appearance {
        material  Material 	{
            diffuseColor 0.6470588235294118 0.6196078431372549 0.5882352941176471
            specularColor 0.45098039215686275 0.43529411764705883 0.4117647058823529
            ambientIntensity 0.6242
            transparency 0.0
            shininess 0.5
        }
    }
    geometry IndexedFaceSet {
        ccw TRUE
        solid FALSE
        coord DEF co Coordinate {
            point [
                0.2017 0.0786 3.2205, 0.1884 0.0435 3.2205, 0.8116 0.0435 3.2205, 0.7983 0.0786 3.2205, 0.7674 0.133 3.2205, 0.7267 0.1805 3.2205, 0.4378 0.2659 3.2205, 0.3778 0.2482 3.2205, 0.5 0.2719 3.2205, 0.5622 0.2659 3.2205, 0.6222 0.2482 3.2205, 0.3223 0.2194 3.2205, 0.2733 0.1805 3.2205, 0.6777 0.2194 3.2205, 0.2326 0.133 3.2205, 0.1066 0.0435 3.0236, 0.1066 0.0435 3.1417, 0.1088 0.0499 3.1417, 0.8934 -0.1533 3.0236, 0.8934 -0.1533 3.1417, 0.8912 -0.1597 3.1417, 0.8917 -0.1599 2.908, 0.9055 -0.0549 3.0236, 0.9055 -0.0549 2.908, 0.8934 0.0435 3.0236, 0.8917 0.0501 2.908, 0.1083 0.0501 2.908, 0.0945 -0.0549 3.0236, 0.0945 -0.0549 2.908, 0.1066 -0.1533 3.0236, 0.1083 -0.1599 2.908, 0.8701 -0.2206 3.1417, 0.8512 -0.2577 2.908, 0.7863 -0.3412 3.1417, 0.7868 -0.3417 2.908, 0.8318 -0.2881 3.1417, 0.8496 -0.2568 3.1417, 0.7813 -0.347 3.1417, 0.7205 -0.3952 3.1417, 0.7028 -0.4061 2.908, 0.7021 -0.4048 3.1417, 0.6517 -0.431 3.1417, 0.605 -0.4466 2.908, 0.6045 -0.445 3.1417, 0.5772 -0.453 3.1417, 0.5 -0.4604 2.908, 0.5 -0.4604 3.1417, 0.4228 -0.453 3.1417, 0.395 -0.4466 2.908, 0.2979 -0.4048 3.1417, 0.2972 -0.4061 2.908, 0.3483 -0.431 3.1417, 0.3955 -0.445 3.1417, 0.2795 -0.3952 3.1417, 0.2187 -0.347 3.1417, 0.2132 -0.3417 2.908, 0.2137 -0.3412 3.1417, 0.1682 -0.2881 3.1417, 0.1488 -0.2577 2.908, 0.1066 -0.1533 3.1417, 0.1088 -0.1597 3.1417, 0.1299 -0.2206 3.1417, 0.1504 -0.2568 3.1417, 0.1299 0.1108 3.1417, 0.1488 0.1479 2.908, 0.2137 0.2314 3.1417, 0.2132 0.2319 2.908, 0.1682 0.1783 3.1417, 0.1504 0.147 3.1417, 0.2187 0.2372 3.1417, 0.2795 0.2854 3.1417, 0.2972 0.2963 2.908, 0.2979 0.295 3.1417, 0.3483 0.3212 3.1417, 0.395 0.3368 2.908, 0.3955 0.3352 3.1417, 0.4228 0.3432 3.1417, 0.5 0.3506 2.908, 0.5 0.3506 3.1417, 0.5772 0.3432 3.1417, 0.605 0.3368 2.908, 0.7021 0.295 3.1417, 0.7028 0.2963 2.908, 0.6517 0.3212 3.1417, 0.6045 0.3352 3.1417, 0.7205 0.2854 3.1417, 0.7813 0.2372 3.1417, 0.7868 0.2319 2.908, 0.7863 0.2314 3.1417, 0.8318 0.1783 3.1417, 0.8512 0.1479 2.908, 0.8934 0.0435 3.1417, 0.8912 0.0499 3.1417, 0.8701 0.1108 3.1417, 0.8496 0.147 3.1417, 0.5 0.1803 2.908, 0.5609 0.1723 2.908, 0.6176 0.1488 2.908, 0.6663 0.1114 2.908, 0.7037 0.0627 2.908, 0.7272 0.006 2.908, 0.7352 -0.0549 2.908, 0.7272 -0.1158 2.908, 0.7037 -0.1725 2.908, 0.6663 -0.2212 2.908, 0.6176 -0.2586 2.908, 0.5609 -0.2821 2.908, 0.5 -0.2901 2.908, 0.4391 -0.2821 2.908, 0.3824 -0.2586 2.908, 0.3337 -0.2212 2.908, 0.2963 -0.1725 2.908, 0.2728 -0.1158 2.908, 0.2648 -0.0549 2.908, 0.2728 0.006 2.908, 0.2963 0.0627 2.908, 0.3337 0.1114 2.908, 0.3824 0.1488 2.908, 0.4391 0.1723 2.908, 0.7272 0.006 2.6818, 0.7037 0.0627 2.6818, 0.6663 0.1114 2.6818, 0.6176 0.1488 2.6818, 0.5609 0.1723 2.6818, 0.5 0.1803 2.6818, 0.4391 0.1723 2.6818, 0.3824 0.1488 2.6818, 0.3337 0.1114 2.6818, 0.2963 0.0627 2.6818, 0.2728 0.006 2.6818, 0.2648 -0.0549 2.6818, 0.2728 -0.1158 2.6818, 0.2963 -0.1725 2.6818, 0.3337 -0.2212 2.6818, 0.3824 -0.2586 2.6818, 0.4391 -0.2821 2.6818, 0.5 -0.2901 2.6818, 0.5609 -0.2821 2.6818, 0.6176 -0.2586 2.6818, 0.6663 -0.2212 2.6818, 0.7037 -0.1725 2.6818, 0.7272 -0.1158 2.6818, 0.7352 -0.0549 2.6818
            ]
        }
        coordIndex [
            0,1,2,-1,2,3,0,-1,0,3,4,-1,0,4,5,-1,6,7,8,-1,8,7,9,-1,9,7,10,-1,10,7,11,-1,10,11,12,-1,5,13,0,-1,0,13,10,-1,0,10,14,-1,14,10,12,-1,15,16,17,-1,18,19,20,-1,18,21,22,-1,22,21,23,-1,22,23,24,-1,24,23,25,-1,15,26,27,-1,27,26,28,-1,27,28,29,-1,29,28,30,-1,18,20,21,-1,21,20,31,-1,21,31,32,-1,33,34,35,-1,35,34,32,-1,35,32,36,-1,36,32,31,-1,33,37,34,-1,34,37,38,-1,34,38,39,-1,38,40,39,-1,39,40,41,-1,39,41,42,-1,41,43,42,-1,42,43,44,-1,42,44,45,-1,44,46,45,-1,45,46,47,-1,45,47,48,-1,49,50,51,-1,51,50,48,-1,51,48,52,-1,52,48,47,-1,49,53,50,-1,50,53,54,-1,50,54,55,-1,54,56,55,-1,55,56,57,-1,55,57,58,-1,59,29,60,-1,60,29,30,-1,60,30,61,-1,61,30,58,-1,61,58,62,-1,62,58,57,-1,15,17,26,-1,26,17,63,-1,26,63,64,-1,65,66,67,-1,67,66,64,-1,67,64,68,-1,68,64,63,-1,65,69,66,-1,66,69,70,-1,66,70,71,-1,70,72,71,-1,71,72,73,-1,71,73,74,-1,73,75,74,-1,74,75,76,-1,74,76,77,-1,76,78,77,-1,77,78,79,-1,77,79,80,-1,81,82,83,-1,83,82,80,-1,83,80,84,-1,84,80,79,-1,81,85,82,-1,82,85,86,-1,82,86,87,-1,86,88,87,-1,87,88,89,-1,87,89,90,-1,91,24,92,-1,92,24,25,-1,92,25,93,-1,93,25,90,-1,93,90,94,-1,94,90,89,-1,95,77,96,-1,96,77,80,-1,96,80,97,-1,97,80,82,-1,97,82,98,-1,98,82,87,-1,98,87,99,-1,99,87,90,-1,99,90,100,-1,100,90,25,-1,100,25,101,-1,101,25,23,-1,101,23,102,-1,102,23,21,-1,102,21,103,-1,103,21,32,-1,103,32,104,-1,104,32,34,-1,104,34,105,-1,105,34,39,-1,105,39,106,-1,106,39,42,-1,106,42,107,-1,107,42,45,-1,107,45,108,-1,108,45,48,-1,108,48,109,-1,109,48,50,-1,109,50,110,-1,110,50,55,-1,110,55,111,-1,111,55,58,-1,111,58,112,-1,112,58,30,-1,112,30,113,-1,113,30,28,-1,113,28,114,-1,114,28,26,-1,114,26,115,-1,115,26,64,-1,115,64,116,-1,116,64,66,-1,116,66,117,-1,117,66,71,-1,117,71,118,-1,118,71,74,-1,118,74,95,-1,95,74,77,-1,101,119,100,-1,100,119,120,-1,100,120,99,-1,99,120,121,-1,99,121,98,-1,98,121,122,-1,98,122,97,-1,97,122,123,-1,97,123,96,-1,96,123,124,-1,96,124,95,-1,95,124,125,-1,95,125,118,-1,118,125,126,-1,118,126,117,-1,117,126,127,-1,117,127,116,-1,116,127,128,-1,116,128,115,-1,115,128,129,-1,115,129,114,-1,114,129,130,-1,114,130,113,-1,113,130,131,-1,113,131,112,-1,112,131,132,-1,112,132,111,-1,111,132,133,-1,111,133,110,-1,110,133,134,-1,110,134,109,-1,109,134,135,-1,109,135,108,-1,108,135,136,-1,108,136,107,-1,107,136,137,-1,107,137,106,-1,106,137,138,-1,106,138,105,-1,105,138,139,-1,105,139,104,-1,104,139,140,-1,104,140,103,-1,103,140,141,-1,103,141,102,-1,102,141,142,-1,102,142,101,-1,101,142,119,-1,
        ]
    }
}
Shape{
    appearance Appearance {
        material  Material 	{
            diffuseColor 0.27450980392156865 0.49411764705882355 0.27450980392156865
            specularColor 0.0196078431372549 0.03529411764705882 0.0196078431372549
            ambientIntensity 0.5763
            transparency 0.0
            shininess 0.5
        }
    }
    geometry IndexedFaceSet {
        ccw TRUE
        solid FALSE
        coord DEF co Coordinate {
            point [
                0.2638 -1.1024 1.8475, 0.2638 -1.0821 1.8475, 0.7362 -1.1024 1.8475, 0.7362 -1.0821 1.8475, 0.2638 -0.9942 1.3035, 0.7362 -0.9942 1.3035, 0.2638 -0.8354 1.3035, 0.7362 -0.8354 1.3035, 0.2638 -0.8354 0.5543, 0.2638 -0.9997 0.5543, 0.7362 -0.8354 0.5543, 0.7362 -0.9997 0.5543, 0.0669 -1.2992 0.2356, 0.9331 -1.2992 0.2356, 0.7362 -1.1024 0.445, 0.2638 -1.1024 0.445
            ]
        }
        coordIndex [
            0,1,2,-1,2,1,3,-1,1,4,3,-1,3,4,5,-1,4,6,5,-1,5,6,7,-1,8,9,10,-1,10,9,11,-1,12,13,14,-1,11,9,14,-1,14,9,15,-1,14,15,12,-1,4,1,0,-1,8,6,9,-1,9,6,4,-1,9,4,15,-1,15,4,0,-1,14,2,5,-1,5,2,3,-1,7,10,5,-1,5,10,11,-1,5,11,14,-1,
        ]
    }
}
Shape{
    appearance Appearance {
        material  Material 	{
            diffuseColor 0.6470588235294118 0.6196078431372549 0.5882352941176471
            specularColor 0.45098039215686275 0.43529411764705883 0.4117647058823529
            ambientIntensity 0.6242
            transparency 0.0
            shininess 0.5
        }
    }
    geometry IndexedFaceSet {
        ccw TRUE
        solid FALSE
        coord DEF co Coordinate {
            point [
                0.7352 -0.0549 1.8392, 0.8543 -0.6375 1.8392, 0.8543 0.5848 1.8392, 0.2963 0.0627 1.8392, 0.3337 0.1114 1.8392, 0.1457 0.5848 1.8392, 0.7272 -0.1158 1.8392, 0.7037 -0.1725 1.8392, 0.6663 -0.2212 1.8392, 0.4391 -0.2821 1.8392, 0.3824 -0.2586 1.8392, 0.1457 -0.6375 1.8392, 0.3337 -0.2212 1.8392, 0.2963 -0.1725 1.8392, 0.3824 0.1488 1.8392, 0.4391 0.1723 1.8392, 0.5 0.1803 1.8392, 0.5609 0.1723 1.8392, 0.6176 0.1488 1.8392, 0.6663 0.1114 1.8392, 0.7037 0.0627 1.8392, 0.7272 0.006 1.8392, 0.6176 -0.2586 1.8392, 0.5609 -0.2821 1.8392, 0.5 -0.2901 1.8392, 0.2728 -0.1158 1.8392, 0.2648 -0.0549 1.8392, 0.2728 0.006 1.8392, 0.6969 -0.6375 0.6985, 0.8543 -0.6375 0.4087, 0.6969 -0.6375 1.5748, 0.3031 -0.6375 1.5748, 0.3031 -0.6375 0.6985, 0.1457 -0.6375 0.4087, 0.8543 0.5848 0.4087, 0.1457 0.5848 0.4087, 0.6969 0.5848 1.5748, 0.6969 0.5848 0.6985, 0.3031 0.5848 0.6985, 0.3031 0.5848 1.5748, 0.4016 0.7633 1.5433, 0.4016 0.6956 1.5517, 0.5984 0.7633 1.5433, 0.5984 0.6956 1.5517, 0.5984 0.9712 1.2761, 0.4016 0.9712 1.2761, 0.4016 0.9645 1.3365, 0.5984 0.9645 1.3365, 0.4016 0.9448 1.3938, 0.5984 0.9448 1.3938, 0.4016 0.913 1.4455, 0.5984 0.913 1.4455, 0.4016 0.8706 1.489, 0.5984 0.8706 1.489, 0.4016 0.8198 1.5222, 0.5984 0.8198 1.5222, 0.5984 -0.3824 1.5517, 0.5984 -0.3824 1.3549, 0.5984 0.6956 1.3549, 0.5984 0.7638 1.3155, 0.5984 0.7512 1.3318, 0.5984 0.7349 1.3443, 0.5984 0.7159 1.3522, 0.5984 0.7633 1.5222, 0.5984 -0.0984 -0.9842, 0.5984 0.0984 -0.9842, 0.5984 -0.0984 0.0478, 0.5984 0.0984 0.0478, 0.5984 -0.089 0.1191, 0.5984 0.1011 0.0682, 0.5984 -0.0615 0.1856, 0.5984 0.109 0.0872, 0.5984 -0.0177 0.2427, 0.5984 0.1215 0.1035, 0.5984 0.0394 0.2865, 0.5984 0.1378 0.116, 0.5984 0.1058 0.314, 0.5984 0.1568 0.1239, 0.5984 0.1772 0.3234, 0.5984 0.1772 0.1265, 0.5984 0.6956 0.3234, 0.5984 0.6956 0.1265, 0.5984 0.7159 0.3261, 0.5984 0.7669 0.1359, 0.5984 0.7349 0.3339, 0.5984 0.8334 0.1635, 0.5984 0.7512 0.3464, 0.5984 0.8904 0.2073, 0.5984 0.7638 0.3628, 0.5984 0.9342 0.2643, 0.5984 0.7716 0.3817, 0.5984 0.9618 0.3308, 0.5984 0.7743 0.4021, 0.5984 0.9712 0.4021, 0.5984 0.7743 1.2761, 0.5984 0.7716 1.2965, 0.4016 0.6956 1.3549, 0.4016 -0.3824 1.3549, 0.4016 -0.3824 1.5517, 0.4016 0.7633 1.5222, 0.4016 0.7743 1.2761, 0.4016 0.7716 1.2965, 0.4016 0.7638 1.3155, 0.4016 0.7512 1.3318, 0.4016 0.7349 1.3443, 0.4016 0.7159 1.3522, 0.4016 0.0984 -0.9842, 0.4016 -0.0984 -0.9842, 0.4016 0.0984 0.0478, 0.4016 -0.0984 0.0478, 0.4016 0.1011 0.0682, 0.4016 -0.089 0.1191, 0.4016 0.109 0.0872, 0.4016 -0.0615 0.1856, 0.4016 0.1215 0.1035, 0.4016 -0.0177 0.2427, 0.4016 0.1378 0.116, 0.4016 0.0394 0.2865, 0.4016 0.1568 0.1239, 0.4016 0.1058 0.314, 0.4016 0.1772 0.1265, 0.4016 0.1772 0.3234, 0.4016 0.6956 0.1265, 0.4016 0.6956 0.3234, 0.4016 0.7669 0.1359, 0.4016 0.7159 0.3261, 0.4016 0.8334 0.1635, 0.4016 0.7349 0.3339, 0.4016 0.8904 0.2073, 0.4016 0.7512 0.3464, 0.4016 0.9342 0.2643, 0.4016 0.7638 0.3628, 0.4016 0.9618 0.3308, 0.4016 0.7716 0.3817, 0.4016 0.9712 0.4021, 0.4016 0.7743 0.4021, 0.4409 -0.0591 -1.378, 0.4409 0.0591 -1.378, 0.5591 -0.0591 -1.378, 0.5591 0.0591 -1.378
            ]
        }
        coordIndex [
            0,1,2,-1,3,4,5,-1,0,6,1,-1,1,6,7,-1,1,7,8,-1,9,10,11,-1,11,10,12,-1,11,12,13,-1,4,14,5,-1,5,14,15,-1,5,15,2,-1,2,15,16,-1,16,17,2,-1,2,17,18,-1,2,18,19,-1,19,20,2,-1,2,20,21,-1,2,21,0,-1,8,22,1,-1,1,22,23,-1,1,23,11,-1,11,23,24,-1,11,24,9,-1,13,25,11,-1,11,25,26,-1,11,26,5,-1,5,26,27,-1,5,27,3,-1,28,29,30,-1,30,29,1,-1,30,1,31,-1,31,1,11,-1,31,11,32,-1,32,11,33,-1,32,33,28,-1,28,33,29,-1,34,29,35,-1,35,29,33,-1,36,2,37,-1,37,2,34,-1,37,34,38,-1,38,34,35,-1,38,35,39,-1,39,35,5,-1,39,5,36,-1,36,5,2,-1,29,34,1,-1,1,34,2,-1,35,33,5,-1,5,33,11,-1,31,39,30,-1,30,39,36,-1,38,32,37,-1,37,32,28,-1,32,38,31,-1,31,38,39,-1,37,28,36,-1,36,28,30,-1,40,41,42,-1,42,41,43,-1,44,45,46,-1,44,46,47,-1,47,46,48,-1,47,48,49,-1,49,48,50,-1,49,50,51,-1,51,50,52,-1,51,52,53,-1,53,52,54,-1,53,54,55,-1,56,57,43,-1,43,57,58,-1,59,51,60,-1,60,51,53,-1,60,53,61,-1,61,53,55,-1,61,55,62,-1,62,55,63,-1,62,63,58,-1,58,63,42,-1,58,42,43,-1,64,65,66,-1,66,65,67,-1,66,67,68,-1,68,67,69,-1,68,69,70,-1,70,69,71,-1,70,71,72,-1,72,71,73,-1,72,73,74,-1,74,73,75,-1,74,75,76,-1,76,75,77,-1,76,77,78,-1,78,77,79,-1,78,79,80,-1,80,79,81,-1,80,81,82,-1,82,81,83,-1,82,83,84,-1,84,83,85,-1,84,85,86,-1,86,85,87,-1,86,87,88,-1,88,87,89,-1,88,89,90,-1,90,89,91,-1,90,91,92,-1,92,91,93,-1,92,93,94,-1,94,93,44,-1,94,44,95,-1,95,44,47,-1,95,47,59,-1,59,47,49,-1,59,49,51,-1,96,97,98,-1,99,100,101,-1,101,102,99,-1,99,102,103,-1,99,103,104,-1,41,40,99,-1,98,41,96,-1,96,41,99,-1,96,99,105,-1,105,99,104,-1,106,107,108,-1,108,107,109,-1,108,109,110,-1,110,109,111,-1,110,111,112,-1,112,111,113,-1,112,113,114,-1,114,113,115,-1,114,115,116,-1,116,115,117,-1,116,117,118,-1,118,117,119,-1,118,119,120,-1,120,119,121,-1,120,121,122,-1,122,121,123,-1,122,123,124,-1,124,123,125,-1,124,125,126,-1,126,125,127,-1,126,127,128,-1,128,127,129,-1,128,129,130,-1,130,129,131,-1,130,131,132,-1,132,131,133,-1,132,133,134,-1,134,133,135,-1,134,135,45,-1,45,135,100,-1,99,54,100,-1,100,54,52,-1,100,52,50,-1,50,48,100,-1,100,48,46,-1,100,46,45,-1,56,43,98,-1,98,43,41,-1,57,56,97,-1,97,56,98,-1,58,57,96,-1,96,57,97,-1,58,96,62,-1,62,96,105,-1,62,105,61,-1,61,105,104,-1,61,104,60,-1,60,104,103,-1,60,103,59,-1,59,103,102,-1,59,102,95,-1,95,102,101,-1,95,101,94,-1,94,101,100,-1,92,94,135,-1,135,94,100,-1,92,135,90,-1,90,135,133,-1,90,133,88,-1,88,133,131,-1,88,131,86,-1,86,131,129,-1,86,129,84,-1,84,129,127,-1,84,127,82,-1,82,127,125,-1,82,125,80,-1,80,125,123,-1,78,80,121,-1,121,80,123,-1,78,121,119,-1,78,119,76,-1,76,119,117,-1,76,117,74,-1,74,117,115,-1,74,115,72,-1,72,115,113,-1,72,113,70,-1,70,113,111,-1,70,111,68,-1,68,111,109,-1,68,109,66,-1,64,66,107,-1,107,66,109,-1,136,137,138,-1,138,137,139,-1,106,108,65,-1,65,108,67,-1,67,108,69,-1,69,108,110,-1,69,110,71,-1,71,110,112,-1,71,112,73,-1,73,112,114,-1,73,114,75,-1,75,114,116,-1,75,116,77,-1,77,116,118,-1,77,118,79,-1,79,118,120,-1,81,79,122,-1,122,79,120,-1,81,122,124,-1,81,124,83,-1,83,124,126,-1,83,126,85,-1,85,126,128,-1,85,128,87,-1,87,128,130,-1,87,130,89,-1,89,130,132,-1,89,132,91,-1,91,132,134,-1,91,134,93,-1,44,93,45,-1,45,93,134,-1,
        ]
    }
}
Shape{
    appearance Appearance {
        material  Material 	{
            diffuseColor 0.27450980392156865 0.49411764705882355 0.27450980392156865
            specularColor 0.0196078431372549 0.03529411764705882 0.0196078431372549
            ambientIntensity 0.5763
            transparency 0.0
            shininess 0.5
        }
    }
    geometry IndexedFaceSet {
        ccw TRUE
        solid FALSE
        coord DEF co Coordinate {
            point [
                0.2638 -1.1024 1.8475, 0.0779 -1.2882 2.0334, 0.0736 -1.2925 2.0195, 0.0669 -1.2992 0.2356, 0.2638 -1.1024 0.445, 0.0669 -1.2992 1.9685, 0.0686 -1.2975 1.9942, 0.7362 -1.1024 1.8475, 0.9221 -1.2882 2.0334, 0.7362 -1.1024 0.445, 0.9331 -1.2992 0.2356, 0.9331 -1.2992 1.9685, 0.9314 -1.2975 1.9942, 0.9264 -1.2925 2.0195
            ]
        }
        coordIndex [
            0,1,2,-1,3,4,5,-1,5,4,0,-1,5,0,6,-1,6,0,2,-1,7,8,0,-1,0,8,1,-1,9,10,7,-1,7,10,11,-1,11,12,7,-1,7,12,13,-1,7,13,8,-1,
        ]
    }
}
Shape{
    appearance Appearance {
        material  Material 	{
            diffuseColor 0.6470588235294118 0.6196078431372549 0.5882352941176471
            specularColor 0.45098039215686275 0.43529411764705883 0.4117647058823529
            ambientIntensity 0.6242
            transparency 0.0
            shininess 0.5
        }
    }
    geometry IndexedFaceSet {
        ccw TRUE
        solid FALSE
        coord DEF co Coordinate {
            point [
                0.5984 0.0984 -0.9842, 0.5591 0.0591 -1.378, 0.4016 0.0984 -0.9842, 0.4409 0.0591 -1.378, 0.5984 -0.0984 -0.9842, 0.5591 -0.0591 -1.378, 0.4409 -0.0591 -1.378, 0.4016 -0.0984 -0.9842, 0.7863 0.2314 3.1417, 0.7813 0.2372 3.1417, 0.7795 0.2353 3.1621, 0.7021 0.295 3.1417, 0.6517 0.3212 3.1417, 0.6507 0.3187 3.1621, 0.3955 0.3352 3.1417, 0.3483 0.3212 3.1417, 0.3493 0.3187 3.1621, 0.2137 0.2314 3.1417, 0.1682 0.1783 3.1417, 0.1704 0.1767 3.1621, 0.8433 0.0435 3.2144, 0.8524 0.0435 3.2094, 0.8342 0.0947 3.2099, 0.8934 0.0435 3.1417, 0.8912 0.0499 3.1417, 0.8913 0.0435 3.1596, 0.8906 0.0435 3.1621, 0.8677 0.1097 3.1621, 0.8902 0.0435 3.1637, 0.8605 0.1065 3.1811, 0.8661 0.0435 3.2006, 0.8693 0.0435 3.1971, 0.8491 0.1014 3.1974, 0.8789 0.0435 3.1867, 0.8829 0.0435 3.1805, 0.8604 0.0435 3.205, 0.8364 0.0435 3.2168, 0.8169 0.0869 3.2178, 0.8329 0.0435 3.2174, 0.8166 0.0435 3.2203, 0.7983 0.0786 3.2205, 0.8116 0.0435 3.2205, 0.1884 0.0435 3.2205, 0.2017 0.0786 3.2205, 0.1879 0.0435 3.2205, 0.1831 0.0869 3.2178, 0.1678 0.0435 3.218, 0.1658 0.0947 3.2099, 0.159 0.0435 3.2153, 0.1671 0.0435 3.2178, 0.1307 0.0435 3.1971, 0.1343 0.0435 3.2009, 0.1509 0.1014 3.1974, 0.1417 0.0435 3.2065, 0.1476 0.0435 3.2095, 0.1215 0.0435 3.1872, 0.1395 0.1065 3.1811, 0.1167 0.0435 3.1797, 0.11 0.0435 3.1644, 0.1323 0.1097 3.1621, 0.1096 0.0435 3.1621, 0.1066 0.0435 3.1417, 0.1067 0.0435 3.1467, 0.1088 0.0499 3.1417, 0.1299 0.1108 3.1417, 0.1504 0.147 3.1417, 0.3223 0.2194 3.2205, 0.3778 0.2482 3.2205, 0.3112 0.2365 3.2178, 0.3702 0.2671 3.2178, 0.3009 0.2524 3.2099, 0.3631 0.2847 3.2099, 0.292 0.2661 3.1974, 0.357 0.2998 3.1974, 0.2852 0.2766 3.1811, 0.3523 0.3114 3.1811, 0.2809 0.2832 3.1621, 0.5622 0.2659 3.2205, 0.6222 0.2482 3.2205, 0.5661 0.2859 3.2178, 0.6298 0.2671 3.2178, 0.5697 0.3046 3.2099, 0.6369 0.2847 3.2099, 0.5729 0.3206 3.1974, 0.643 0.2998 3.1974, 0.5752 0.3329 3.1811, 0.6477 0.3114 3.1811, 0.5767 0.3406 3.1621, 0.7674 0.133 3.2205, 0.7841 0.1447 3.2178, 0.7996 0.1556 3.2099, 0.8129 0.165 3.1974, 0.8232 0.1722 3.1811, 0.8296 0.1767 3.1621, 0.1768 0.1722 3.1811, 0.1871 0.165 3.1974, 0.2004 0.1556 3.2099, 0.2159 0.1447 3.2178, 0.2326 0.133 3.2205, 0.2187 0.2372 3.1417, 0.2205 0.2353 3.1621, 0.226 0.2296 3.1811, 0.2347 0.2206 3.1974, 0.246 0.2088 3.2099, 0.2592 0.1952 3.2178, 0.2733 0.1805 3.2205, 0.2795 0.2854 3.1417, 0.2979 0.295 3.1417, 0.4228 0.3432 3.1417, 0.4233 0.3406 3.1621, 0.4248 0.3329 3.1811, 0.4271 0.3206 3.1974, 0.4303 0.3046 3.2099, 0.4339 0.2859 3.2178, 0.4378 0.2659 3.2205, 0.5 0.2719 3.2205, 0.5 0.2923 3.2178, 0.5 0.3113 3.2099, 0.5 0.3276 3.1974, 0.5 0.3401 3.1811, 0.5 0.348 3.1621, 0.5 0.3506 3.1417, 0.5772 0.3432 3.1417, 0.6045 0.3352 3.1417, 0.7205 0.2854 3.1417, 0.7191 0.2832 3.1621, 0.7148 0.2766 3.1811, 0.708 0.2661 3.1974, 0.6991 0.2524 3.2099, 0.6888 0.2365 3.2178, 0.6777 0.2194 3.2205, 0.7267 0.1805 3.2205, 0.7408 0.1952 3.2178, 0.754 0.2088 3.2099, 0.7653 0.2206 3.1974, 0.774 0.2296 3.1811, 0.8318 0.1783 3.1417, 0.8701 0.1108 3.1417, 0.8496 0.147 3.1417, 0.8934 -0.1533 3.0236, 0.1066 -0.1533 3.0236, 0.1066 -0.1533 3.1417, 0.107 -0.1533 3.1498, 0.1095 -0.1533 3.1621, 0.8934 -0.1533 3.1417, 0.11 -0.1533 3.1644, 0.8906 -0.1533 3.1621, 0.8924 -0.1533 3.1542, 0.1175 -0.1533 3.1812, 0.122 -0.1533 3.1878, 0.1308 -0.1533 3.1971, 0.8329 -0.1533 3.2178, 0.8825 -0.1533 3.1811, 0.8836 -0.1533 3.1793, 0.135 -0.1533 3.2015, 0.1409 -0.1533 3.206, 0.1476 -0.1533 3.2095, 0.1671 -0.1533 3.2176, 0.1652 -0.1533 3.2173, 0.1582 -0.1533 3.215, 0.8693 -0.1533 3.1971, 0.8524 -0.1533 3.2095, 0.8662 -0.1533 3.2005, 0.8588 -0.1533 3.2062, 0.8415 -0.1533 3.2151, 0.8788 -0.1533 3.1868, 0.185 -0.1533 3.2204, 0.1884 -0.1533 3.2205, 0.8116 -0.1533 3.2205, 0.8127 -0.1533 3.2205, 0.8906 -0.1533 3.1624, 0.8327 -0.1533 3.2179, 0.1066 0.0435 3.0236, 0.8934 0.0435 3.0236, 0.9055 -0.0549 3.0236, 0.0945 -0.0549 3.0236
            ]
        }
        coordIndex [
            0,1,2,-1,2,1,3,-1,4,5,0,-1,0,5,1,-1,6,7,3,-1,3,7,2,-1,7,6,4,-1,4,6,5,-1,8,9,10,-1,11,12,13,-1,14,15,16,-1,17,18,19,-1,20,21,22,-1,23,24,25,-1,25,24,26,-1,26,27,28,-1,28,27,29,-1,30,31,32,-1,32,31,33,-1,32,33,29,-1,29,33,34,-1,29,34,28,-1,22,21,32,-1,32,21,35,-1,32,35,30,-1,20,22,36,-1,36,22,37,-1,36,37,38,-1,38,37,39,-1,39,37,40,-1,39,40,41,-1,42,43,44,-1,44,43,45,-1,44,45,46,-1,47,48,45,-1,45,48,49,-1,45,49,46,-1,50,51,52,-1,52,51,53,-1,52,53,47,-1,47,53,54,-1,47,54,48,-1,50,52,55,-1,55,52,56,-1,55,56,57,-1,57,56,58,-1,58,56,59,-1,58,59,60,-1,61,62,63,-1,63,62,60,-1,63,60,64,-1,64,60,59,-1,64,59,65,-1,66,67,68,-1,68,67,69,-1,68,69,70,-1,70,69,71,-1,70,71,72,-1,72,71,73,-1,72,73,74,-1,74,73,75,-1,74,75,76,-1,76,75,16,-1,77,78,79,-1,79,78,80,-1,79,80,81,-1,81,80,82,-1,81,82,83,-1,83,82,84,-1,83,84,85,-1,85,84,86,-1,85,86,87,-1,87,86,13,-1,88,40,89,-1,89,40,37,-1,89,37,90,-1,90,37,22,-1,90,22,91,-1,91,22,32,-1,91,32,92,-1,92,32,29,-1,92,29,93,-1,93,29,27,-1,18,65,19,-1,19,65,59,-1,19,59,94,-1,94,59,56,-1,94,56,95,-1,95,56,52,-1,95,52,96,-1,96,52,47,-1,96,47,97,-1,97,47,45,-1,97,45,98,-1,98,45,43,-1,99,17,100,-1,100,17,19,-1,100,19,101,-1,101,19,94,-1,101,94,102,-1,102,94,95,-1,102,95,103,-1,103,95,96,-1,103,96,104,-1,104,96,97,-1,104,97,105,-1,105,97,98,-1,105,66,104,-1,104,66,68,-1,104,68,103,-1,103,68,70,-1,103,70,102,-1,102,70,72,-1,102,72,101,-1,101,72,74,-1,101,74,100,-1,100,74,76,-1,100,76,99,-1,99,76,106,-1,16,15,76,-1,76,15,107,-1,76,107,106,-1,108,14,109,-1,109,14,16,-1,109,16,110,-1,110,16,75,-1,110,75,111,-1,111,75,73,-1,111,73,112,-1,112,73,71,-1,112,71,113,-1,113,71,69,-1,113,69,114,-1,114,69,67,-1,114,115,113,-1,113,115,116,-1,113,116,112,-1,112,116,117,-1,112,117,111,-1,111,117,118,-1,111,118,110,-1,110,118,119,-1,110,119,109,-1,109,119,120,-1,109,120,108,-1,108,120,121,-1,115,77,116,-1,116,77,79,-1,116,79,117,-1,117,79,81,-1,117,81,118,-1,118,81,83,-1,118,83,119,-1,119,83,85,-1,119,85,120,-1,120,85,87,-1,120,87,121,-1,121,87,122,-1,13,12,87,-1,87,12,123,-1,87,123,122,-1,124,11,125,-1,125,11,13,-1,125,13,126,-1,126,13,86,-1,126,86,127,-1,127,86,84,-1,127,84,128,-1,128,84,82,-1,128,82,129,-1,129,82,80,-1,129,80,130,-1,130,80,78,-1,130,131,129,-1,129,131,132,-1,129,132,128,-1,128,132,133,-1,128,133,127,-1,127,133,134,-1,127,134,126,-1,126,134,135,-1,126,135,125,-1,125,135,10,-1,125,10,124,-1,124,10,9,-1,136,8,93,-1,93,8,10,-1,93,10,92,-1,92,10,135,-1,92,135,91,-1,91,135,134,-1,91,134,90,-1,90,134,133,-1,90,133,89,-1,89,133,132,-1,89,132,88,-1,88,132,131,-1,26,24,27,-1,27,24,137,-1,27,137,93,-1,93,137,138,-1,93,138,136,-1,139,140,141,-1,141,142,139,-1,139,142,143,-1,139,143,144,-1,145,146,143,-1,143,146,147,-1,143,147,144,-1,145,148,146,-1,146,148,149,-1,146,149,150,-1,151,152,153,-1,150,154,146,-1,146,154,155,-1,146,155,156,-1,157,156,158,-1,158,156,159,-1,160,161,162,-1,162,161,163,-1,151,164,152,-1,152,164,161,-1,152,161,165,-1,165,161,160,-1,157,166,156,-1,156,166,167,-1,156,167,146,-1,146,167,168,-1,146,168,169,-1,153,170,151,-1,151,170,146,-1,151,146,171,-1,171,146,169,-1,61,172,173,-1,61,173,62,-1,48,173,49,-1,49,173,23,-1,30,35,21,-1,23,25,49,-1,49,25,26,-1,49,26,28,-1,48,54,173,-1,173,54,53,-1,173,53,51,-1,51,50,173,-1,173,50,55,-1,173,55,57,-1,57,58,173,-1,173,58,60,-1,173,60,62,-1,28,34,49,-1,49,34,33,-1,49,33,31,-1,36,38,20,-1,20,38,21,-1,30,21,31,-1,31,21,38,-1,31,38,39,-1,39,41,31,-1,31,41,42,-1,31,42,49,-1,49,42,44,-1,49,44,46,-1,173,172,174,-1,174,172,175,-1,174,175,139,-1,139,175,140,-1,
        ]
    }
}
Shape{
    appearance Appearance {
        material  Material 	{
            diffuseColor 1.0 0.9490196078431372 0.8980392156862745
            specularColor 0.011764705882352941 0.00784313725490196 0.00784313725490196
            ambientIntensity 0.9585
            transparency 0.0
            shininess 0.5
        }
    }
    geometry IndexedFaceSet {
        ccw TRUE
        solid FALSE
        coord DEF co Coordinate {
            point [
                0.5283 -1.0242 0.0039, 0.5283 -1.0242 0.0, 0.5374 -1.0664 0.0039, 0.5374 -1.0664 0.0, 0.5241 -1.0027 0.0039, 0.5241 -1.0027 0.0, 0.5224 -0.9959 0.0039, 0.5224 -0.9959 0.0, 0.5233 -0.9997 0.0, 0.522 -0.9949 0.0039, 0.522 -0.9949 0.0, 0.5217 -0.9942 0.0039, 0.5217 -0.9942 0.0, 0.5214 -0.9938 0.0039, 0.5214 -0.9938 0.0, 0.5211 -0.9935 0.0039, 0.5211 -0.9935 0.0, 0.5209 -0.9933 0.0039, 0.5209 -0.9933 0.0, 0.5206 -0.9932 0.0039, 0.5206 -0.9932 0.0, 0.5204 -0.9932 0.0039, 0.5204 -0.9932 0.0, 0.5202 -0.9932 0.0039, 0.5202 -0.9932 0.0, 0.52 -0.9932 0.0039, 0.52 -0.9932 0.0, 0.5198 -0.9934 0.0039, 0.5198 -0.9934 0.0, 0.5196 -0.9936 0.0039, 0.5196 -0.9936 0.0, 0.5195 -0.9938 0.0039, 0.5195 -0.9938 0.0, 0.5193 -0.9946 0.0039, 0.5193 -0.9946 0.0, 0.5188 -0.9981 0.0039, 0.5188 -0.9981 0.0, 0.5186 -0.9997 0.0, 0.5184 -1.0015 0.0039, 0.5184 -1.0015 0.0, 0.517 -1.0134 0.0039, 0.517 -1.0134 0.0, 0.5166 -1.0189 0.0039, 0.5166 -1.0189 0.0, 0.5167 -1.0215 0.0039, 0.5167 -1.0215 0.0, 0.5173 -1.0231 0.0039, 0.5173 -1.0231 0.0, 0.5179 -1.0242 0.0039, 0.5179 -1.0242 0.0, 0.5193 -1.0267 0.0039, 0.5193 -1.0267 0.0, 0.523 -1.0391 0.0039, 0.523 -1.0391 0.0, 0.5261 -1.0517 0.0039, 0.5261 -1.0517 0.0, 0.5546 -1.1839 0.0, 0.5552 -1.1867 0.0039, 0.5552 -1.1867 0.0, 0.5592 -1.1867 0.0039, 0.5592 -1.1867 0.0, 0.5866 -1.0653 0.0039, 0.5866 -1.0653 0.0, 0.5598 -1.1839 0.0, 0.59 -1.0511 0.0039, 0.59 -1.0511 0.0, 0.5915 -1.0444 0.0039, 0.5915 -1.0444 0.0, 0.5934 -1.0378 0.0039, 0.5934 -1.0378 0.0, 0.5954 -1.0324 0.0039, 0.5954 -1.0324 0.0, 0.5972 -1.0274 0.0039, 0.5972 -1.0274 0.0, 0.5984 -1.0256 0.0039, 0.5984 -1.0256 0.0, 0.5993 -1.0245 0.0039, 0.5993 -1.0245 0.0, 0.5996 -1.0241 0.0039, 0.5996 -1.0241 0.0, 0.5998 -1.0238 0.0039, 0.5998 -1.0238 0.0, 0.5998 -1.0235 0.0039, 0.5998 -1.0235 0.0, 0.5998 -1.0224 0.0039, 0.5998 -1.0224 0.0, 0.5994 -1.0158 0.0039, 0.5994 -1.0158 0.0, 0.5994 -1.0157 0.0039, 0.5994 -1.0157 0.0, 0.5983 -1.003 0.0039, 0.5983 -1.003 0.0, 0.5979 -0.9997 0.0, 0.5977 -0.9981 0.0039, 0.5977 -0.9981 0.0, 0.5976 -0.9967 0.0039, 0.5976 -0.9967 0.0, 0.5974 -0.9956 0.0039, 0.5974 -0.9956 0.0, 0.5973 -0.9949 0.0039, 0.5973 -0.9949 0.0, 0.5971 -0.9944 0.0039, 0.5971 -0.9944 0.0, 0.597 -0.9941 0.0039, 0.597 -0.9941 0.0, 0.5969 -0.9939 0.0039, 0.5969 -0.9939 0.0, 0.5967 -0.9937 0.0039, 0.5967 -0.9937 0.0, 0.5965 -0.9936 0.0039, 0.5965 -0.9936 0.0, 0.5963 -0.9936 0.0039, 0.5963 -0.9936 0.0, 0.596 -0.9936 0.0039, 0.596 -0.9936 0.0, 0.5958 -0.9936 0.0039, 0.5958 -0.9936 0.0, 0.5955 -0.9938 0.0039, 0.5955 -0.9938 0.0, 0.5952 -0.994 0.0039, 0.5952 -0.994 0.0, 0.595 -0.9943 0.0039, 0.595 -0.9943 0.0, 0.5948 -0.9948 0.0039, 0.5948 -0.9948 0.0, 0.5946 -0.9956 0.0039, 0.5946 -0.9956 0.0, 0.5926 -1.0069 0.0039, 0.5926 -1.0069 0.0, 0.5938 -0.9997 0.0, 0.5759 -1.0757 0.0039, 0.5759 -1.0757 0.0, 0.5572 -1.1595 0.0039, 0.5388 -1.0763 0.0039, 0.5753 -1.08 0.0039, 0.5677 -1.0873 0.0039, 0.5606 -1.0825 0.0039, 0.5582 -1.0812 0.0039, 0.5499 -1.0786 0.0039, 0.5388 -1.0763 0.0, 0.5572 -1.1595 0.0, 0.5499 -1.0786 0.0, 0.5582 -1.0812 0.0, 0.5606 -1.0825 0.0, 0.5677 -1.0873 0.0, 0.5753 -1.08 0.0, 0.4147 -1.1689 0.0039, 0.4147 -1.1689 0.0, 0.4198 -1.1646 0.0039, 0.4198 -1.1646 0.0, 0.4135 -1.1699 0.0039, 0.4135 -1.1699 0.0, 0.4127 -1.1708 0.0039, 0.4127 -1.1708 0.0, 0.4122 -1.1719 0.0039, 0.4122 -1.1719 0.0, 0.4121 -1.1725 0.0039, 0.4121 -1.1725 0.0, 0.4121 -1.1732 0.0039, 0.4121 -1.1732 0.0, 0.4123 -1.1739 0.0039, 0.4123 -1.1739 0.0, 0.4125 -1.1744 0.0039, 0.4125 -1.1744 0.0, 0.4129 -1.1748 0.0039, 0.4129 -1.1748 0.0, 0.4133 -1.1751 0.0039, 0.4133 -1.1751 0.0, 0.4184 -1.1742 0.0039, 0.4184 -1.1742 0.0, 0.4243 -1.1742 0.0039, 0.4243 -1.1742 0.0, 0.4267 -1.1747 0.0039, 0.4267 -1.1747 0.0, 0.4291 -1.1751 0.0039, 0.4291 -1.1751 0.0, 0.4351 -1.1757 0.0039, 0.4351 -1.1757 0.0, 0.4458 -1.1788 0.0039, 0.4458 -1.1788 0.0, 0.452 -1.18 0.0039, 0.452 -1.18 0.0, 0.4583 -1.1805 0.0039, 0.4583 -1.1805 0.0, 0.4671 -1.1799 0.0039, 0.4671 -1.1799 0.0, 0.4735 -1.1784 0.0039, 0.4735 -1.1784 0.0, 0.4787 -1.1757 0.0039, 0.4787 -1.1757 0.0, 0.4833 -1.1715 0.0039, 0.4833 -1.1715 0.0, 0.4879 -1.165 0.0039, 0.4879 -1.165 0.0, 0.4922 -1.1534 0.0039, 0.4922 -1.1534 0.0, 0.4964 -1.1217 0.0039, 0.4964 -1.1217 0.0, 0.4977 -1.0825 0.0039, 0.4977 -1.0825 0.0, 0.4948 -1.0491 0.0039, 0.4948 -1.0491 0.0, 0.4894 -1.0304 0.0039, 0.4894 -1.0304 0.0, 0.4835 -1.0199 0.0039, 0.4835 -1.0199 0.0, 0.4786 -1.014 0.0039, 0.4786 -1.014 0.0, 0.4731 -1.0099 0.0039, 0.4731 -1.0099 0.0, 0.4678 -1.0078 0.0039, 0.4678 -1.0078 0.0, 0.4473 -1.0046 0.0039, 0.4473 -1.0046 0.0, 0.4348 -1.0032 0.0039, 0.4348 -1.0032 0.0, 0.4302 -1.002 0.0039, 0.4302 -1.002 0.0, 0.4272 -1.0002 0.0039, 0.4272 -1.0002 0.0, 0.4264 -0.9997 0.0, 0.4263 -0.9996 0.0039, 0.4263 -0.9996 0.0, 0.426 -0.9996 0.0039, 0.426 -0.9996 0.0, 0.4253 -0.9996 0.0, 0.4253 -0.9996 0.0039, 0.425 -0.9997 0.0, 0.4247 -0.9998 0.0039, 0.4247 -0.9998 0.0, 0.4229 -1.0012 0.0039, 0.4229 -1.0012 0.0, 0.4188 -1.0049 0.0039, 0.4188 -1.0049 0.0, 0.4175 -1.0064 0.0039, 0.4175 -1.0064 0.0, 0.4141 -1.01 0.0039, 0.4141 -1.01 0.0, 0.4134 -1.0108 0.0039, 0.4134 -1.0108 0.0, 0.4129 -1.0114 0.0039, 0.4129 -1.0114 0.0, 0.4126 -1.0119 0.0039, 0.4126 -1.0119 0.0, 0.4124 -1.0122 0.0039, 0.4124 -1.0122 0.0, 0.4123 -1.0125 0.0039, 0.4123 -1.0125 0.0, 0.4123 -1.0128 0.0039, 0.4123 -1.0128 0.0, 0.4124 -1.0132 0.0039, 0.4124 -1.0132 0.0, 0.4126 -1.0138 0.0039, 0.4126 -1.0138 0.0, 0.4127 -1.014 0.0039, 0.4127 -1.014 0.0, 0.4129 -1.0141 0.0039, 0.4129 -1.0141 0.0, 0.413 -1.0142 0.0039, 0.413 -1.0142 0.0, 0.4133 -1.0143 0.0039, 0.4133 -1.0143 0.0, 0.414 -1.0144 0.0039, 0.414 -1.0144 0.0, 0.415 -1.0143 0.0039, 0.415 -1.0143 0.0, 0.4189 -1.0143 0.0039, 0.4189 -1.0143 0.0, 0.4235 -1.0143 0.0039, 0.4235 -1.0143 0.0, 0.4235 -1.1627 0.0039, 0.4235 -1.1627 0.0, 0.4216 -1.1635 0.0039, 0.4216 -1.1635 0.0, 0.4314 -1.1646 0.0039, 0.4314 -1.0148 0.0039, 0.4677 -1.019 0.0039, 0.4614 -1.0174 0.0039, 0.4526 -1.0163 0.0039, 0.4402 -1.0148 0.0039, 0.4723 -1.021 0.0039, 0.4358 -1.0147 0.0039, 0.4368 -1.1669 0.0039, 0.4488 -1.1697 0.0039, 0.4611 -1.1706 0.0039, 0.4686 -1.1691 0.0039, 0.4891 -1.0657 0.0039, 0.4846 -1.0406 0.0039, 0.479 -1.028 0.0039, 0.4757 -1.0237 0.0039, 0.4741 -1.167 0.0039, 0.4774 -1.1646 0.0039, 0.4808 -1.1605 0.0039, 0.484 -1.1544 0.0039, 0.4864 -1.1459 0.0039, 0.4897 -1.1074 0.0039, 0.4526 -1.0163 0.0, 0.4402 -1.0148 0.0, 0.4614 -1.0174 0.0, 0.4677 -1.019 0.0, 0.4723 -1.021 0.0, 0.4757 -1.0237 0.0, 0.479 -1.028 0.0, 0.4846 -1.0406 0.0, 0.4891 -1.0657 0.0, 0.4897 -1.1074 0.0, 0.4864 -1.1459 0.0, 0.484 -1.1544 0.0, 0.4808 -1.1605 0.0, 0.4774 -1.1646 0.0, 0.4741 -1.167 0.0, 0.4686 -1.1691 0.0, 0.4611 -1.1706 0.0, 0.4488 -1.1697 0.0, 0.4368 -1.1669 0.0, 0.4314 -1.1646 0.0, 0.4314 -1.0148 0.0, 0.4358 -1.0147 0.0, 0.3535 -1.104 0.0039, 0.3535 -1.104 0.0, 0.3297 -1.1009 0.0039, 0.3297 -1.1009 0.0, 0.3633 -1.106 0.0039, 0.3633 -1.106 0.0, 0.3696 -1.1082 0.0039, 0.3696 -1.1082 0.0, 0.3724 -1.11 0.0039, 0.3724 -1.11 0.0, 0.375 -1.1114 0.0039, 0.375 -1.1114 0.0, 0.3832 -1.1032 0.0039, 0.3832 -1.1032 0.0, 0.3838 -1.1024 0.0039, 0.3838 -1.1024 0.0, 0.3842 -1.1018 0.0039, 0.3842 -1.1018 0.0, 0.3844 -1.1012 0.0039, 0.3844 -1.1012 0.0, 0.3845 -1.1007 0.0039, 0.3845 -1.1007 0.0, 0.3844 -1.1003 0.0039, 0.3844 -1.1003 0.0, 0.3843 -1.0998 0.0039, 0.3843 -1.0998 0.0, 0.3839 -1.0992 0.0039, 0.3839 -1.0992 0.0, 0.3835 -1.0989 0.0039, 0.3835 -1.0989 0.0, 0.383 -1.0986 0.0039, 0.383 -1.0986 0.0, 0.3825 -1.0984 0.0039, 0.3825 -1.0984 0.0, 0.3818 -1.0983 0.0039, 0.3818 -1.0983 0.0, 0.3297 -1.091 0.0039, 0.3297 -1.091 0.0, 0.3297 -1.0143 0.0039, 0.3297 -1.0143 0.0, 0.3719 -1.0202 0.0039, 0.3719 -1.0202 0.0, 0.376 -1.0213 0.0039, 0.376 -1.0213 0.0, 0.3798 -1.0231 0.0039, 0.3798 -1.0231 0.0, 0.3823 -1.0245 0.0039, 0.3823 -1.0245 0.0, 0.3903 -1.0157 0.0039, 0.3903 -1.0157 0.0, 0.3911 -1.0145 0.0039, 0.3911 -1.0145 0.0, 0.3914 -1.0138 0.0039, 0.3914 -1.0138 0.0, 0.3914 -1.0134 0.0039, 0.3914 -1.0134 0.0, 0.3914 -1.013 0.0039, 0.3914 -1.013 0.0, 0.3913 -1.0125 0.0039, 0.3913 -1.0125 0.0, 0.391 -1.012 0.0039, 0.391 -1.012 0.0, 0.3908 -1.0117 0.0039, 0.3908 -1.0117 0.0, 0.3906 -1.0115 0.0039, 0.3906 -1.0115 0.0, 0.3903 -1.0114 0.0039, 0.3903 -1.0114 0.0, 0.3902 -1.0113 0.0039, 0.3902 -1.0113 0.0, 0.3895 -1.0112 0.0039, 0.3895 -1.0112 0.0, 0.3886 -1.0111 0.0039, 0.3886 -1.0111 0.0, 0.3843 -1.0109 0.0039, 0.3843 -1.0109 0.0, 0.3629 -1.0083 0.0039, 0.3629 -1.0083 0.0, 0.3416 -1.0049 0.0039, 0.3416 -1.0049 0.0, 0.3286 -1.0027 0.0039, 0.3286 -1.0027 0.0, 0.3254 -1.0015 0.0039, 0.3254 -1.0015 0.0, 0.3234 -1.001 0.0039, 0.3234 -1.001 0.0, 0.322 -1.001 0.0039, 0.322 -1.001 0.0, 0.3212 -1.0011 0.0039, 0.3212 -1.0011 0.0, 0.3206 -1.0014 0.0039, 0.3206 -1.0014 0.0, 0.3198 -1.0019 0.0039, 0.3198 -1.0019 0.0, 0.3193 -1.0027 0.0039, 0.3193 -1.0027 0.0, 0.319 -1.0033 0.0039, 0.319 -1.0033 0.0, 0.3188 -1.0044 0.0039, 0.3188 -1.0044 0.0, 0.3188 -1.006 0.0039, 0.3188 -1.006 0.0, 0.3189 -1.0066 0.0039, 0.3189 -1.0066 0.0, 0.3207 -1.0138 0.0039, 0.3207 -1.0138 0.0, 0.3215 -1.0211 0.0039, 0.3215 -1.0211 0.0, 0.3215 -1.0265 0.0039, 0.3215 -1.0265 0.0, 0.3216 -1.03 0.0039, 0.3216 -1.03 0.0, 0.3218 -1.0335 0.0039, 0.3218 -1.0335 0.0, 0.3215 -1.1632 0.0039, 0.3215 -1.1632 0.0, 0.3183 -1.167 0.0039, 0.3183 -1.167 0.0, 0.3163 -1.1693 0.0039, 0.3163 -1.1693 0.0, 0.3152 -1.171 0.0039, 0.3152 -1.171 0.0, 0.3148 -1.1719 0.0039, 0.3148 -1.1719 0.0, 0.3145 -1.1733 0.0039, 0.3145 -1.1733 0.0, 0.3145 -1.1742 0.0039, 0.3145 -1.1742 0.0, 0.3145 -1.1748 0.0039, 0.3145 -1.1748 0.0, 0.3145 -1.175 0.0039, 0.3145 -1.175 0.0, 0.3146 -1.1753 0.0039, 0.3146 -1.1753 0.0, 0.3147 -1.1754 0.0039, 0.3147 -1.1754 0.0, 0.3148 -1.1755 0.0039, 0.3148 -1.1755 0.0, 0.315 -1.1756 0.0039, 0.315 -1.1756 0.0, 0.3154 -1.1757 0.0039, 0.3154 -1.1757 0.0, 0.3161 -1.1757 0.0039, 0.3161 -1.1757 0.0, 0.3169 -1.1757 0.0039, 0.3169 -1.1757 0.0, 0.3223 -1.1748 0.0039, 0.3223 -1.1748 0.0, 0.3271 -1.1742 0.0039, 0.3271 -1.1742 0.0, 0.3319 -1.1742 0.0039, 0.3319 -1.1742 0.0, 0.3328 -1.1742 0.0039, 0.3328 -1.1742 0.0, 0.3383 -1.1744 0.0039, 0.3383 -1.1744 0.0, 0.3438 -1.1751 0.0039, 0.3438 -1.1751 0.0, 0.3549 -1.1771 0.0039, 0.3549 -1.1771 0.0, 0.3646 -1.179 0.0039, 0.3646 -1.179 0.0, 0.3723 -1.1818 0.0039, 0.3723 -1.1818 0.0, 0.3739 -1.1827 0.0039, 0.3739 -1.1827 0.0, 0.3756 -1.1839 0.0, 0.3764 -1.1844 0.0039, 0.3764 -1.1844 0.0, 0.3769 -1.1839 0.0, 0.3846 -1.1759 0.0039, 0.3846 -1.1759 0.0, 0.3851 -1.175 0.0039, 0.3851 -1.175 0.0, 0.3855 -1.1743 0.0039, 0.3855 -1.1743 0.0, 0.3857 -1.1738 0.0039, 0.3857 -1.1738 0.0, 0.3857 -1.1734 0.0039, 0.3857 -1.1734 0.0, 0.3857 -1.173 0.0039, 0.3857 -1.173 0.0, 0.3856 -1.1726 0.0039, 0.3856 -1.1726 0.0, 0.3853 -1.1723 0.0039, 0.3853 -1.1723 0.0, 0.3849 -1.1719 0.0039, 0.3849 -1.1719 0.0, 0.3844 -1.1716 0.0039, 0.3844 -1.1716 0.0, 0.3839 -1.1715 0.0039, 0.3839 -1.1715 0.0, 0.3832 -1.1714 0.0039, 0.3832 -1.1714 0.0, 0.3787 -1.1708 0.0039, 0.3787 -1.1708 0.0, 0.372 -1.1699 0.0039, 0.372 -1.1699 0.0, 0.3653 -1.1692 0.0039, 0.3653 -1.1692 0.0, 0.3297 -1.1632 0.0039, 0.3297 -1.1632 0.0, 0.2866 -1.1802 0.0039, 0.2866 -1.1802 0.0, 0.2823 -1.1802 0.0039, 0.2823 -1.1802 0.0, 0.2866 -1.1046 0.0039, 0.2866 -1.1046 0.0, 0.2812 -1.1046 0.0039, 0.2812 -1.1046 0.0, 0.2788 -1.1445 0.0039, 0.2788 -1.1445 0.0, 0.2753 -1.1573 0.0039, 0.2753 -1.1573 0.0, 0.2718 -1.1643 0.0039, 0.2718 -1.1643 0.0, 0.2683 -1.1684 0.0039, 0.2683 -1.1684 0.0, 0.2646 -1.1713 0.0039, 0.2646 -1.1713 0.0, 0.2606 -1.173 0.0039, 0.2606 -1.173 0.0, 0.2563 -1.174 0.0039, 0.2563 -1.174 0.0, 0.2504 -1.1736 0.0039, 0.2504 -1.1736 0.0, 0.2453 -1.1719 0.0039, 0.2453 -1.1719 0.0, 0.2405 -1.1689 0.0039, 0.2405 -1.1689 0.0, 0.236 -1.1645 0.0039, 0.236 -1.1645 0.0, 0.2311 -1.1568 0.0039, 0.2311 -1.1568 0.0, 0.2245 -1.1378 0.0039, 0.2245 -1.1378 0.0, 0.2219 -1.123 0.0039, 0.2219 -1.123 0.0, 0.2209 -1.078 0.0039, 0.2209 -1.078 0.0, 0.2279 -1.0375 0.0039, 0.2279 -1.0375 0.0, 0.2322 -1.026 0.0039, 0.2322 -1.026 0.0, 0.2386 -1.0169 0.0039, 0.2386 -1.0169 0.0, 0.2427 -1.0131 0.0039, 0.2427 -1.0131 0.0, 0.2463 -1.011 0.0039, 0.2463 -1.011 0.0, 0.2501 -1.0098 0.0039, 0.2501 -1.0098 0.0, 0.254 -1.0095 0.0039, 0.254 -1.0095 0.0, 0.2604 -1.0099 0.0039, 0.2604 -1.0099 0.0, 0.2666 -1.0123 0.0039, 0.2666 -1.0123 0.0, 0.2717 -1.0158 0.0039, 0.2717 -1.0158 0.0, 0.2758 -1.0206 0.0039, 0.2758 -1.0206 0.0, 0.2795 -1.028 0.0039, 0.2795 -1.028 0.0, 0.2836 -1.0467 0.0039, 0.2836 -1.0467 0.0, 0.2848 -1.0551 0.0039, 0.2848 -1.0551 0.0, 0.2863 -1.07 0.0039, 0.2863 -1.07 0.0, 0.2908 -1.0698 0.0039, 0.2908 -1.0698 0.0, 0.2887 -1.036 0.0039, 0.2887 -1.036 0.0, 0.2854 -1.0233 0.0039, 0.2854 -1.0233 0.0, 0.2806 -1.0135 0.0039, 0.2806 -1.0135 0.0, 0.2769 -1.0088 0.0039, 0.2769 -1.0088 0.0, 0.2715 -1.0044 0.0039, 0.2715 -1.0044 0.0, 0.2646 -1.0013 0.0039, 0.2646 -1.0013 0.0, 0.258 -1.0001 0.0039, 0.258 -1.0001 0.0, 0.2507 -1.0004 0.0039, 0.2507 -1.0004 0.0, 0.2432 -1.0027 0.0039, 0.2432 -1.0027 0.0, 0.2367 -1.0065 0.0039, 0.2367 -1.0065 0.0, 0.2319 -1.0113 0.0039, 0.2319 -1.0113 0.0, 0.2255 -1.0219 0.0039, 0.2255 -1.0219 0.0, 0.2176 -1.0456 0.0039, 0.2176 -1.0456 0.0, 0.2145 -1.0648 0.0039, 0.2145 -1.0648 0.0, 0.2144 -1.1219 0.0039, 0.2144 -1.1219 0.0, 0.2212 -1.1526 0.0039, 0.2212 -1.1526 0.0, 0.2272 -1.1661 0.0039, 0.2272 -1.1661 0.0, 0.233 -1.1736 0.0039, 0.233 -1.1736 0.0, 0.2418 -1.1804 0.0039, 0.2418 -1.1804 0.0, 0.246 -1.1824 0.0039, 0.246 -1.1824 0.0, 0.25 -1.1832 0.0039, 0.25 -1.1832 0.0, 0.254 -1.1833 0.0039, 0.254 -1.1833 0.0, 0.2623 -1.1811 0.0039, 0.2623 -1.1811 0.0, 0.2689 -1.1775 0.0039, 0.2689 -1.1775 0.0, 0.2745 -1.1724 0.0039, 0.2745 -1.1724 0.0, 0.2778 -1.168 0.0039, 0.2778 -1.168 0.0, 0.2803 -1.1635 0.0039, 0.2803 -1.1635 0.0, 0.1422 -1.1751 0.0039, 0.1422 -1.1751 0.0, 0.1297 -1.1907 0.0039, 0.1352 -1.1839 0.0, 0.1297 -1.1907 0.0, 0.1393 -1.1689 0.0039, 0.1393 -1.1689 0.0, 0.138 -1.1609 0.0039, 0.138 -1.1609 0.0, 0.138 -1.1572 0.0039, 0.138 -1.1572 0.0, 0.138 -1.0129 0.0039, 0.138 -1.0129 0.0, 0.1597 -1.0147 0.0039, 0.1597 -1.0147 0.0, 0.1701 -1.0163 0.0039, 0.1701 -1.0163 0.0, 0.1736 -1.0171 0.0039, 0.1736 -1.0171 0.0, 0.1757 -1.0181 0.0039, 0.1757 -1.0181 0.0, 0.1783 -1.0203 0.0039, 0.1783 -1.0203 0.0, 0.1792 -1.0209 0.0039, 0.1792 -1.0209 0.0, 0.1801 -1.0213 0.0039, 0.1801 -1.0213 0.0, 0.1867 -1.0155 0.0039, 0.1867 -1.0155 0.0, 0.1898 -1.0127 0.0039, 0.1898 -1.0127 0.0, 0.1909 -1.0115 0.0039, 0.1909 -1.0115 0.0, 0.1914 -1.0106 0.0039, 0.1914 -1.0106 0.0, 0.1916 -1.0097 0.0039, 0.1916 -1.0097 0.0, 0.1917 -1.0086 0.0039, 0.1917 -1.0086 0.0, 0.1914 -1.008 0.0039, 0.1914 -1.008 0.0, 0.1912 -1.0077 0.0039, 0.1912 -1.0077 0.0, 0.1908 -1.0075 0.0039, 0.1908 -1.0075 0.0, 0.1901 -1.0072 0.0039, 0.1901 -1.0072 0.0, 0.189 -1.0071 0.0039, 0.189 -1.0071 0.0, 0.184 -1.007 0.0039, 0.184 -1.007 0.0, 0.1769 -1.0059 0.0039, 0.1769 -1.0059 0.0, 0.1582 -1.004 0.0039, 0.1582 -1.004 0.0, 0.1521 -1.0035 0.0039, 0.1521 -1.0035 0.0, 0.1402 -1.0024 0.0039, 0.1402 -1.0024 0.0, 0.1337 -1.0018 0.0039, 0.1337 -1.0018 0.0, 0.1322 -1.0014 0.0039, 0.1322 -1.0014 0.0, 0.1314 -1.0013 0.0039, 0.1314 -1.0013 0.0, 0.1309 -1.0014 0.0039, 0.1309 -1.0014 0.0, 0.1304 -1.0016 0.0039, 0.1304 -1.0016 0.0, 0.1301 -1.0018 0.0039, 0.1301 -1.0018 0.0, 0.1297 -1.0023 0.0039, 0.1297 -1.0023 0.0, 0.1293 -1.0031 0.0039, 0.1293 -1.0031 0.0, 0.1291 -1.0038 0.0039, 0.1291 -1.0038 0.0, 0.1291 -1.0054 0.0039, 0.1291 -1.0054 0.0, 0.1299 -1.0123 0.0039, 0.1299 -1.0123 0.0, 0.13 -1.014 0.0039, 0.13 -1.014 0.0, 0.1306 -1.0307 0.0039, 0.1306 -1.0307 0.0, 0.1306 -1.1581 0.0039, 0.1306 -1.1581 0.0, 0.1304 -1.1719 0.0, 0.1304 -1.1719 0.0039, 0.1286 -1.1839 0.0, 0.1283 -1.1856 0.0039, 0.1283 -1.1856 0.0, 0.1278 -1.1884 0.0039, 0.1278 -1.1884 0.0
            ]
        }
        coordIndex [
            0,1,2,-1,2,1,3,-1,4,5,0,-1,0,5,1,-1,6,7,4,-1,4,7,8,-1,4,8,5,-1,7,6,9,-1,7,9,10,-1,10,9,11,-1,10,11,12,-1,12,11,13,-1,12,13,14,-1,14,13,15,-1,14,15,16,-1,16,15,17,-1,16,17,18,-1,18,17,19,-1,18,19,20,-1,20,19,21,-1,20,21,22,-1,22,21,23,-1,22,23,24,-1,24,23,25,-1,24,25,26,-1,26,25,27,-1,26,27,28,-1,28,27,29,-1,28,29,30,-1,30,29,31,-1,30,31,32,-1,32,31,33,-1,32,33,34,-1,34,33,35,-1,34,35,36,-1,36,35,37,-1,37,35,38,-1,37,38,39,-1,40,41,38,-1,38,41,39,-1,41,40,42,-1,41,42,43,-1,43,42,44,-1,43,44,45,-1,45,44,46,-1,45,46,47,-1,47,46,48,-1,47,48,49,-1,50,51,48,-1,48,51,49,-1,51,50,52,-1,51,52,53,-1,53,52,54,-1,53,54,55,-1,55,54,56,-1,56,54,57,-1,56,57,58,-1,59,60,57,-1,57,60,58,-1,61,62,59,-1,59,62,63,-1,59,63,60,-1,64,65,61,-1,61,65,62,-1,65,64,66,-1,65,66,67,-1,67,66,68,-1,67,68,69,-1,70,71,68,-1,68,71,69,-1,71,70,72,-1,71,72,73,-1,73,72,74,-1,73,74,75,-1,75,74,76,-1,75,76,77,-1,77,76,78,-1,77,78,79,-1,79,78,80,-1,79,80,81,-1,81,80,82,-1,81,82,83,-1,83,82,84,-1,83,84,85,-1,85,84,86,-1,85,86,87,-1,87,86,88,-1,87,88,89,-1,90,91,88,-1,88,91,89,-1,91,90,92,-1,92,90,93,-1,92,93,94,-1,94,93,95,-1,94,95,96,-1,96,95,97,-1,96,97,98,-1,98,97,99,-1,98,99,100,-1,100,99,101,-1,100,101,102,-1,102,101,103,-1,102,103,104,-1,104,103,105,-1,104,105,106,-1,106,105,107,-1,106,107,108,-1,108,107,109,-1,108,109,110,-1,110,109,111,-1,110,111,112,-1,112,111,113,-1,112,113,114,-1,114,113,115,-1,114,115,116,-1,116,115,117,-1,116,117,118,-1,118,117,119,-1,118,119,120,-1,120,119,121,-1,120,121,122,-1,122,121,123,-1,122,123,124,-1,124,123,125,-1,124,125,126,-1,127,128,125,-1,125,128,129,-1,125,129,126,-1,130,131,127,-1,127,131,128,-1,130,2,131,-1,131,2,3,-1,132,57,133,-1,133,57,54,-1,6,4,35,-1,130,134,135,-1,74,72,127,-1,127,72,70,-1,135,136,130,-1,130,136,137,-1,130,137,2,-1,2,137,138,-1,52,0,54,-1,54,0,2,-1,54,2,133,-1,133,2,138,-1,70,68,127,-1,127,68,66,-1,127,66,130,-1,130,66,64,-1,130,64,134,-1,134,64,61,-1,134,61,132,-1,132,61,59,-1,132,59,57,-1,0,40,4,-1,4,40,38,-1,4,38,35,-1,97,95,125,-1,125,95,93,-1,125,93,127,-1,127,93,90,-1,90,88,127,-1,127,88,86,-1,127,86,74,-1,74,86,84,-1,74,84,76,-1,52,50,0,-1,0,50,48,-1,0,48,46,-1,33,11,35,-1,35,11,9,-1,35,9,6,-1,46,44,0,-1,0,44,42,-1,0,42,40,-1,82,80,84,-1,84,80,78,-1,84,78,76,-1,121,103,123,-1,123,103,101,-1,123,101,125,-1,125,101,99,-1,125,99,97,-1,121,119,103,-1,103,119,117,-1,103,117,105,-1,31,15,33,-1,33,15,13,-1,33,13,11,-1,31,29,15,-1,15,29,27,-1,15,27,25,-1,19,17,21,-1,21,17,15,-1,21,15,23,-1,23,15,25,-1,113,111,115,-1,115,111,109,-1,115,109,117,-1,117,109,107,-1,117,107,105,-1,133,139,132,-1,132,139,140,-1,139,133,138,-1,139,138,141,-1,141,138,137,-1,141,137,142,-1,142,137,136,-1,142,136,143,-1,135,144,136,-1,136,144,143,-1,134,145,135,-1,135,145,144,-1,140,145,132,-1,132,145,134,-1,146,147,148,-1,148,147,149,-1,147,146,150,-1,147,150,151,-1,151,150,152,-1,151,152,153,-1,153,152,154,-1,153,154,155,-1,155,154,156,-1,155,156,157,-1,157,156,158,-1,157,158,159,-1,159,158,160,-1,159,160,161,-1,161,160,162,-1,161,162,163,-1,163,162,164,-1,163,164,165,-1,165,164,166,-1,165,166,167,-1,168,169,166,-1,166,169,167,-1,170,171,168,-1,168,171,169,-1,171,170,172,-1,171,172,173,-1,173,172,174,-1,173,174,175,-1,176,177,174,-1,174,177,175,-1,178,179,176,-1,176,179,177,-1,179,178,180,-1,179,180,181,-1,181,180,182,-1,181,182,183,-1,183,182,184,-1,183,184,185,-1,185,184,186,-1,185,186,187,-1,187,186,188,-1,187,188,189,-1,189,188,190,-1,189,190,191,-1,191,190,192,-1,191,192,193,-1,193,192,194,-1,193,194,195,-1,195,194,196,-1,195,196,197,-1,197,196,198,-1,197,198,199,-1,199,198,200,-1,199,200,201,-1,201,200,202,-1,201,202,203,-1,203,202,204,-1,203,204,205,-1,205,204,206,-1,205,206,207,-1,207,206,208,-1,207,208,209,-1,209,208,210,-1,209,210,211,-1,211,210,212,-1,211,212,213,-1,214,215,212,-1,212,215,213,-1,215,214,216,-1,215,216,217,-1,217,216,218,-1,217,218,219,-1,219,218,220,-1,220,218,221,-1,220,221,222,-1,222,221,223,-1,222,223,224,-1,225,224,226,-1,226,224,223,-1,225,226,227,-1,227,226,228,-1,227,228,229,-1,229,228,230,-1,229,230,231,-1,231,230,232,-1,231,232,233,-1,233,232,234,-1,233,234,235,-1,236,237,234,-1,234,237,235,-1,237,236,238,-1,237,238,239,-1,239,238,240,-1,239,240,241,-1,241,240,242,-1,241,242,243,-1,243,242,244,-1,243,244,245,-1,245,244,246,-1,245,246,247,-1,247,246,248,-1,247,248,249,-1,249,248,250,-1,249,250,251,-1,251,250,252,-1,251,252,253,-1,253,252,254,-1,253,254,255,-1,255,254,256,-1,255,256,257,-1,257,256,258,-1,257,258,259,-1,259,258,260,-1,259,260,261,-1,261,260,262,-1,261,262,263,-1,263,262,264,-1,263,264,265,-1,266,267,264,-1,264,267,265,-1,268,269,266,-1,266,269,267,-1,270,271,268,-1,268,271,269,-1,271,270,272,-1,271,272,273,-1,273,272,148,-1,273,148,149,-1,242,240,264,-1,170,168,274,-1,168,166,146,-1,146,166,164,-1,146,164,150,-1,146,148,168,-1,168,148,272,-1,168,272,274,-1,274,272,270,-1,274,270,275,-1,276,277,232,-1,232,277,278,-1,232,278,279,-1,240,238,264,-1,264,238,236,-1,264,236,266,-1,266,236,234,-1,266,234,268,-1,268,234,232,-1,232,230,276,-1,276,230,216,-1,276,216,280,-1,270,268,275,-1,275,268,232,-1,275,232,281,-1,281,232,279,-1,282,283,178,-1,178,283,180,-1,180,283,284,-1,180,284,182,-1,258,256,254,-1,178,176,282,-1,282,176,174,-1,282,174,274,-1,274,174,172,-1,274,172,170,-1,182,284,184,-1,184,284,285,-1,184,285,186,-1,264,250,248,-1,162,154,164,-1,164,154,152,-1,164,152,150,-1,162,160,154,-1,154,160,158,-1,154,158,156,-1,286,287,202,-1,250,264,252,-1,252,264,262,-1,252,262,254,-1,254,262,260,-1,254,260,258,-1,248,246,264,-1,264,246,244,-1,264,244,242,-1,226,223,228,-1,228,223,221,-1,228,221,230,-1,230,221,218,-1,230,218,216,-1,202,287,204,-1,216,214,280,-1,280,214,212,-1,280,212,210,-1,287,288,204,-1,204,288,289,-1,204,289,206,-1,206,289,280,-1,206,280,208,-1,208,280,210,-1,186,285,188,-1,188,285,290,-1,188,290,190,-1,190,290,291,-1,190,291,192,-1,192,291,292,-1,192,292,194,-1,292,293,194,-1,194,293,294,-1,194,294,196,-1,196,294,295,-1,196,295,198,-1,198,295,286,-1,198,286,200,-1,200,286,202,-1,278,296,279,-1,279,296,297,-1,296,278,277,-1,296,277,298,-1,298,277,276,-1,298,276,299,-1,299,276,280,-1,299,280,300,-1,300,280,289,-1,300,289,301,-1,301,289,288,-1,301,288,302,-1,302,288,287,-1,302,287,303,-1,303,287,286,-1,303,286,304,-1,304,286,295,-1,304,295,305,-1,305,295,294,-1,305,294,306,-1,306,294,293,-1,306,293,307,-1,307,293,292,-1,307,292,308,-1,308,292,291,-1,308,291,309,-1,309,291,290,-1,309,290,310,-1,310,290,285,-1,310,285,311,-1,311,285,284,-1,311,284,312,-1,312,284,283,-1,312,283,313,-1,313,283,282,-1,313,282,314,-1,274,315,282,-1,282,315,314,-1,275,316,274,-1,274,316,315,-1,316,275,281,-1,316,281,317,-1,317,281,279,-1,317,279,297,-1,318,319,320,-1,320,319,321,-1,319,318,322,-1,319,322,323,-1,323,322,324,-1,323,324,325,-1,325,324,326,-1,325,326,327,-1,328,329,326,-1,326,329,327,-1,330,331,328,-1,328,331,329,-1,331,330,332,-1,331,332,333,-1,333,332,334,-1,333,334,335,-1,335,334,336,-1,335,336,337,-1,337,336,338,-1,337,338,339,-1,339,338,340,-1,339,340,341,-1,341,340,342,-1,341,342,343,-1,343,342,344,-1,343,344,345,-1,345,344,346,-1,345,346,347,-1,347,346,348,-1,347,348,349,-1,349,348,350,-1,349,350,351,-1,351,350,352,-1,351,352,353,-1,354,355,352,-1,352,355,353,-1,356,357,354,-1,354,357,355,-1,358,359,356,-1,356,359,357,-1,359,358,360,-1,359,360,361,-1,361,360,362,-1,361,362,363,-1,364,365,362,-1,362,365,363,-1,366,367,364,-1,364,367,365,-1,367,366,368,-1,367,368,369,-1,369,368,370,-1,369,370,371,-1,371,370,372,-1,371,372,373,-1,373,372,374,-1,373,374,375,-1,375,374,376,-1,375,376,377,-1,377,376,378,-1,377,378,379,-1,379,378,380,-1,379,380,381,-1,381,380,382,-1,381,382,383,-1,383,382,384,-1,383,384,385,-1,385,384,386,-1,385,386,387,-1,387,386,388,-1,387,388,389,-1,389,388,390,-1,389,390,391,-1,392,393,390,-1,390,393,391,-1,393,392,394,-1,393,394,395,-1,395,394,396,-1,395,396,397,-1,398,399,396,-1,396,399,397,-1,399,398,400,-1,399,400,401,-1,401,400,402,-1,401,402,403,-1,403,402,404,-1,403,404,405,-1,405,404,406,-1,405,406,407,-1,407,406,408,-1,407,408,409,-1,409,408,410,-1,409,410,411,-1,411,410,412,-1,411,412,413,-1,413,412,414,-1,413,414,415,-1,415,414,416,-1,415,416,417,-1,417,416,418,-1,417,418,419,-1,419,418,420,-1,419,420,421,-1,421,420,422,-1,421,422,423,-1,423,422,424,-1,423,424,425,-1,426,427,424,-1,424,427,425,-1,427,426,428,-1,427,428,429,-1,429,428,430,-1,429,430,431,-1,432,433,430,-1,430,433,431,-1,433,432,434,-1,433,434,435,-1,435,434,436,-1,435,436,437,-1,437,436,438,-1,437,438,439,-1,439,438,440,-1,439,440,441,-1,441,440,442,-1,441,442,443,-1,443,442,444,-1,443,444,445,-1,445,444,446,-1,445,446,447,-1,447,446,448,-1,447,448,449,-1,449,448,450,-1,449,450,451,-1,451,450,452,-1,451,452,453,-1,453,452,454,-1,453,454,455,-1,455,454,456,-1,455,456,457,-1,457,456,458,-1,457,458,459,-1,459,458,460,-1,459,460,461,-1,461,460,462,-1,461,462,463,-1,464,465,462,-1,462,465,463,-1,465,464,466,-1,465,466,467,-1,467,466,468,-1,467,468,469,-1,470,471,468,-1,468,471,469,-1,471,470,472,-1,471,472,473,-1,473,472,474,-1,473,474,475,-1,476,477,474,-1,474,477,475,-1,477,476,478,-1,477,478,479,-1,479,478,480,-1,479,480,481,-1,481,480,482,-1,481,482,483,-1,483,482,484,-1,484,482,485,-1,484,485,486,-1,486,485,487,-1,487,485,488,-1,487,488,489,-1,489,488,490,-1,489,490,491,-1,491,490,492,-1,491,492,493,-1,493,492,494,-1,493,494,495,-1,495,494,496,-1,495,496,497,-1,497,496,498,-1,497,498,499,-1,499,498,500,-1,499,500,501,-1,501,500,502,-1,501,502,503,-1,503,502,504,-1,503,504,505,-1,505,504,506,-1,505,506,507,-1,507,506,508,-1,507,508,509,-1,509,508,510,-1,509,510,511,-1,512,513,510,-1,510,513,511,-1,513,512,514,-1,513,514,515,-1,515,514,516,-1,515,516,517,-1,518,519,516,-1,516,519,517,-1,518,320,519,-1,519,320,321,-1,402,400,356,-1,362,360,392,-1,392,360,358,-1,326,324,352,-1,400,398,356,-1,356,398,396,-1,356,396,358,-1,358,396,394,-1,358,394,392,-1,430,428,356,-1,428,426,356,-1,356,426,424,-1,356,424,422,-1,422,420,356,-1,356,420,418,-1,356,418,416,-1,320,354,318,-1,318,354,352,-1,318,352,322,-1,322,352,324,-1,362,392,364,-1,364,392,390,-1,364,390,366,-1,366,390,388,-1,366,388,386,-1,356,410,408,-1,436,434,518,-1,518,434,432,-1,518,432,320,-1,320,432,430,-1,320,430,354,-1,354,430,356,-1,416,414,356,-1,356,414,412,-1,356,412,410,-1,336,334,350,-1,350,334,352,-1,328,326,330,-1,330,326,352,-1,330,352,332,-1,332,352,334,-1,448,446,518,-1,518,446,444,-1,518,444,442,-1,386,384,366,-1,366,384,382,-1,366,382,380,-1,408,406,356,-1,356,406,404,-1,356,404,402,-1,496,494,508,-1,508,494,492,-1,508,492,510,-1,510,492,490,-1,510,490,488,-1,472,470,518,-1,518,470,468,-1,518,468,466,-1,466,464,518,-1,518,464,462,-1,518,462,460,-1,370,376,372,-1,372,376,374,-1,380,378,366,-1,366,378,376,-1,366,376,368,-1,368,376,370,-1,454,452,518,-1,518,452,450,-1,518,450,448,-1,442,440,518,-1,518,440,438,-1,518,438,436,-1,488,485,510,-1,510,485,482,-1,510,482,512,-1,512,482,480,-1,512,480,514,-1,514,480,478,-1,514,478,516,-1,516,478,476,-1,516,476,518,-1,518,476,474,-1,518,474,472,-1,460,458,518,-1,518,458,456,-1,518,456,454,-1,342,340,350,-1,350,340,338,-1,350,338,336,-1,502,508,504,-1,504,508,506,-1,502,500,508,-1,508,500,498,-1,508,498,496,-1,348,346,350,-1,350,346,344,-1,350,344,342,-1,520,521,522,-1,522,521,523,-1,524,525,520,-1,520,525,521,-1,526,527,524,-1,524,527,525,-1,527,526,528,-1,527,528,529,-1,529,528,530,-1,529,530,531,-1,531,530,532,-1,531,532,533,-1,533,532,534,-1,533,534,535,-1,535,534,536,-1,535,536,537,-1,537,536,538,-1,537,538,539,-1,539,538,540,-1,539,540,541,-1,541,540,542,-1,541,542,543,-1,543,542,544,-1,543,544,545,-1,545,544,546,-1,545,546,547,-1,547,546,548,-1,547,548,549,-1,549,548,550,-1,549,550,551,-1,551,550,552,-1,551,552,553,-1,553,552,554,-1,553,554,555,-1,555,554,556,-1,555,556,557,-1,557,556,558,-1,557,558,559,-1,559,558,560,-1,559,560,561,-1,561,560,562,-1,561,562,563,-1,563,562,564,-1,563,564,565,-1,565,564,566,-1,565,566,567,-1,567,566,568,-1,567,568,569,-1,569,568,570,-1,569,570,571,-1,571,570,572,-1,571,572,573,-1,573,572,574,-1,573,574,575,-1,575,574,576,-1,575,576,577,-1,577,576,578,-1,577,578,579,-1,579,578,580,-1,579,580,581,-1,581,580,582,-1,581,582,583,-1,583,582,584,-1,583,584,585,-1,586,587,584,-1,584,587,585,-1,588,589,586,-1,586,589,587,-1,589,588,590,-1,589,590,591,-1,591,590,592,-1,591,592,593,-1,593,592,594,-1,593,594,595,-1,595,594,596,-1,595,596,597,-1,597,596,598,-1,597,598,599,-1,599,598,600,-1,599,600,601,-1,601,600,602,-1,601,602,603,-1,603,602,604,-1,603,604,605,-1,605,604,606,-1,605,606,607,-1,607,606,608,-1,607,608,609,-1,609,608,610,-1,609,610,611,-1,611,610,612,-1,611,612,613,-1,613,612,614,-1,613,614,615,-1,615,614,616,-1,615,616,617,-1,617,616,618,-1,617,618,619,-1,619,618,620,-1,619,620,621,-1,621,620,622,-1,621,622,623,-1,623,622,624,-1,623,624,625,-1,625,624,626,-1,625,626,627,-1,627,626,628,-1,627,628,629,-1,629,628,630,-1,629,630,631,-1,631,630,632,-1,631,632,633,-1,633,632,634,-1,633,634,635,-1,635,634,636,-1,635,636,637,-1,637,636,638,-1,637,638,639,-1,639,638,640,-1,639,640,641,-1,642,643,640,-1,640,643,641,-1,642,522,643,-1,643,522,523,-1,524,520,642,-1,642,520,522,-1,640,536,642,-1,642,536,534,-1,642,534,532,-1,526,524,528,-1,528,524,642,-1,528,642,530,-1,530,642,532,-1,640,638,536,-1,536,638,636,-1,536,636,538,-1,538,636,634,-1,538,634,540,-1,540,634,632,-1,540,632,542,-1,632,630,542,-1,542,630,628,-1,542,628,544,-1,544,628,626,-1,544,626,546,-1,546,626,624,-1,546,624,548,-1,548,624,622,-1,548,622,550,-1,550,622,552,-1,552,622,620,-1,552,620,554,-1,554,620,618,-1,554,618,556,-1,556,618,616,-1,556,616,558,-1,558,616,614,-1,558,614,560,-1,560,614,612,-1,560,612,562,-1,562,612,610,-1,562,610,564,-1,564,610,608,-1,564,608,566,-1,566,608,606,-1,566,606,568,-1,568,606,604,-1,568,604,570,-1,570,604,602,-1,570,602,572,-1,572,602,600,-1,572,600,574,-1,574,600,598,-1,574,598,576,-1,576,598,596,-1,576,596,578,-1,578,596,594,-1,578,594,580,-1,580,594,592,-1,580,592,582,-1,582,592,590,-1,582,590,584,-1,584,590,588,-1,584,588,586,-1,644,645,646,-1,646,645,647,-1,646,647,648,-1,645,644,649,-1,645,649,650,-1,650,649,651,-1,650,651,652,-1,652,651,653,-1,652,653,654,-1,655,656,653,-1,653,656,654,-1,656,655,657,-1,656,657,658,-1,658,657,659,-1,658,659,660,-1,660,659,661,-1,660,661,662,-1,662,661,663,-1,662,663,664,-1,664,663,665,-1,664,665,666,-1,666,665,667,-1,666,667,668,-1,668,667,669,-1,668,669,670,-1,670,669,671,-1,670,671,672,-1,672,671,673,-1,672,673,674,-1,674,673,675,-1,674,675,676,-1,676,675,677,-1,676,677,678,-1,678,677,679,-1,678,679,680,-1,680,679,681,-1,680,681,682,-1,682,681,683,-1,682,683,684,-1,684,683,685,-1,684,685,686,-1,686,685,687,-1,686,687,688,-1,688,687,689,-1,688,689,690,-1,690,689,691,-1,690,691,692,-1,692,691,693,-1,692,693,694,-1,694,693,695,-1,694,695,696,-1,696,695,697,-1,696,697,698,-1,698,697,699,-1,698,699,700,-1,701,702,699,-1,699,702,700,-1,703,704,701,-1,701,704,702,-1,704,703,705,-1,704,705,706,-1,706,705,707,-1,706,707,708,-1,708,707,709,-1,708,709,710,-1,710,709,711,-1,710,711,712,-1,712,711,713,-1,712,713,714,-1,714,713,715,-1,714,715,716,-1,716,715,717,-1,716,717,718,-1,718,717,719,-1,718,719,720,-1,720,719,721,-1,720,721,722,-1,722,721,723,-1,722,723,724,-1,724,723,725,-1,724,725,726,-1,727,728,725,-1,725,728,726,-1,729,730,727,-1,727,730,728,-1,731,730,732,-1,732,730,729,-1,731,732,733,-1,733,732,734,-1,733,734,735,-1,736,737,734,-1,734,737,735,-1,736,646,737,-1,737,646,648,-1,667,665,693,-1,693,665,663,-1,693,663,695,-1,669,667,671,-1,671,667,693,-1,671,693,673,-1,673,693,691,-1,673,691,675,-1,729,727,655,-1,655,727,725,-1,655,725,723,-1,663,661,695,-1,695,661,659,-1,695,659,697,-1,697,659,657,-1,646,736,644,-1,644,736,734,-1,644,734,649,-1,649,734,732,-1,649,732,651,-1,651,732,729,-1,651,729,653,-1,653,729,655,-1,723,721,655,-1,655,721,719,-1,655,719,717,-1,679,689,687,-1,689,679,691,-1,691,679,677,-1,691,677,675,-1,717,715,655,-1,655,715,713,-1,655,713,711,-1,711,709,655,-1,655,709,707,-1,655,707,705,-1,705,703,655,-1,655,703,701,-1,655,701,657,-1,657,701,699,-1,657,699,697,-1,687,685,679,-1,679,685,683,-1,679,683,681,-1,
        ]
    }
}
Shape{
    appearance Appearance {
        material  Material 	{
            diffuseColor 0.27450980392156865 0.49411764705882355 0.27450980392156865
            specularColor 0.0196078431372549 0.03529411764705882 0.0196078431372549
            ambientIntensity 0.5763
            transparency 0.0
            shininess 0.5
        }
    }
    geometry IndexedFaceSet {
        ccw TRUE
        solid FALSE
        coord DEF co Coordinate {
            point [
                0.5677 -1.0873 0.0, 0.5753 -1.08 0.0, 0.5572 -1.1595 0.0, 0.5388 -1.0763 0.0, 0.5499 -1.0786 0.0, 0.5582 -1.0812 0.0, 0.5606 -1.0825 0.0, 0.4314 -1.1646 0.0, 0.4314 -1.0148 0.0, 0.4368 -1.1669 0.0, 0.4358 -1.0147 0.0, 0.4402 -1.0148 0.0, 0.4526 -1.0163 0.0, 0.4614 -1.0174 0.0, 0.4611 -1.1706 0.0, 0.4488 -1.1697 0.0, 0.4897 -1.1074 0.0, 0.4891 -1.0657 0.0, 0.4686 -1.1691 0.0, 0.4864 -1.1459 0.0, 0.484 -1.1544 0.0, 0.4677 -1.019 0.0, 0.4723 -1.021 0.0, 0.4757 -1.0237 0.0, 0.4808 -1.1605 0.0, 0.4774 -1.1646 0.0, 0.4741 -1.167 0.0, 0.479 -1.028 0.0, 0.4846 -1.0406 0.0, 0.2638 0.9842 1.5222, 0.2638 0.9842 1.8676, 0.7362 0.9842 1.5222, 0.7362 0.9842 1.8676, 0.2638 0.9842 0.7874, 0.2638 1.1811 0.7874, 0.2638 1.1811 1.1811, 0.7362 1.1811 0.7874, 0.7362 0.9842 0.7874, 0.7362 1.1811 1.1811
            ]
        }
        coordIndex [
            0,1,2,-1,2,3,4,-1,4,5,2,-1,2,5,6,-1,2,6,0,-1,7,8,9,-1,9,8,10,-1,10,11,9,-1,9,11,12,-1,9,12,13,-1,14,15,16,-1,16,15,9,-1,16,9,17,-1,14,16,18,-1,18,16,19,-1,18,19,20,-1,13,21,9,-1,9,21,22,-1,9,22,23,-1,20,24,18,-1,18,24,25,-1,18,25,26,-1,23,27,9,-1,9,27,28,-1,9,28,17,-1,29,30,31,-1,31,30,32,-1,33,34,29,-1,29,34,35,-1,29,35,30,-1,36,37,38,-1,38,37,31,-1,38,31,32,-1,37,36,33,-1,33,36,34,-1,
        ]
    }
}