#VRML V2.0 utf8
# 3D model generated by easyeda2kicad.py (https://github.com/uPesy/easyeda2kicad.py)

Shape{
    appearance Appearance {
        material  Material 	{
            diffuseColor 0.2235294117647059 0.2235294117647059 0.2235294117647059
            specularColor 0.11372549019607843 0.11372549019607843 0.11372549019607843
            ambientIntensity 0.2235
            transparency 0.0
            shininess 0.5
        }
    }
    geometry IndexedFaceSet {
        ccw TRUE
        solid FALSE
        coord DEF co Coordinate {
            point [
                0.0651 0.0458 0.2165, 0.066 0.0233 0.2165, 0.102 0.0867 0.2165, 0.0616 -0.0202 0.2165, 0.0559 -0.0382 0.2165, 0.114 0.0153 0.2165, 0.1637 0.0966 0.2165, 0.1568 0.0996 0.2165, 0.1454 0.1015 0.2165, 0.1406 0.1017 0.2165, 0.1633 0.01 0.2165, 0.149 0.0139 0.2165, 0.14 -0.0568 0.2165, 0.1757 0.0787 0.2165, 0.1739 0.085 0.2165, 0.1268 0.0999 0.2165, 0.113 0.0943 0.2165, 0.0475 0.1026 0.2165, 0.0555 0.0887 0.2165, 0.0374 -0.0649 0.2165, 0.0265 -0.0723 0.2165, 0.0948 -0.0682 0.2165, -0.2053 0.0801 0.2165, -0.2053 0.1041 0.2165, -0.5512 0.2362 0.2165, -0.1356 0.1233 0.2165, 0.5512 0.2362 0.2165, 0.1982 0.0539 0.2165, 0.1922 0.0446 0.2165, 0.5512 -0.2362 0.2165, 0.1711 0.0899 0.2165, 0.1673 0.0941 0.2165, 0.0556 0.0884 0.2165, 0.0613 0.0708 0.2165, -0.0924 -0.076 0.2165, -0.5512 -0.2362 0.2165, -0.2053 -0.076 0.2165, -0.2053 -0.0544 0.2165, -0.1596 -0.0544 0.2165, -0.1596 0.0933 0.2165, 0.1961 0.0134 0.2165, 0.2027 0.0057 0.2165, 0.1844 0.0375 0.2165, 0.1752 0.0607 0.2165, 0.1764 0.0696 0.2165, 0.1295 0.0369 0.2165, 0.2098 -0.0139 0.2165, 0.2101 -0.0195 0.2165, 0.2085 -0.0337 0.2165, 0.2044 -0.0453 0.2165, -0.0362 0.1088 0.2165, -0.0257 0.1164 0.2165, 0.1764 0.0706 0.2165, 0.114 0.0369 0.2165, 0.0651 0.002 0.2165, -0.0259 -0.0729 0.2165, -0.0359 -0.0664 0.2165, -0.0456 -0.0559 0.2165, -0.0924 -0.0544 0.2165, 0.1254 -0.0554 0.2165, 0.1303 0.0153 0.2165, 0.1087 -0.0501 0.2165, 0.0948 -0.0418 0.2165, 0.0472 -0.0539 0.2165, 0.2075 -0.0038 0.2165, 0.1433 0.0377 0.2165, 0.1729 0.0546 0.2165, 0.173 0.0547 0.2165, 0.1972 -0.056 0.2165, 0.1864 -0.0656 0.2165, 0.1734 -0.0726 0.2165, -0.0594 0.0636 0.2165, -0.0538 0.0821 0.2165, -0.0455 0.098 0.2165, 0.1627 -0.0527 0.2165, 0.1829 -0.0289 0.2165, 0.1528 -0.0556 0.2165, 0.1836 -0.021 0.2165, 0.1827 -0.0122 0.2165, 0.1804 -0.0054 0.2165, 0.1701 -0.0484 0.2165, 0.1759 -0.0432 0.2165, 0.1804 -0.0364 0.2165, 0.0142 -0.0767 0.2165, -0.0008 -0.0784 0.2165, 0.1051 -0.073 0.2165, 0.1315 0.1218 0.2165, 0.0036 0.1233 0.2165, 0.1156 0.1166 0.2165, 0.0173 0.1219 0.2165, 0.102 0.1083 0.2165, 0.0292 0.1179 0.2165, 0.0395 0.1112 0.2165, 0.1986 0.0963 0.2165, 0.1935 0.1043 0.2165, 0.1856 0.1119 0.2165, 0.1626 0.0277 0.2165, 0.1626 0.0272 0.2165, 0.1718 0.0307 0.2165, 0.1763 0.0245 0.2165, 0.1875 0.0196 0.2165, 0.1766 0.0005 0.2165, 0.1714 0.0054 0.2165, 0.1553 0.0405 0.2165, 0.1637 0.0446 0.2165, 0.1689 0.049 0.2165, -0.0538 -0.0411 0.2165, -0.0591 -0.0248 0.2165, -0.1356 -0.0544 0.2165, 0.1472 0.1233 0.2165, 0.1615 0.1221 0.2165, 0.1746 0.1183 0.2165, 0.2018 0.0871 0.2165, 0.2029 0.0767 0.2165, 0.2016 0.0642 0.2165, 0.1581 -0.0769 0.2165, 0.14 -0.0784 0.2165, 0.1205 -0.0769 0.2165, -0.0144 -0.0769 0.2165, -0.0629 -0.0005 0.2165, -0.0636 0.0186 0.2165, -0.0627 0.0406 0.2165, -0.0135 0.1212 0.2165, -0.0002 0.1232 0.2165, -0.5512 -0.2362 0.1772, -0.5512 0.2362 0.1772, 0.5512 -0.2362 0.1772, 0.5512 0.2362 0.1772
            ]
        }
        coordIndex [
            0,1,2,-1,3,4,5,-1,6,7,1,-1,1,7,8,-1,1,8,9,-1,10,11,12,-1,1,13,14,-1,9,15,1,-1,1,15,16,-1,1,16,2,-1,2,17,18,-1,19,20,21,-1,22,23,24,-1,24,23,25,-1,24,25,26,-1,27,28,29,-1,14,30,1,-1,1,30,31,-1,1,31,6,-1,18,32,2,-1,2,32,33,-1,2,33,0,-1,29,34,35,-1,35,34,36,-1,35,36,37,-1,38,39,37,-1,37,39,22,-1,37,22,35,-1,35,22,24,-1,40,41,42,-1,43,44,45,-1,46,47,29,-1,29,47,48,-1,29,48,49,-1,50,51,25,-1,44,52,45,-1,45,52,13,-1,45,13,53,-1,53,13,1,-1,53,1,5,-1,5,1,54,-1,5,54,3,-1,55,56,34,-1,34,56,57,-1,34,57,58,-1,12,11,59,-1,59,11,60,-1,59,60,61,-1,61,60,5,-1,61,5,62,-1,62,5,4,-1,62,4,21,-1,21,4,63,-1,21,63,19,-1,42,41,28,-1,28,41,29,-1,29,41,64,-1,29,64,46,-1,65,66,45,-1,45,66,67,-1,45,67,43,-1,49,68,29,-1,29,68,69,-1,29,69,70,-1,71,72,25,-1,25,72,73,-1,25,73,50,-1,74,75,76,-1,76,75,77,-1,76,77,12,-1,12,77,78,-1,12,78,79,-1,74,80,75,-1,75,80,81,-1,75,81,82,-1,20,83,21,-1,21,83,84,-1,21,84,85,-1,86,87,88,-1,88,87,89,-1,88,89,90,-1,90,89,91,-1,90,91,2,-1,2,91,92,-1,2,92,17,-1,93,26,94,-1,94,26,95,-1,96,97,98,-1,98,97,99,-1,98,99,42,-1,42,99,100,-1,42,100,40,-1,79,101,12,-1,12,101,102,-1,12,102,10,-1,65,103,66,-1,66,103,104,-1,66,104,105,-1,57,106,58,-1,58,106,107,-1,58,107,108,-1,109,110,26,-1,26,110,111,-1,26,111,95,-1,93,112,26,-1,26,112,113,-1,26,113,29,-1,29,113,114,-1,29,114,27,-1,70,115,29,-1,29,115,116,-1,29,116,117,-1,55,34,118,-1,118,34,29,-1,118,29,84,-1,84,29,117,-1,84,117,85,-1,107,119,108,-1,108,119,120,-1,108,120,25,-1,25,120,121,-1,25,121,71,-1,51,122,25,-1,25,122,123,-1,25,123,26,-1,26,123,87,-1,26,87,109,-1,109,87,86,-1,35,24,124,-1,124,24,125,-1,29,35,126,-1,126,35,124,-1,26,29,127,-1,127,29,126,-1,24,26,125,-1,125,26,127,-1,127,126,125,-1,125,126,124,-1,
        ]
    }
}
Shape{
    appearance Appearance {
        material  Material 	{
            diffuseColor 1.0 1.0 1.0
            specularColor 0.5019607843137255 0.5019607843137255 0.5019607843137255
            ambientIntensity 1.0
            transparency 0.0
            shininess 0.5
        }
    }
    geometry IndexedFaceSet {
        ccw TRUE
        solid FALSE
        coord DEF co Coordinate {
            point [
                -0.0924 -0.0544 0.2126, -0.0924 -0.076 0.2126, -0.0924 -0.0544 0.2165, -0.0924 -0.076 0.2165, -0.2053 -0.076 0.2126, -0.2053 -0.076 0.2165, -0.2053 -0.0544 0.2126, -0.2053 -0.0544 0.2165, -0.1596 -0.0544 0.2126, -0.1596 -0.0544 0.2165, -0.1596 0.0933 0.2126, -0.1596 0.0933 0.2165, -0.2053 0.0801 0.2126, -0.2053 0.0801 0.2165, -0.2053 0.1041 0.2126, -0.2053 0.1041 0.2165, -0.1356 0.1233 0.2126, -0.1356 0.1233 0.2165, -0.1356 -0.0544 0.2126, -0.1356 -0.0544 0.2165, 0.0948 -0.0682 0.2126, 0.0948 -0.0418 0.2126, 0.0948 -0.0682 0.2165, 0.0948 -0.0418 0.2165, 0.14 -0.0568 0.2126, 0.14 -0.0568 0.2165, 0.1254 -0.0554 0.2165, 0.1254 -0.0554 0.2126, 0.1087 -0.0501 0.2165, 0.1087 -0.0501 0.2126, 0.1836 -0.021 0.2126, 0.1836 -0.021 0.2165, 0.1829 -0.0289 0.2165, 0.1829 -0.0289 0.2126, 0.1804 -0.0364 0.2165, 0.1804 -0.0364 0.2126, 0.1759 -0.0432 0.2165, 0.1759 -0.0432 0.2126, 0.1701 -0.0484 0.2165, 0.1701 -0.0484 0.2126, 0.1627 -0.0527 0.2165, 0.1627 -0.0527 0.2126, 0.1528 -0.0556 0.2165, 0.1528 -0.0556 0.2126, 0.1303 0.0153 0.2126, 0.1303 0.0153 0.2165, 0.149 0.0139 0.2165, 0.149 0.0139 0.2126, 0.1633 0.01 0.2165, 0.1633 0.01 0.2126, 0.1714 0.0054 0.2165, 0.1714 0.0054 0.2126, 0.1766 0.0005 0.2165, 0.1766 0.0005 0.2126, 0.1804 -0.0054 0.2165, 0.1804 -0.0054 0.2126, 0.1827 -0.0122 0.2165, 0.1827 -0.0122 0.2126, 0.114 0.0153 0.2126, 0.114 0.0153 0.2165, 0.114 0.0369 0.2126, 0.114 0.0369 0.2165, 0.1295 0.0369 0.2126, 0.1295 0.0369 0.2165, 0.1764 0.0706 0.2126, 0.1764 0.0706 0.2165, 0.1764 0.0696 0.2165, 0.1764 0.0696 0.2126, 0.1752 0.0607 0.2165, 0.1752 0.0607 0.2126, 0.173 0.0547 0.2165, 0.173 0.0547 0.2126, 0.1729 0.0546 0.2165, 0.1729 0.0546 0.2126, 0.1689 0.049 0.2165, 0.1689 0.049 0.2126, 0.1637 0.0446 0.2165, 0.1637 0.0446 0.2126, 0.1553 0.0405 0.2165, 0.1553 0.0405 0.2126, 0.1433 0.0377 0.2165, 0.1433 0.0377 0.2126, 0.1406 0.1017 0.2126, 0.1406 0.1017 0.2165, 0.1454 0.1015 0.2165, 0.1454 0.1015 0.2126, 0.1568 0.0996 0.2165, 0.1568 0.0996 0.2126, 0.1637 0.0966 0.2165, 0.1637 0.0966 0.2126, 0.1673 0.0941 0.2165, 0.1673 0.0941 0.2126, 0.1711 0.0899 0.2165, 0.1711 0.0899 0.2126, 0.1739 0.085 0.2165, 0.1739 0.085 0.2126, 0.1757 0.0787 0.2165, 0.1757 0.0787 0.2126, 0.102 0.0867 0.2126, 0.102 0.0867 0.2165, 0.113 0.0943 0.2165, 0.113 0.0943 0.2126, 0.1268 0.0999 0.2165, 0.1268 0.0999 0.2126, 0.102 0.1083 0.2126, 0.102 0.1083 0.2165, 0.1472 0.1233 0.2126, 0.1472 0.1233 0.2165, 0.1315 0.1218 0.2165, 0.1315 0.1218 0.2126, 0.1156 0.1166 0.2165, 0.1156 0.1166 0.2126, 0.2029 0.0767 0.2126, 0.2029 0.0767 0.2165, 0.2018 0.0871 0.2165, 0.2018 0.0871 0.2126, 0.1986 0.0963 0.2165, 0.1986 0.0963 0.2126, 0.1935 0.1043 0.2165, 0.1935 0.1043 0.2126, 0.1856 0.1119 0.2165, 0.1856 0.1119 0.2126, 0.1746 0.1183 0.2165, 0.1746 0.1183 0.2126, 0.1615 0.1221 0.2165, 0.1615 0.1221 0.2126, 0.1626 0.0277 0.2126, 0.1626 0.0277 0.2165, 0.1718 0.0307 0.2165, 0.1718 0.0307 0.2126, 0.1844 0.0375 0.2165, 0.1844 0.0375 0.2126, 0.1922 0.0446 0.2165, 0.1922 0.0446 0.2126, 0.1982 0.0539 0.2165, 0.1982 0.0539 0.2126, 0.2016 0.0642 0.2165, 0.2016 0.0642 0.2126, 0.1626 0.0272 0.2126, 0.1626 0.0272 0.2165, 0.2101 -0.0195 0.2126, 0.2101 -0.0195 0.2165, 0.2098 -0.0139 0.2165, 0.2098 -0.0139 0.2126, 0.2075 -0.0038 0.2165, 0.2075 -0.0038 0.2126, 0.2027 0.0057 0.2165, 0.2027 0.0057 0.2126, 0.1961 0.0134 0.2165, 0.1961 0.0134 0.2126, 0.1875 0.0196 0.2165, 0.1875 0.0196 0.2126, 0.1763 0.0245 0.2165, 0.1763 0.0245 0.2126, 0.14 -0.0784 0.2126, 0.14 -0.0784 0.2165, 0.1581 -0.0769 0.2165, 0.1581 -0.0769 0.2126, 0.1734 -0.0726 0.2165, 0.1734 -0.0726 0.2126, 0.1864 -0.0656 0.2165, 0.1864 -0.0656 0.2126, 0.1972 -0.056 0.2165, 0.1972 -0.056 0.2126, 0.2044 -0.0453 0.2165, 0.2044 -0.0453 0.2126, 0.2085 -0.0337 0.2165, 0.2085 -0.0337 0.2126, 0.1051 -0.073 0.2165, 0.1051 -0.073 0.2126, 0.1205 -0.0769 0.2165, 0.1205 -0.0769 0.2126, -0.0636 0.0186 0.2126, -0.0636 0.0186 0.2165, -0.0629 -0.0005 0.2165, -0.0629 -0.0005 0.2126, -0.0591 -0.0248 0.2165, -0.0591 -0.0248 0.2126, -0.0538 -0.0411 0.2165, -0.0538 -0.0411 0.2126, -0.0456 -0.0559 0.2165, -0.0456 -0.0559 0.2126, -0.0359 -0.0664 0.2165, -0.0359 -0.0664 0.2126, -0.0259 -0.0729 0.2165, -0.0259 -0.0729 0.2126, -0.0144 -0.0769 0.2165, -0.0144 -0.0769 0.2126, -0.0008 -0.0784 0.2165, -0.0008 -0.0784 0.2126, 0.0036 0.1233 0.2126, 0.0036 0.1233 0.2165, -0.0002 0.1232 0.2165, -0.0002 0.1232 0.2126, -0.0135 0.1212 0.2165, -0.0135 0.1212 0.2126, -0.0257 0.1164 0.2165, -0.0257 0.1164 0.2126, -0.0362 0.1088 0.2165, -0.0362 0.1088 0.2126, -0.0455 0.098 0.2165, -0.0455 0.098 0.2126, -0.0538 0.0821 0.2165, -0.0538 0.0821 0.2126, -0.0594 0.0636 0.2165, -0.0594 0.0636 0.2126, -0.0627 0.0406 0.2165, -0.0627 0.0406 0.2126, 0.066 0.0233 0.2126, 0.066 0.0233 0.2165, 0.0651 0.0458 0.2165, 0.0651 0.0458 0.2126, 0.0613 0.0708 0.2165, 0.0613 0.0708 0.2126, 0.0556 0.0884 0.2165, 0.0556 0.0884 0.2126, 0.0555 0.0887 0.2165, 0.0555 0.0887 0.2126, 0.0475 0.1026 0.2165, 0.0475 0.1026 0.2126, 0.0395 0.1112 0.2165, 0.0395 0.1112 0.2126, 0.0292 0.1179 0.2165, 0.0292 0.1179 0.2126, 0.0173 0.1219 0.2165, 0.0173 0.1219 0.2126, 0.0142 -0.0767 0.2165, 0.0142 -0.0767 0.2126, 0.0265 -0.0723 0.2165, 0.0265 -0.0723 0.2126, 0.0374 -0.0649 0.2165, 0.0374 -0.0649 0.2126, 0.0472 -0.0539 0.2165, 0.0472 -0.0539 0.2126, 0.0559 -0.0382 0.2165, 0.0559 -0.0382 0.2126, 0.0616 -0.0202 0.2165, 0.0616 -0.0202 0.2126, 0.0651 0.002 0.2165, 0.0651 0.002 0.2126, 0.0357 0.065 0.2126, 0.0308 0.0802 0.2126, 0.0258 0.0893 0.2126, 0.0198 0.0957 0.2126, 0.0146 0.099 0.2126, 0.0087 0.101 0.2126, 0.0023 0.1017 0.2126, -0.006 0.1007 0.2126, -0.0122 0.0983 0.2126, -0.0179 0.0943 0.2126, -0.0235 0.0879 0.2126, -0.0294 0.0766 0.2126, -0.0341 0.059 0.2126, -0.0369 0.0337 0.2126, -0.0372 0.0198 0.2126, -0.0363 -0.0017 0.2126, -0.0333 -0.0211 0.2126, -0.0284 -0.0357 0.2126, -0.0234 -0.0443 0.2126, -0.0177 -0.0503 0.2126, -0.0119 -0.0539 0.2126, -0.0048 -0.0562 0.2126, 0.0015 -0.0568 0.2126, 0.0094 -0.0558 0.2126, 0.0156 -0.0535 0.2126, 0.0212 -0.0495 0.2126, 0.0268 -0.0431 0.2126, 0.0323 -0.0323 0.2126, 0.0369 -0.0152 0.2126, 0.0394 0.0094 0.2126, 0.0396 0.0211 0.2126, 0.0387 0.0443 0.2126, -0.0372 0.0198 0.2165, -0.0369 0.0337 0.2165, -0.0341 0.059 0.2165, -0.0294 0.0766 0.2165, -0.0235 0.0879 0.2165, -0.0179 0.0943 0.2165, -0.0122 0.0983 0.2165, -0.006 0.1007 0.2165, 0.0023 0.1017 0.2165, 0.0087 0.101 0.2165, 0.0146 0.099 0.2165, 0.0198 0.0957 0.2165, 0.0258 0.0893 0.2165, 0.0308 0.0802 0.2165, 0.0357 0.065 0.2165, 0.0387 0.0443 0.2165, 0.0396 0.0211 0.2165, 0.0394 0.0094 0.2165, 0.0369 -0.0152 0.2165, 0.0323 -0.0323 0.2165, 0.0268 -0.0431 0.2165, 0.0212 -0.0495 0.2165, 0.0156 -0.0535 0.2165, 0.0094 -0.0558 0.2165, 0.0015 -0.0568 0.2165, -0.0048 -0.0562 0.2165, -0.0119 -0.0539 0.2165, -0.0177 -0.0503 0.2165, -0.0234 -0.0443 0.2165, -0.0284 -0.0357 0.2165, -0.0333 -0.0211 0.2165, -0.0363 -0.0017 0.2165
            ]
        }
        coordIndex [
            0,1,2,-1,2,1,3,-1,1,4,3,-1,3,4,5,-1,4,6,5,-1,5,6,7,-1,6,8,7,-1,7,8,9,-1,8,10,9,-1,9,10,11,-1,10,12,11,-1,11,12,13,-1,12,14,13,-1,13,14,15,-1,14,16,15,-1,15,16,17,-1,16,18,17,-1,17,18,19,-1,18,0,19,-1,19,0,2,-1,8,6,4,-1,1,0,18,-1,14,12,16,-1,16,12,10,-1,16,10,18,-1,18,10,8,-1,18,8,1,-1,1,8,4,-1,20,21,22,-1,22,21,23,-1,24,25,26,-1,24,26,27,-1,27,26,28,-1,27,28,29,-1,29,28,23,-1,29,23,21,-1,30,31,32,-1,30,32,33,-1,33,32,34,-1,33,34,35,-1,35,34,36,-1,35,36,37,-1,37,36,38,-1,37,38,39,-1,39,38,40,-1,39,40,41,-1,41,40,42,-1,41,42,43,-1,43,42,25,-1,43,25,24,-1,44,45,46,-1,44,46,47,-1,47,46,48,-1,47,48,49,-1,49,48,50,-1,49,50,51,-1,51,50,52,-1,51,52,53,-1,53,52,54,-1,53,54,55,-1,55,54,56,-1,55,56,57,-1,57,56,31,-1,57,31,30,-1,44,58,45,-1,45,58,59,-1,58,60,59,-1,59,60,61,-1,60,62,61,-1,61,62,63,-1,64,65,66,-1,64,66,67,-1,67,66,68,-1,67,68,69,-1,69,68,70,-1,69,70,71,-1,71,70,72,-1,71,72,73,-1,73,72,74,-1,73,74,75,-1,75,74,76,-1,75,76,77,-1,77,76,78,-1,77,78,79,-1,79,78,80,-1,79,80,81,-1,81,80,63,-1,81,63,62,-1,82,83,84,-1,82,84,85,-1,85,84,86,-1,85,86,87,-1,87,86,88,-1,87,88,89,-1,89,88,90,-1,89,90,91,-1,91,90,92,-1,91,92,93,-1,93,92,94,-1,93,94,95,-1,95,94,96,-1,95,96,97,-1,97,96,65,-1,97,65,64,-1,98,99,100,-1,98,100,101,-1,101,100,102,-1,101,102,103,-1,103,102,83,-1,103,83,82,-1,98,104,99,-1,99,104,105,-1,106,107,108,-1,106,108,109,-1,109,108,110,-1,109,110,111,-1,111,110,105,-1,111,105,104,-1,112,113,114,-1,112,114,115,-1,115,114,116,-1,115,116,117,-1,117,116,118,-1,117,118,119,-1,119,118,120,-1,119,120,121,-1,121,120,122,-1,121,122,123,-1,123,122,124,-1,123,124,125,-1,125,124,107,-1,125,107,106,-1,126,127,128,-1,126,128,129,-1,129,128,130,-1,129,130,131,-1,131,130,132,-1,131,132,133,-1,133,132,134,-1,133,134,135,-1,135,134,136,-1,135,136,137,-1,137,136,113,-1,137,113,112,-1,126,138,127,-1,127,138,139,-1,140,141,142,-1,140,142,143,-1,143,142,144,-1,143,144,145,-1,145,144,146,-1,145,146,147,-1,147,146,148,-1,147,148,149,-1,149,148,150,-1,149,150,151,-1,151,150,152,-1,151,152,153,-1,153,152,139,-1,153,139,138,-1,154,155,156,-1,154,156,157,-1,157,156,158,-1,157,158,159,-1,159,158,160,-1,159,160,161,-1,161,160,162,-1,161,162,163,-1,163,162,164,-1,163,164,165,-1,165,164,166,-1,165,166,167,-1,167,166,141,-1,167,141,140,-1,20,22,168,-1,20,168,169,-1,169,168,170,-1,169,170,171,-1,171,170,155,-1,171,155,154,-1,60,58,62,-1,62,58,44,-1,62,44,81,-1,81,44,47,-1,126,129,77,-1,77,129,75,-1,75,129,131,-1,75,131,73,-1,73,131,133,-1,73,133,71,-1,77,79,126,-1,126,79,81,-1,126,81,138,-1,138,81,47,-1,138,47,153,-1,153,47,49,-1,153,49,151,-1,151,49,51,-1,151,51,149,-1,149,51,53,-1,149,53,147,-1,147,53,55,-1,147,55,145,-1,145,55,57,-1,145,57,143,-1,143,57,30,-1,21,20,29,-1,29,20,169,-1,29,169,27,-1,27,169,171,-1,27,171,24,-1,24,171,154,-1,24,154,43,-1,43,154,157,-1,43,157,41,-1,41,157,159,-1,41,159,39,-1,39,159,161,-1,39,161,37,-1,37,161,163,-1,37,163,35,-1,35,163,165,-1,35,165,33,-1,33,165,167,-1,33,167,30,-1,30,167,140,-1,30,140,143,-1,71,133,69,-1,69,133,135,-1,69,135,67,-1,67,135,137,-1,67,137,64,-1,64,137,112,-1,64,112,97,-1,97,112,115,-1,97,115,95,-1,95,115,117,-1,95,117,93,-1,93,117,119,-1,93,119,91,-1,91,119,121,-1,91,121,89,-1,89,121,123,-1,89,123,87,-1,87,123,125,-1,87,125,85,-1,85,125,106,-1,85,106,82,-1,82,106,109,-1,82,109,103,-1,103,109,111,-1,103,111,101,-1,101,111,104,-1,101,104,98,-1,172,173,174,-1,172,174,175,-1,175,174,176,-1,175,176,177,-1,177,176,178,-1,177,178,179,-1,179,178,180,-1,179,180,181,-1,181,180,182,-1,181,182,183,-1,183,182,184,-1,183,184,185,-1,185,184,186,-1,185,186,187,-1,187,186,188,-1,187,188,189,-1,190,191,192,-1,190,192,193,-1,193,192,194,-1,193,194,195,-1,195,194,196,-1,195,196,197,-1,197,196,198,-1,197,198,199,-1,199,198,200,-1,199,200,201,-1,201,200,202,-1,201,202,203,-1,203,202,204,-1,203,204,205,-1,205,204,206,-1,205,206,207,-1,207,206,173,-1,207,173,172,-1,208,209,210,-1,208,210,211,-1,211,210,212,-1,211,212,213,-1,213,212,214,-1,213,214,215,-1,215,214,216,-1,215,216,217,-1,217,216,218,-1,217,218,219,-1,219,218,220,-1,219,220,221,-1,221,220,222,-1,221,222,223,-1,223,222,224,-1,223,224,225,-1,225,224,191,-1,225,191,190,-1,189,188,226,-1,189,226,227,-1,227,226,228,-1,227,228,229,-1,229,228,230,-1,229,230,231,-1,231,230,232,-1,231,232,233,-1,233,232,234,-1,233,234,235,-1,235,234,236,-1,235,236,237,-1,237,236,238,-1,237,238,239,-1,239,238,209,-1,239,209,208,-1,240,215,241,-1,241,215,217,-1,241,217,242,-1,242,217,219,-1,242,219,243,-1,243,219,221,-1,243,221,244,-1,244,221,223,-1,244,223,245,-1,245,223,225,-1,245,225,246,-1,225,190,246,-1,246,190,193,-1,246,193,247,-1,247,193,195,-1,247,195,248,-1,248,195,197,-1,248,197,249,-1,249,197,199,-1,249,199,250,-1,250,199,201,-1,250,201,251,-1,251,201,203,-1,251,203,252,-1,252,203,205,-1,252,205,253,-1,253,205,207,-1,253,207,254,-1,254,207,172,-1,254,172,255,-1,255,172,175,-1,255,175,256,-1,256,175,177,-1,256,177,257,-1,257,177,179,-1,257,179,258,-1,258,179,181,-1,258,181,259,-1,259,181,183,-1,259,183,260,-1,260,183,185,-1,260,185,261,-1,261,185,187,-1,261,187,262,-1,262,187,189,-1,262,189,263,-1,263,189,227,-1,263,227,264,-1,264,227,229,-1,264,229,265,-1,265,229,231,-1,265,231,266,-1,266,231,233,-1,266,233,267,-1,267,233,235,-1,267,235,268,-1,268,235,237,-1,268,237,269,-1,269,237,239,-1,269,239,270,-1,270,239,208,-1,270,208,271,-1,271,208,211,-1,271,211,240,-1,240,211,213,-1,240,213,215,-1,254,272,273,-1,254,273,253,-1,253,273,274,-1,253,274,252,-1,252,274,275,-1,252,275,251,-1,251,275,276,-1,251,276,250,-1,250,276,277,-1,250,277,249,-1,249,277,278,-1,249,278,248,-1,248,278,279,-1,248,279,247,-1,247,279,280,-1,247,280,246,-1,246,280,281,-1,246,281,245,-1,245,281,282,-1,245,282,244,-1,244,282,283,-1,244,283,243,-1,243,283,284,-1,243,284,242,-1,242,284,285,-1,242,285,241,-1,241,285,286,-1,241,286,240,-1,240,286,287,-1,240,287,271,-1,271,287,288,-1,271,288,270,-1,270,288,289,-1,270,289,269,-1,269,289,290,-1,269,290,268,-1,268,290,291,-1,268,291,267,-1,267,291,292,-1,267,292,266,-1,266,292,293,-1,266,293,265,-1,265,293,294,-1,265,294,264,-1,264,294,295,-1,264,295,263,-1,263,295,296,-1,263,296,262,-1,262,296,297,-1,262,297,261,-1,261,297,298,-1,261,298,260,-1,260,298,299,-1,260,299,259,-1,259,299,300,-1,259,300,258,-1,258,300,301,-1,258,301,257,-1,257,301,302,-1,257,302,256,-1,256,302,303,-1,256,303,255,-1,255,303,272,-1,255,272,254,-1,
        ]
    }
}
Shape{
    appearance Appearance {
        material  Material 	{
            diffuseColor 0.2235294117647059 0.2235294117647059 0.2235294117647059
            specularColor 0.11372549019607843 0.11372549019607843 0.11372549019607843
            ambientIntensity 0.2235
            transparency 0.0
            shininess 0.5
        }
    }
    geometry IndexedFaceSet {
        ccw TRUE
        solid FALSE
        coord DEF co Coordinate {
            point [
                0.0323 -0.0323 0.2165, 0.0369 -0.0152 0.2165, 0.0015 -0.0568 0.2165, -0.0333 -0.0211 0.2165, -0.0363 -0.0017 0.2165, 0.0394 0.0094 0.2165, -0.0372 0.0198 0.2165, 0.0396 0.0211 0.2165, -0.0369 0.0337 0.2165, 0.0387 0.0443 0.2165, -0.0341 0.059 0.2165, 0.0094 -0.0558 0.2165, 0.0156 -0.0535 0.2165, -0.0284 -0.0357 0.2165, -0.0234 -0.0443 0.2165, -0.0177 -0.0503 0.2165, 0.0212 -0.0495 0.2165, 0.0268 -0.0431 0.2165, 0.0198 0.0957 0.2165, 0.0146 0.099 0.2165, -0.0294 0.0766 0.2165, 0.0087 0.101 0.2165, 0.0023 0.1017 0.2165, -0.006 0.1007 0.2165, -0.0122 0.0983 0.2165, -0.0119 -0.0539 0.2165, -0.0048 -0.0562 0.2165, 0.0357 0.065 0.2165, 0.0308 0.0802 0.2165, 0.0258 0.0893 0.2165, -0.0179 0.0943 0.2165, -0.0235 0.0879 0.2165
            ]
        }
        coordIndex [
            0,1,2,-1,3,1,4,-1,4,1,5,-1,4,5,6,-1,6,5,7,-1,6,7,8,-1,8,7,9,-1,8,9,10,-1,2,11,12,-1,3,13,1,-1,1,13,14,-1,1,14,15,-1,12,16,2,-1,2,16,17,-1,2,17,0,-1,18,19,20,-1,20,19,21,-1,20,21,22,-1,22,23,24,-1,15,25,1,-1,1,25,26,-1,1,26,2,-1,9,27,10,-1,10,27,28,-1,10,28,20,-1,20,28,29,-1,20,29,18,-1,24,30,22,-1,22,30,31,-1,22,31,20,-1,
        ]
    }
}
Shape{
    appearance Appearance {
        material  Material 	{
            diffuseColor 1.0 1.0 1.0
            specularColor 0.5019607843137255 0.5019607843137255 0.5019607843137255
            ambientIntensity 1.0
            transparency 0.0
            shininess 0.5
        }
    }
    geometry IndexedFaceSet {
        ccw TRUE
        solid FALSE
        coord DEF co Coordinate {
            point [
                -0.4282 -0.3007 0.0197, -0.4301 -0.315 0.0197, -0.6299 -0.315 0.0197, -0.0391 -0.0153 0.0197, -0.0306 0.0142 0.0197, -0.0343 -0.0147 0.0197, -0.0299 0.0138 0.0197, -0.0299 -0.0128 0.0197, -0.0261 -0.0194 0.0197, -0.0299 -0.0181 0.0197, -0.6299 0.0551 0.0197, -0.4227 0.2874 0.0197, -0.414 0.276 0.0197, -0.3607 0.2617 0.0197, -0.3474 0.2672 0.0197, -0.5822 0.0276 0.0197, -0.336 0.276 0.0197, -0.5767 0.0143 0.0197, -0.0827 0.0202 0.0197, -0.5748 0.0 0.0197, -0.0827 -0.0192 0.0197, -0.5767 -0.0143 0.0197, -0.4282 0.3007 0.0197, -0.6299 0.315 0.0197, -0.4301 0.315 0.0197, -0.043 -0.0149 0.0197, -0.0459 -0.0139 0.0197, -0.0487 -0.012 0.0197, -0.0511 -0.0093 0.0197, -0.0527 -0.0063 0.0197, -0.0537 -0.002 0.0197, -0.0539 0.0009 0.0197, -0.0535 0.0052 0.0197, -0.0524 0.0086 0.0197, -0.04 0.0163 0.0197, -0.049 0.0132 0.0197, -0.0437 0.0159 0.0197, -0.0465 0.0149 0.0197, -0.0508 0.0113 0.0197, -0.0348 0.0158 0.0197, -0.0774 -0.0192 0.0197, -0.0774 0.0159 0.0197, -0.0625 0.0159 0.0197, -0.0548 -0.0126 0.0197, -0.0513 -0.0159 0.0197, -0.0476 -0.018 0.0197, -0.0526 0.0168 0.0197, -0.0494 0.0188 0.0197, -0.0456 0.0202 0.0197, -0.0555 0.0138 0.0197, -0.0576 0.0101 0.0197, -0.0588 0.0058 0.0197, -0.0433 -0.0193 0.0197, -0.0419 -0.0194 0.0197, -0.5788 -0.0194 0.0197, -0.0592 0.0012 0.0197, -0.0586 -0.0044 0.0197, -0.0571 -0.0088 0.0197, -0.0299 0.0181 0.0197, -0.0341 0.0199 0.0197, -0.0261 0.315 0.0197, -0.0397 0.0206 0.0197, -0.0974 0.2672 0.0197, -0.086 0.276 0.0197, -0.0625 0.0202 0.0197, -0.0773 0.2874 0.0197, -0.0718 0.3007 0.0197, -0.0699 0.315 0.0197, -0.5909 0.039 0.0197, -0.6024 0.0477 0.0197, -0.6157 0.0532 0.0197, -0.0407 0.0207 0.0197, -0.4026 0.2672 0.0197, -0.3893 0.2617 0.0197, -0.375 0.2598 0.0197, -0.3199 0.315 0.0197, -0.1801 0.315 0.0197, -0.3218 0.3007 0.0197, -0.1782 0.3007 0.0197, -0.3273 0.2874 0.0197, -0.1526 0.2672 0.0197, -0.164 0.276 0.0197, -0.1727 0.2874 0.0197, -0.1393 0.2617 0.0197, -0.125 0.2598 0.0197, -0.1107 0.2617 0.0197, -0.336 -0.276 0.0197, -0.3474 -0.2672 0.0197, -0.1727 -0.2874 0.0197, -0.0773 -0.2874 0.0197, -0.086 -0.276 0.0197, -0.0974 -0.2672 0.0197, -0.164 -0.276 0.0197, -0.1107 -0.2617 0.0197, -0.4227 -0.2874 0.0197, -0.6299 -0.0551 0.0197, -0.414 -0.276 0.0197, -0.0718 -0.3007 0.0197, -0.0261 -0.315 0.0197, -0.0699 -0.315 0.0197, -0.0392 -0.0197 0.0197, -0.0357 -0.0194 0.0197, -0.0344 -0.0193 0.0197, -0.125 -0.2598 0.0197, -0.1393 -0.2617 0.0197, -0.1526 -0.2672 0.0197, -0.5909 -0.039 0.0197, -0.5822 -0.0276 0.0197, -0.375 -0.2598 0.0197, -0.3607 -0.2617 0.0197, -0.1801 -0.315 0.0197, -0.3199 -0.315 0.0197, -0.1782 -0.3007 0.0197, -0.3218 -0.3007 0.0197, -0.3273 -0.2874 0.0197, -0.3893 -0.2617 0.0197, -0.4026 -0.2672 0.0197, -0.6024 -0.0477 0.0197, -0.6157 -0.0532 0.0197, 0.0718 -0.3007 0.0197, 0.0699 -0.315 0.0197, 0.6157 -0.0532 0.0197, 0.6299 -0.0551 0.0197, 0.6299 -0.315 0.0197, 0.3199 -0.315 0.0197, 0.1801 -0.315 0.0197, 0.3218 -0.3007 0.0197, 0.1782 -0.3007 0.0197, 0.3273 -0.2874 0.0197, 0.1727 -0.2874 0.0197, 0.164 -0.276 0.0197, 0.6024 -0.0477 0.0197, 0.4301 -0.315 0.0197, 0.4282 -0.3007 0.0197, 0.0974 -0.2672 0.0197, 0.086 -0.276 0.0197, 0.0773 -0.2874 0.0197, 0.375 -0.2598 0.0197, 0.3607 -0.2617 0.0197, 0.5822 -0.0276 0.0197, 0.125 -0.2598 0.0197, 0.1107 -0.2617 0.0197, 0.4227 -0.2874 0.0197, 0.414 -0.276 0.0197, 0.5909 -0.039 0.0197, 0.4026 -0.2672 0.0197, 0.3893 -0.2617 0.0197, 0.1526 -0.2672 0.0197, 0.1393 -0.2617 0.0197, 0.336 -0.276 0.0197, 0.3474 -0.2672 0.0197, -0.002 -0.0149 0.0197, -0.0169 -0.0149 0.0197, -0.0169 -0.0019 0.0197, -0.003 -0.0019 0.0197, -0.003 0.0024 0.0197, 0.0066 0.0202 0.0197, -0.0222 0.0202 0.0197, -0.0222 -0.0192 0.0197, -0.002 -0.0192 0.0197, 0.056 -0.0192 0.0197, 0.028 -0.017 0.0197, 0.0319 -0.0144 0.0197, 0.0412 0.0202 0.0197, 0.0268 0.0184 0.0197, 0.0223 0.0197 0.0197, 0.0709 0.0202 0.0197, 0.0669 0.0091 0.0197, 0.0507 0.0091 0.0197, 0.0699 0.315 0.0197, 0.0718 0.3007 0.0197, 0.0363 0.0094 0.0197, 0.0341 0.0128 0.0197, 0.0309 0.016 0.0197, 0.4026 0.2672 0.0197, 0.414 0.276 0.0197, 0.6299 0.315 0.0197, 0.4227 0.2874 0.0197, 0.4282 0.3007 0.0197, 0.4301 0.315 0.0197, 0.0173 0.0202 0.0197, 0.3199 0.315 0.0197, 0.0613 -0.0192 0.0197, 0.6157 0.0532 0.0197, 0.6024 0.0477 0.0197, 0.6299 0.0551 0.0197, 0.0767 0.0202 0.0197, 0.3893 0.2617 0.0197, 0.0334 -0.013 0.0197, 0.0358 -0.0099 0.0197, 0.0374 -0.0061 0.0197, 0.164 0.276 0.0197, 0.1727 0.2874 0.0197, 0.1782 0.3007 0.0197, 0.1801 0.315 0.0197, 0.5909 0.039 0.0197, 0.5822 0.0276 0.0197, 0.5767 0.0143 0.0197, 0.5748 0.0 0.0197, 0.5767 -0.0143 0.0197, 0.5788 -0.0194 0.0197, 0.0469 0.0202 0.0197, 0.3218 0.3007 0.0197, 0.3273 0.2874 0.0197, 0.0773 0.2874 0.0197, 0.086 0.276 0.0197, 0.0974 0.2672 0.0197, -0.0011 0.0202 0.0197, 0.1107 0.2617 0.0197, 0.125 0.2598 0.0197, 0.1393 0.2617 0.0197, 0.1526 0.2672 0.0197, 0.336 0.276 0.0197, 0.3474 0.2672 0.0197, 0.3607 0.2617 0.0197, 0.375 0.2598 0.0197, -0.0169 0.0024 0.0197, -0.0169 0.0159 0.0197, -0.0011 0.0159 0.0197, 0.0382 -0.0019 0.0197, 0.0383 0.0 0.0197, 0.0377 0.0053 0.0197, 0.0066 -0.0192 0.0197, 0.0177 -0.0192 0.0197, 0.0234 -0.0186 0.0197, -0.6299 0.0551 0.1772, -0.6299 0.315 0.1772, -0.6157 0.0532 0.1772, -0.6024 0.0477 0.1772, -0.5909 0.039 0.1772, -0.5822 0.0276 0.1772, -0.5767 0.0143 0.1772, -0.5748 0.0 0.1772, -0.5767 -0.0143 0.1772, -0.5822 -0.0276 0.1772, -0.5909 -0.039 0.1772, -0.6024 -0.0477 0.1772, -0.6157 -0.0532 0.1772, -0.6299 -0.0551 0.1772, -0.6299 -0.315 0.1772, -0.4301 -0.315 0.1772, -0.4282 -0.3007 0.1772, -0.4227 -0.2874 0.1772, -0.414 -0.276 0.1772, -0.4026 -0.2672 0.1772, -0.3893 -0.2617 0.1772, -0.375 -0.2598 0.1772, -0.3607 -0.2617 0.1772, -0.3474 -0.2672 0.1772, -0.336 -0.276 0.1772, -0.3273 -0.2874 0.1772, -0.3218 -0.3007 0.1772, -0.3199 -0.315 0.1772, -0.1801 -0.315 0.1772, -0.1782 -0.3007 0.1772, -0.1727 -0.2874 0.1772, -0.164 -0.276 0.1772, -0.1526 -0.2672 0.1772, -0.1393 -0.2617 0.1772, -0.125 -0.2598 0.1772, -0.1107 -0.2617 0.1772, -0.0974 -0.2672 0.1772, -0.086 -0.276 0.1772, -0.0773 -0.2874 0.1772, -0.0718 -0.3007 0.1772, -0.0699 -0.315 0.1772, 0.0699 -0.315 0.1772, 0.0718 -0.3007 0.1772, 0.0773 -0.2874 0.1772, 0.086 -0.276 0.1772, 0.0974 -0.2672 0.1772, 0.1107 -0.2617 0.1772, 0.125 -0.2598 0.1772, 0.1393 -0.2617 0.1772, 0.1526 -0.2672 0.1772, 0.164 -0.276 0.1772, 0.1727 -0.2874 0.1772, 0.1782 -0.3007 0.1772, 0.1801 -0.315 0.1772, 0.3199 -0.315 0.1772, 0.3218 -0.3007 0.1772, 0.3273 -0.2874 0.1772, 0.336 -0.276 0.1772, 0.3474 -0.2672 0.1772, 0.3607 -0.2617 0.1772, 0.375 -0.2598 0.1772, 0.3893 -0.2617 0.1772, 0.4026 -0.2672 0.1772, 0.414 -0.276 0.1772, 0.4227 -0.2874 0.1772, 0.4282 -0.3007 0.1772, 0.4301 -0.315 0.1772, 0.6299 -0.315 0.1772, 0.6299 -0.0551 0.1772, 0.6157 -0.0532 0.1772, 0.6024 -0.0477 0.1772, 0.5909 -0.039 0.1772, 0.5822 -0.0276 0.1772, 0.5767 -0.0143 0.1772, 0.5748 -0.0 0.1772, 0.5767 0.0143 0.1772, 0.5822 0.0276 0.1772, 0.5909 0.039 0.1772, 0.6024 0.0477 0.1772, 0.6157 0.0532 0.1772, 0.6299 0.0551 0.1772, 0.6299 0.315 0.1772, 0.4301 0.315 0.1772, 0.4282 0.3007 0.1772, 0.4227 0.2874 0.1772, 0.414 0.276 0.1772, 0.4026 0.2672 0.1772, 0.3893 0.2617 0.1772, 0.375 0.2598 0.1772, 0.3607 0.2617 0.1772, 0.3474 0.2672 0.1772, 0.336 0.276 0.1772, 0.3273 0.2874 0.1772, 0.3218 0.3007 0.1772, 0.3199 0.315 0.1772, 0.1801 0.315 0.1772, 0.1782 0.3007 0.1772, 0.1727 0.2874 0.1772, 0.164 0.276 0.1772, 0.1526 0.2672 0.1772, 0.1393 0.2617 0.1772, 0.125 0.2598 0.1772, 0.1107 0.2617 0.1772, 0.0974 0.2672 0.1772, 0.086 0.276 0.1772, 0.0773 0.2874 0.1772, 0.0718 0.3007 0.1772, 0.0699 0.315 0.1772, -0.0699 0.315 0.1772, -0.0718 0.3007 0.1772, -0.0773 0.2874 0.1772, -0.086 0.276 0.1772, -0.0974 0.2672 0.1772, -0.1107 0.2617 0.1772, -0.125 0.2598 0.1772, -0.1393 0.2617 0.1772, -0.1526 0.2672 0.1772, -0.164 0.276 0.1772, -0.1727 0.2874 0.1772, -0.1782 0.3007 0.1772, -0.1801 0.315 0.1772, -0.3199 0.315 0.1772, -0.3218 0.3007 0.1772, -0.3273 0.2874 0.1772, -0.336 0.276 0.1772, -0.3474 0.2672 0.1772, -0.3607 0.2617 0.1772, -0.375 0.2598 0.1772, -0.3893 0.2617 0.1772, -0.4026 0.2672 0.1772, -0.414 0.276 0.1772, -0.4227 0.2874 0.1772, -0.4282 0.3007 0.1772, -0.4301 0.315 0.1772
            ]
        }
        coordIndex [
            0,1,2,-1,3,4,5,-1,5,4,6,-1,5,6,7,-1,7,6,8,-1,7,8,9,-1,10,11,12,-1,13,14,15,-1,15,14,16,-1,15,16,17,-1,17,16,18,-1,17,18,19,-1,19,18,20,-1,19,20,21,-1,11,10,22,-1,22,10,23,-1,22,23,24,-1,3,25,4,-1,4,25,26,-1,4,26,27,-1,27,28,4,-1,4,28,29,-1,4,29,30,-1,30,31,4,-1,4,31,32,-1,4,32,33,-1,34,35,36,-1,36,35,37,-1,33,38,4,-1,4,38,35,-1,4,35,39,-1,39,35,34,-1,40,41,42,-1,43,44,40,-1,40,44,45,-1,46,42,47,-1,47,42,48,-1,46,49,42,-1,42,49,50,-1,42,50,51,-1,45,52,40,-1,40,52,53,-1,40,53,20,-1,20,53,54,-1,20,54,21,-1,51,55,42,-1,42,55,56,-1,42,56,40,-1,40,56,57,-1,40,57,43,-1,58,59,60,-1,60,59,61,-1,62,63,64,-1,64,63,65,-1,64,65,60,-1,60,65,66,-1,60,66,67,-1,68,69,12,-1,12,69,70,-1,12,70,10,-1,42,64,48,-1,48,64,60,-1,48,60,71,-1,71,60,61,-1,12,72,68,-1,68,72,73,-1,68,73,15,-1,15,73,74,-1,15,74,13,-1,75,76,77,-1,77,76,78,-1,77,78,79,-1,79,78,16,-1,80,18,81,-1,81,18,16,-1,81,16,82,-1,82,16,78,-1,80,83,18,-1,18,83,84,-1,18,84,64,-1,64,84,85,-1,64,85,62,-1,86,87,88,-1,89,90,8,-1,8,90,91,-1,88,87,92,-1,91,93,53,-1,0,2,94,-1,94,2,95,-1,94,95,96,-1,89,8,97,-1,97,8,98,-1,97,98,99,-1,53,100,91,-1,91,100,101,-1,91,101,8,-1,8,101,102,-1,8,102,9,-1,93,103,53,-1,53,103,104,-1,53,104,105,-1,106,107,108,-1,108,107,54,-1,108,54,109,-1,109,54,53,-1,109,53,87,-1,87,53,105,-1,87,105,92,-1,110,111,112,-1,112,111,113,-1,112,113,88,-1,88,113,114,-1,88,114,86,-1,108,115,106,-1,106,115,116,-1,106,116,117,-1,117,116,96,-1,117,96,118,-1,118,96,95,-1,119,120,98,-1,121,122,123,-1,124,125,126,-1,126,125,127,-1,126,127,128,-1,128,127,129,-1,128,129,130,-1,121,123,131,-1,131,123,132,-1,131,132,133,-1,134,135,98,-1,98,135,136,-1,98,136,119,-1,137,138,139,-1,139,138,140,-1,139,140,141,-1,133,142,131,-1,131,142,143,-1,131,143,144,-1,144,143,145,-1,144,145,139,-1,139,145,146,-1,139,146,137,-1,130,147,128,-1,128,147,148,-1,128,148,149,-1,149,148,140,-1,149,140,150,-1,150,140,138,-1,151,152,153,-1,154,155,156,-1,157,158,8,-1,8,158,159,-1,160,161,162,-1,163,164,165,-1,166,167,168,-1,60,169,170,-1,171,172,163,-1,163,172,173,-1,163,173,164,-1,174,175,176,-1,175,177,176,-1,176,177,178,-1,176,178,179,-1,180,156,181,-1,182,183,184,-1,185,183,176,-1,176,183,182,-1,176,182,174,-1,174,182,186,-1,174,186,187,-1,162,188,160,-1,160,188,189,-1,160,189,190,-1,191,192,181,-1,181,192,193,-1,181,193,194,-1,184,195,182,-1,182,195,196,-1,182,196,197,-1,197,198,182,-1,182,198,199,-1,182,199,200,-1,165,180,163,-1,163,180,181,-1,163,181,201,-1,201,181,202,-1,201,202,203,-1,204,205,157,-1,157,205,206,-1,157,206,207,-1,207,206,208,-1,208,209,207,-1,207,209,210,-1,207,210,211,-1,168,201,166,-1,166,201,203,-1,166,203,186,-1,186,203,212,-1,186,212,213,-1,213,214,186,-1,186,214,215,-1,186,215,187,-1,6,58,8,-1,8,58,60,-1,8,60,157,-1,157,60,170,-1,157,170,204,-1,216,217,155,-1,155,217,218,-1,155,218,156,-1,156,218,207,-1,156,207,181,-1,181,207,211,-1,181,211,191,-1,190,219,160,-1,160,219,220,-1,160,220,163,-1,163,220,221,-1,163,221,171,-1,153,154,151,-1,151,154,156,-1,151,156,159,-1,159,156,222,-1,159,222,8,-1,8,222,223,-1,8,223,160,-1,160,223,224,-1,160,224,161,-1,141,134,139,-1,139,134,98,-1,139,98,200,-1,200,98,8,-1,200,8,182,-1,182,8,160,-1,225,226,10,-1,10,226,23,-1,225,10,227,-1,227,10,70,-1,227,70,228,-1,228,70,69,-1,228,69,229,-1,229,69,68,-1,229,68,230,-1,230,68,15,-1,230,15,231,-1,231,15,17,-1,231,17,232,-1,232,17,19,-1,232,19,233,-1,19,21,233,-1,233,21,54,-1,233,54,234,-1,234,54,107,-1,234,107,235,-1,235,107,106,-1,235,106,236,-1,236,106,117,-1,236,117,237,-1,237,117,118,-1,237,118,238,-1,238,118,95,-1,239,238,2,-1,2,238,95,-1,240,239,1,-1,1,239,2,-1,240,1,241,-1,241,1,0,-1,241,0,242,-1,242,0,94,-1,242,94,243,-1,243,94,96,-1,243,96,244,-1,244,96,116,-1,244,116,245,-1,245,116,115,-1,245,115,246,-1,246,115,108,-1,246,108,247,-1,247,108,109,-1,247,109,248,-1,248,109,87,-1,248,87,249,-1,249,87,86,-1,249,86,250,-1,250,86,114,-1,250,114,251,-1,251,114,113,-1,251,113,252,-1,252,113,111,-1,253,252,110,-1,110,252,111,-1,253,110,254,-1,254,110,112,-1,254,112,255,-1,255,112,88,-1,255,88,256,-1,256,88,92,-1,256,92,257,-1,257,92,105,-1,257,105,258,-1,258,105,104,-1,258,104,259,-1,259,104,103,-1,259,103,260,-1,260,103,93,-1,260,93,261,-1,261,93,91,-1,261,91,262,-1,262,91,90,-1,262,90,263,-1,263,90,89,-1,263,89,264,-1,264,89,97,-1,264,97,265,-1,265,97,99,-1,120,266,98,-1,98,266,265,-1,98,265,99,-1,266,120,267,-1,267,120,119,-1,267,119,268,-1,268,119,136,-1,268,136,269,-1,269,136,135,-1,269,135,270,-1,270,135,134,-1,270,134,271,-1,271,134,141,-1,271,141,272,-1,272,141,140,-1,272,140,273,-1,273,140,148,-1,273,148,274,-1,274,148,147,-1,274,147,275,-1,275,147,130,-1,275,130,276,-1,276,130,129,-1,276,129,277,-1,277,129,127,-1,277,127,278,-1,278,127,125,-1,279,278,124,-1,124,278,125,-1,279,124,280,-1,280,124,126,-1,280,126,281,-1,281,126,128,-1,281,128,282,-1,282,128,149,-1,282,149,283,-1,283,149,150,-1,283,150,284,-1,284,150,138,-1,284,138,285,-1,285,138,137,-1,285,137,286,-1,286,137,146,-1,286,146,287,-1,287,146,145,-1,287,145,288,-1,288,145,143,-1,288,143,289,-1,289,143,142,-1,289,142,290,-1,290,142,133,-1,290,133,291,-1,291,133,132,-1,292,291,123,-1,123,291,132,-1,293,292,122,-1,122,292,123,-1,293,122,294,-1,294,122,121,-1,294,121,295,-1,295,121,131,-1,295,131,296,-1,296,131,144,-1,296,144,297,-1,144,139,297,-1,297,139,200,-1,297,200,298,-1,298,200,199,-1,298,199,299,-1,299,199,198,-1,299,198,300,-1,300,198,197,-1,300,197,301,-1,301,197,196,-1,301,196,302,-1,302,196,195,-1,302,195,303,-1,303,195,184,-1,303,184,304,-1,304,184,183,-1,304,183,305,-1,305,183,185,-1,306,305,176,-1,176,305,185,-1,307,306,179,-1,179,306,176,-1,307,179,308,-1,308,179,178,-1,308,178,309,-1,309,178,177,-1,309,177,310,-1,310,177,175,-1,310,175,311,-1,311,175,174,-1,311,174,312,-1,312,174,187,-1,312,187,313,-1,313,187,215,-1,313,215,314,-1,314,215,214,-1,314,214,315,-1,315,214,213,-1,315,213,316,-1,316,213,212,-1,316,212,317,-1,317,212,203,-1,317,203,318,-1,318,203,202,-1,318,202,319,-1,319,202,181,-1,320,319,194,-1,194,319,181,-1,320,194,321,-1,321,194,193,-1,321,193,322,-1,322,193,192,-1,322,192,323,-1,323,192,191,-1,323,191,324,-1,324,191,211,-1,324,211,325,-1,325,211,210,-1,325,210,326,-1,326,210,209,-1,326,209,327,-1,327,209,208,-1,327,208,328,-1,328,208,206,-1,328,206,329,-1,329,206,205,-1,329,205,330,-1,330,205,204,-1,330,204,331,-1,331,204,170,-1,331,170,332,-1,332,170,169,-1,67,333,60,-1,60,333,332,-1,60,332,169,-1,333,67,334,-1,334,67,66,-1,334,66,335,-1,335,66,65,-1,335,65,336,-1,336,65,63,-1,336,63,337,-1,337,63,62,-1,337,62,338,-1,338,62,85,-1,338,85,339,-1,339,85,84,-1,339,84,340,-1,340,84,83,-1,340,83,341,-1,341,83,80,-1,341,80,342,-1,342,80,81,-1,342,81,343,-1,343,81,82,-1,343,82,344,-1,344,82,78,-1,344,78,345,-1,345,78,76,-1,346,345,75,-1,75,345,76,-1,346,75,347,-1,347,75,77,-1,347,77,348,-1,348,77,79,-1,348,79,349,-1,349,79,16,-1,349,16,350,-1,350,16,14,-1,350,14,351,-1,351,14,13,-1,351,13,352,-1,352,13,74,-1,352,74,353,-1,353,74,73,-1,353,73,354,-1,354,73,72,-1,354,72,355,-1,355,72,12,-1,355,12,356,-1,356,12,11,-1,356,11,357,-1,357,11,22,-1,357,22,358,-1,358,22,24,-1,226,358,23,-1,23,358,24,-1,357,358,226,-1,304,305,309,-1,239,240,241,-1,237,238,243,-1,309,305,308,-1,308,305,306,-1,308,306,307,-1,335,336,248,-1,248,336,337,-1,248,337,338,-1,239,241,238,-1,238,241,242,-1,238,242,243,-1,255,250,251,-1,345,346,344,-1,344,346,347,-1,342,343,349,-1,349,343,344,-1,349,344,348,-1,348,344,347,-1,338,339,248,-1,248,339,340,-1,248,340,341,-1,277,278,279,-1,256,257,316,-1,316,257,258,-1,316,258,259,-1,350,351,230,-1,357,226,356,-1,356,226,225,-1,356,225,355,-1,349,350,342,-1,342,350,230,-1,342,230,341,-1,233,234,246,-1,246,234,235,-1,246,235,245,-1,245,235,244,-1,301,302,310,-1,252,253,251,-1,251,253,254,-1,251,254,255,-1,334,328,329,-1,325,326,256,-1,256,326,327,-1,246,247,233,-1,233,247,248,-1,233,248,232,-1,232,248,341,-1,232,341,231,-1,231,341,230,-1,244,235,243,-1,243,235,236,-1,243,236,237,-1,279,280,277,-1,277,280,281,-1,277,281,276,-1,276,281,275,-1,332,333,331,-1,331,333,334,-1,331,334,330,-1,330,334,329,-1,288,289,295,-1,310,311,262,-1,262,311,312,-1,262,312,313,-1,284,285,297,-1,297,285,286,-1,297,286,287,-1,289,290,295,-1,295,290,291,-1,295,291,294,-1,294,291,292,-1,294,292,293,-1,313,314,262,-1,262,314,315,-1,262,315,261,-1,261,315,316,-1,261,316,260,-1,260,316,259,-1,310,302,309,-1,309,302,303,-1,309,303,304,-1,319,320,318,-1,318,320,321,-1,318,321,317,-1,317,321,322,-1,317,322,316,-1,316,322,323,-1,316,323,256,-1,256,323,324,-1,256,324,325,-1,328,334,327,-1,327,334,335,-1,327,335,256,-1,256,335,248,-1,256,248,255,-1,255,248,249,-1,255,249,250,-1,284,297,283,-1,283,297,272,-1,283,272,282,-1,282,272,273,-1,282,273,281,-1,281,273,274,-1,281,274,275,-1,301,310,300,-1,300,310,262,-1,300,262,299,-1,225,227,355,-1,355,227,228,-1,355,228,354,-1,354,228,229,-1,354,229,353,-1,353,229,230,-1,353,230,352,-1,352,230,351,-1,265,266,264,-1,264,266,267,-1,264,267,263,-1,263,267,262,-1,288,295,287,-1,287,295,296,-1,287,296,297,-1,267,268,262,-1,262,268,269,-1,262,269,270,-1,299,262,298,-1,298,262,270,-1,298,270,297,-1,297,270,271,-1,297,271,272,-1,
        ]
    }
}
Shape{
    appearance Appearance {
        material  Material 	{
            diffuseColor 0.2235294117647059 0.2235294117647059 0.2235294117647059
            specularColor 0.11372549019607843 0.11372549019607843 0.11372549019607843
            ambientIntensity 0.2235
            transparency 0.0
            shininess 0.5
        }
    }
    geometry IndexedFaceSet {
        ccw TRUE
        solid FALSE
        coord DEF co Coordinate {
            point [
                -0.0625 0.0159 0.0157, -0.0625 0.0202 0.0157, -0.0625 0.0159 0.0197, -0.0625 0.0202 0.0197, -0.0774 0.0159 0.0157, -0.0774 0.0159 0.0197, -0.0774 -0.0192 0.0157, -0.0774 -0.0192 0.0197, -0.0827 -0.0192 0.0157, -0.0827 -0.0192 0.0197, -0.0827 0.0202 0.0157, -0.0827 0.0202 0.0197, -0.0299 0.0138 0.0157, -0.0299 0.0181 0.0157, -0.0299 0.0138 0.0197, -0.0299 0.0181 0.0197, -0.0306 0.0142 0.0197, -0.0306 0.0142 0.0157, -0.0348 0.0158 0.0197, -0.0348 0.0158 0.0157, -0.04 0.0163 0.0197, -0.04 0.0163 0.0157, -0.0437 0.0159 0.0197, -0.0437 0.0159 0.0157, -0.0465 0.0149 0.0197, -0.0465 0.0149 0.0157, -0.049 0.0132 0.0197, -0.049 0.0132 0.0157, -0.0508 0.0113 0.0197, -0.0508 0.0113 0.0157, -0.0524 0.0086 0.0197, -0.0524 0.0086 0.0157, -0.0535 0.0052 0.0197, -0.0535 0.0052 0.0157, -0.0539 0.0009 0.0197, -0.0539 0.0009 0.0157, -0.0537 -0.002 0.0197, -0.0537 -0.002 0.0157, -0.0527 -0.0063 0.0197, -0.0527 -0.0063 0.0157, -0.0511 -0.0093 0.0197, -0.0511 -0.0093 0.0157, -0.0487 -0.012 0.0197, -0.0487 -0.012 0.0157, -0.0459 -0.0139 0.0197, -0.0459 -0.0139 0.0157, -0.043 -0.0149 0.0197, -0.043 -0.0149 0.0157, -0.0391 -0.0153 0.0197, -0.0391 -0.0153 0.0157, -0.0343 -0.0147 0.0197, -0.0343 -0.0147 0.0157, -0.0299 -0.0128 0.0197, -0.0299 -0.0128 0.0157, -0.0299 -0.0181 0.0157, -0.0299 -0.0181 0.0197, -0.0392 -0.0197 0.0197, -0.0392 -0.0197 0.0157, -0.0357 -0.0194 0.0197, -0.0344 -0.0193 0.0157, -0.0344 -0.0193 0.0197, -0.0419 -0.0194 0.0197, -0.0433 -0.0193 0.0157, -0.0433 -0.0193 0.0197, -0.0476 -0.018 0.0197, -0.0476 -0.018 0.0157, -0.0513 -0.0159 0.0197, -0.0513 -0.0159 0.0157, -0.0548 -0.0126 0.0197, -0.0548 -0.0126 0.0157, -0.0571 -0.0088 0.0197, -0.0571 -0.0088 0.0157, -0.0586 -0.0044 0.0197, -0.0586 -0.0044 0.0157, -0.0592 0.0012 0.0197, -0.0592 0.0012 0.0157, -0.0588 0.0058 0.0197, -0.0588 0.0058 0.0157, -0.0576 0.0101 0.0197, -0.0576 0.0101 0.0157, -0.0555 0.0138 0.0197, -0.0555 0.0138 0.0157, -0.0526 0.0168 0.0197, -0.0526 0.0168 0.0157, -0.0494 0.0188 0.0197, -0.0494 0.0188 0.0157, -0.0456 0.0202 0.0197, -0.0456 0.0202 0.0157, -0.0407 0.0207 0.0197, -0.0407 0.0207 0.0157, -0.0397 0.0206 0.0197, -0.0397 0.0206 0.0157, -0.0341 0.0199 0.0197, -0.0341 0.0199 0.0157, -0.0011 0.0159 0.0157, -0.0011 0.0202 0.0157, -0.0011 0.0159 0.0197, -0.0011 0.0202 0.0197, -0.0169 0.0159 0.0157, -0.0169 0.0159 0.0197, -0.0169 0.0024 0.0157, -0.0169 0.0024 0.0197, -0.003 0.0024 0.0157, -0.003 0.0024 0.0197, -0.003 -0.0019 0.0157, -0.003 -0.0019 0.0197, -0.0169 -0.0019 0.0157, -0.0169 -0.0019 0.0197, -0.0169 -0.0149 0.0157, -0.0169 -0.0149 0.0197, -0.002 -0.0149 0.0157, -0.002 -0.0149 0.0197, -0.002 -0.0192 0.0157, -0.002 -0.0192 0.0197, -0.0222 -0.0192 0.0157, -0.0222 -0.0192 0.0197, -0.0222 0.0202 0.0157, -0.0222 0.0202 0.0197, 0.0377 0.0053 0.0157, 0.0383 0.0 0.0157, 0.033 0.0001 0.0157, 0.0382 -0.0019 0.0157, 0.0327 -0.0038 0.0157, 0.0374 -0.0061 0.0157, 0.0317 -0.0069 0.0157, 0.0358 -0.0099 0.0157, 0.0304 -0.0093 0.0157, 0.0334 -0.013 0.0157, 0.0285 -0.0114 0.0157, 0.0319 -0.0144 0.0157, 0.0256 -0.0132 0.0157, 0.028 -0.017 0.0157, 0.0224 -0.0144 0.0157, 0.0234 -0.0186 0.0157, 0.0177 -0.0149 0.0157, 0.0177 -0.0192 0.0157, 0.0119 -0.0149 0.0157, 0.0066 -0.0192 0.0157, 0.0119 0.0159 0.0157, 0.0066 0.0202 0.0157, 0.0175 0.0159 0.0157, 0.0173 0.0202 0.0157, 0.0216 0.0155 0.0157, 0.0223 0.0197 0.0157, 0.0249 0.0144 0.0157, 0.0268 0.0184 0.0157, 0.0276 0.0129 0.0157, 0.0309 0.016 0.0157, 0.0298 0.0107 0.0157, 0.0341 0.0128 0.0157, 0.0315 0.008 0.0157, 0.0363 0.0094 0.0157, 0.0325 0.0048 0.0157, 0.0173 0.0202 0.0197, 0.0066 0.0202 0.0197, 0.0223 0.0197 0.0197, 0.0268 0.0184 0.0197, 0.0309 0.016 0.0197, 0.0341 0.0128 0.0197, 0.0363 0.0094 0.0197, 0.0377 0.0053 0.0197, 0.0383 0.0 0.0197, 0.0382 -0.0019 0.0197, 0.0374 -0.0061 0.0197, 0.0358 -0.0099 0.0197, 0.0334 -0.013 0.0197, 0.0319 -0.0144 0.0197, 0.028 -0.017 0.0197, 0.0234 -0.0186 0.0197, 0.0177 -0.0192 0.0197, 0.0066 -0.0192 0.0197, 0.0177 -0.0149 0.0197, 0.0119 -0.0149 0.0197, 0.0119 0.0159 0.0197, 0.0175 0.0159 0.0197, 0.033 0.0001 0.0197, 0.0325 0.0048 0.0197, 0.0315 0.008 0.0197, 0.0298 0.0107 0.0197, 0.0276 0.0129 0.0197, 0.0249 0.0144 0.0197, 0.0216 0.0155 0.0197, 0.0224 -0.0144 0.0197, 0.0256 -0.0132 0.0197, 0.0285 -0.0114 0.0197, 0.0304 -0.0093 0.0197, 0.0317 -0.0069 0.0197, 0.0327 -0.0038 0.0197
            ]
        }
        coordIndex [
            0,1,2,-1,2,1,3,-1,4,0,5,-1,5,0,2,-1,6,4,7,-1,7,4,5,-1,8,6,9,-1,9,6,7,-1,10,8,11,-1,11,8,9,-1,1,10,3,-1,3,10,11,-1,6,8,4,-1,4,8,10,-1,4,10,0,-1,0,10,1,-1,12,13,14,-1,14,13,15,-1,12,14,16,-1,12,16,17,-1,17,16,18,-1,17,18,19,-1,19,18,20,-1,19,20,21,-1,21,20,22,-1,21,22,23,-1,23,22,24,-1,23,24,25,-1,25,24,26,-1,25,26,27,-1,27,26,28,-1,27,28,29,-1,29,28,30,-1,29,30,31,-1,31,30,32,-1,31,32,33,-1,33,32,34,-1,33,34,35,-1,35,34,36,-1,35,36,37,-1,37,36,38,-1,37,38,39,-1,39,38,40,-1,39,40,41,-1,41,40,42,-1,41,42,43,-1,43,42,44,-1,43,44,45,-1,45,44,46,-1,45,46,47,-1,47,46,48,-1,47,48,49,-1,49,48,50,-1,49,50,51,-1,51,50,52,-1,51,52,53,-1,54,53,55,-1,55,53,52,-1,56,57,58,-1,58,57,59,-1,58,59,60,-1,60,59,54,-1,60,54,55,-1,56,61,57,-1,57,61,62,-1,61,63,62,-1,62,63,64,-1,62,64,65,-1,65,64,66,-1,65,66,67,-1,67,66,68,-1,67,68,69,-1,69,68,70,-1,69,70,71,-1,71,70,72,-1,71,72,73,-1,73,72,74,-1,73,74,75,-1,75,74,76,-1,75,76,77,-1,77,76,78,-1,77,78,79,-1,79,78,80,-1,79,80,81,-1,81,80,82,-1,81,82,83,-1,83,82,84,-1,83,84,85,-1,85,84,86,-1,85,86,87,-1,87,86,88,-1,87,88,89,-1,89,88,90,-1,89,90,91,-1,91,90,92,-1,91,92,93,-1,93,92,15,-1,93,15,13,-1,23,89,21,-1,21,89,91,-1,21,91,19,-1,19,91,93,-1,19,93,17,-1,17,93,13,-1,17,13,12,-1,53,54,51,-1,51,54,59,-1,51,59,49,-1,49,59,57,-1,49,57,47,-1,47,57,62,-1,47,62,45,-1,45,62,65,-1,45,65,43,-1,43,65,67,-1,43,67,41,-1,41,67,69,-1,41,69,39,-1,39,69,71,-1,39,71,37,-1,37,71,73,-1,37,73,35,-1,35,73,75,-1,35,75,33,-1,33,75,77,-1,33,77,31,-1,31,77,79,-1,31,79,29,-1,29,79,81,-1,29,81,27,-1,27,81,83,-1,27,83,25,-1,25,83,85,-1,25,85,23,-1,23,85,87,-1,23,87,89,-1,94,95,96,-1,96,95,97,-1,98,94,99,-1,99,94,96,-1,100,98,101,-1,101,98,99,-1,102,100,103,-1,103,100,101,-1,104,102,105,-1,105,102,103,-1,106,104,107,-1,107,104,105,-1,108,106,109,-1,109,106,107,-1,110,108,111,-1,111,108,109,-1,112,110,113,-1,113,110,111,-1,114,112,115,-1,115,112,113,-1,116,114,117,-1,117,114,115,-1,95,116,97,-1,97,116,117,-1,116,95,94,-1,94,98,116,-1,116,98,100,-1,116,100,114,-1,110,112,108,-1,108,112,114,-1,108,114,106,-1,106,114,100,-1,106,100,104,-1,104,100,102,-1,118,119,120,-1,120,119,121,-1,120,121,122,-1,122,121,123,-1,122,123,124,-1,124,123,125,-1,124,125,126,-1,126,125,127,-1,126,127,128,-1,128,127,129,-1,128,129,130,-1,130,129,131,-1,130,131,132,-1,132,131,133,-1,132,133,134,-1,134,133,135,-1,134,135,136,-1,136,135,137,-1,136,137,138,-1,138,137,139,-1,138,139,140,-1,140,139,141,-1,140,141,142,-1,142,141,143,-1,142,143,144,-1,144,143,145,-1,144,145,146,-1,146,145,147,-1,146,147,148,-1,148,147,149,-1,148,149,150,-1,150,149,151,-1,150,151,152,-1,152,151,118,-1,152,118,120,-1,141,139,153,-1,153,139,154,-1,141,153,155,-1,141,155,143,-1,143,155,156,-1,143,156,145,-1,145,156,157,-1,145,157,147,-1,147,157,158,-1,147,158,149,-1,149,158,159,-1,149,159,151,-1,151,159,160,-1,151,160,118,-1,118,160,161,-1,118,161,119,-1,119,161,162,-1,119,162,121,-1,121,162,163,-1,121,163,123,-1,123,163,164,-1,123,164,125,-1,125,164,165,-1,125,165,127,-1,127,165,166,-1,127,166,129,-1,129,166,167,-1,129,167,131,-1,131,167,168,-1,131,168,133,-1,133,168,169,-1,133,169,135,-1,137,135,170,-1,170,135,169,-1,139,137,154,-1,154,137,170,-1,134,136,171,-1,171,136,172,-1,136,138,172,-1,172,138,173,-1,138,140,173,-1,173,140,174,-1,120,175,176,-1,120,176,152,-1,152,176,177,-1,152,177,150,-1,150,177,178,-1,150,178,148,-1,148,178,179,-1,148,179,146,-1,146,179,180,-1,146,180,144,-1,144,180,181,-1,144,181,142,-1,142,181,174,-1,142,174,140,-1,134,171,182,-1,134,182,132,-1,132,182,183,-1,132,183,130,-1,130,183,184,-1,130,184,128,-1,128,184,185,-1,128,185,126,-1,126,185,186,-1,126,186,124,-1,124,186,187,-1,124,187,122,-1,122,187,175,-1,122,175,120,-1,
        ]
    }
}
Shape{
    appearance Appearance {
        material  Material 	{
            diffuseColor 1.0 1.0 1.0
            specularColor 0.5019607843137255 0.5019607843137255 0.5019607843137255
            ambientIntensity 1.0
            transparency 0.0
            shininess 0.5
        }
    }
    geometry IndexedFaceSet {
        ccw TRUE
        solid FALSE
        coord DEF co Coordinate {
            point [
                0.0119 -0.0149 0.0197, 0.0119 0.0159 0.0197, 0.0177 -0.0149 0.0197, 0.0175 0.0159 0.0197, 0.0325 0.0048 0.0197, 0.033 0.0001 0.0197, 0.0327 -0.0038 0.0197, 0.0317 -0.0069 0.0197, 0.0224 -0.0144 0.0197, 0.0216 0.0155 0.0197, 0.0249 0.0144 0.0197, 0.0276 0.0129 0.0197, 0.0304 -0.0093 0.0197, 0.0285 -0.0114 0.0197, 0.0256 -0.0132 0.0197, 0.0298 0.0107 0.0197, 0.0315 0.008 0.0197
            ]
        }
        coordIndex [
            0,1,2,-1,2,1,3,-1,4,5,2,-1,5,6,2,-1,2,6,7,-1,2,7,8,-1,3,9,2,-1,2,9,10,-1,2,10,11,-1,12,13,7,-1,7,13,14,-1,7,14,8,-1,11,15,2,-1,2,15,16,-1,2,16,4,-1,
        ]
    }
}
Shape{
    appearance Appearance {
        material  Material 	{
            diffuseColor 0.2235294117647059 0.2235294117647059 0.2235294117647059
            specularColor 0.11372549019607843 0.11372549019607843 0.11372549019607843
            ambientIntensity 0.2235
            transparency 0.0
            shininess 0.5
        }
    }
    geometry IndexedFaceSet {
        ccw TRUE
        solid FALSE
        coord DEF co Coordinate {
            point [
                0.052 0.0048 0.0157, 0.0507 0.0091 0.0157, 0.0652 0.0048 0.0157, 0.0669 0.0091 0.0157, 0.0579 -0.0116 0.0157, 0.056 -0.0192 0.0157, 0.0412 0.0202 0.0157, 0.0469 0.0202 0.0157, 0.0583 -0.013 0.0157, 0.0585 -0.0144 0.0157, 0.0613 -0.0192 0.0157, 0.0586 -0.0144 0.0157, 0.0589 -0.013 0.0157, 0.0592 -0.0116 0.0157, 0.0767 0.0202 0.0157, 0.0709 0.0202 0.0157, 0.0613 -0.0192 0.0197, 0.0767 0.0202 0.0197, 0.056 -0.0192 0.0197, 0.0412 0.0202 0.0197, 0.0469 0.0202 0.0197, 0.0507 0.0091 0.0197, 0.0669 0.0091 0.0197, 0.0709 0.0202 0.0197, 0.052 0.0048 0.0197, 0.0652 0.0048 0.0197, 0.0592 -0.0116 0.0197, 0.0586 -0.0144 0.0197, 0.0589 -0.013 0.0197, 0.0585 -0.0144 0.0197, 0.0579 -0.0116 0.0197, 0.0583 -0.013 0.0197
            ]
        }
        coordIndex [
            0,1,2,-1,2,1,3,-1,4,5,0,-1,0,5,6,-1,0,6,1,-1,1,6,7,-1,4,8,5,-1,5,8,9,-1,5,9,10,-1,10,9,11,-1,10,11,12,-1,12,13,10,-1,10,13,2,-1,10,2,14,-1,14,2,3,-1,14,3,15,-1,10,14,16,-1,16,14,17,-1,5,10,18,-1,18,10,16,-1,6,5,19,-1,19,5,18,-1,7,6,20,-1,20,6,19,-1,1,7,21,-1,21,7,20,-1,3,1,22,-1,22,1,21,-1,15,3,23,-1,23,3,22,-1,14,15,17,-1,17,15,23,-1,0,2,24,-1,24,2,25,-1,2,13,25,-1,25,13,26,-1,11,27,28,-1,11,28,12,-1,12,28,26,-1,12,26,13,-1,11,9,27,-1,27,9,29,-1,4,30,31,-1,4,31,8,-1,8,31,29,-1,8,29,9,-1,4,0,30,-1,30,0,24,-1,
        ]
    }
}
Shape{
    appearance Appearance {
        material  Material 	{
            diffuseColor 1.0 1.0 1.0
            specularColor 0.5019607843137255 0.5019607843137255 0.5019607843137255
            ambientIntensity 1.0
            transparency 0.0
            shininess 0.5
        }
    }
    geometry IndexedFaceSet {
        ccw TRUE
        solid FALSE
        coord DEF co Coordinate {
            point [
                0.052 0.0048 0.0197, 0.0652 0.0048 0.0197, 0.0579 -0.0116 0.0197, 0.0592 -0.0116 0.0197, 0.0583 -0.013 0.0197, 0.0589 -0.013 0.0197, 0.0585 -0.0144 0.0197, 0.0586 -0.0144 0.0197
            ]
        }
        coordIndex [
            0,1,2,-1,2,1,3,-1,2,3,4,-1,4,3,5,-1,4,5,6,-1,6,5,7,-1,
        ]
    }
}
Shape{
    appearance Appearance {
        material  Material 	{
            diffuseColor 0.8235294117647058 0.8235294117647058 0.8235294117647058
            specularColor 0.4117647058823529 0.4117647058823529 0.4117647058823529
            ambientIntensity 0.8235
            transparency 0.0
            shininess 0.5
        }
    }
    geometry IndexedFaceSet {
        ccw TRUE
        solid FALSE
        coord DEF co Coordinate {
            point [
                -0.4301 -0.315 0.1969, -0.44 -0.315 0.1969, -0.4301 -0.315 0.1772, -0.44 -0.315 0.1772, -0.4297 -0.3086 0.1969, -0.4297 -0.3086 0.1772, -0.4286 -0.3022 0.1969, -0.4286 -0.3022 0.1772, -0.4268 -0.2961 0.1969, -0.4268 -0.2961 0.1772, -0.4243 -0.2902 0.1969, -0.4243 -0.2902 0.1772, -0.4211 -0.2847 0.1969, -0.4211 -0.2847 0.1772, -0.4172 -0.2795 0.1969, -0.4172 -0.2795 0.1772, -0.4128 -0.2749 0.1969, -0.4128 -0.2749 0.1772, -0.4079 -0.2707 0.1969, -0.4079 -0.2707 0.1772, -0.4026 -0.2672 0.1969, -0.4026 -0.2672 0.1772, -0.3968 -0.2644 0.1969, -0.3968 -0.2644 0.1772, -0.3908 -0.2622 0.1969, -0.3908 -0.2622 0.1772, -0.3846 -0.2607 0.1969, -0.3846 -0.2607 0.1772, -0.3782 -0.2599 0.1969, -0.3782 -0.2599 0.1772, -0.3718 -0.2599 0.1969, -0.3718 -0.2599 0.1772, -0.3654 -0.2607 0.1969, -0.3654 -0.2607 0.1772, -0.3592 -0.2622 0.1969, -0.3592 -0.2622 0.1772, -0.3532 -0.2644 0.1969, -0.3532 -0.2644 0.1772, -0.3474 -0.2672 0.1969, -0.3474 -0.2672 0.1772, -0.3421 -0.2707 0.1969, -0.3421 -0.2707 0.1772, -0.3372 -0.2749 0.1969, -0.3372 -0.2749 0.1772, -0.3328 -0.2795 0.1969, -0.3328 -0.2795 0.1772, -0.3289 -0.2847 0.1969, -0.3289 -0.2847 0.1772, -0.3257 -0.2902 0.1969, -0.3257 -0.2902 0.1772, -0.3232 -0.2961 0.1969, -0.3232 -0.2961 0.1772, -0.3214 -0.3022 0.1969, -0.3214 -0.3022 0.1772, -0.3203 -0.3086 0.1969, -0.3203 -0.3086 0.1772, -0.3199 -0.315 0.1969, -0.3199 -0.315 0.1772, -0.31 -0.315 0.1969, -0.31 -0.315 0.1772, -0.31 -0.2362 0.1969, -0.31 -0.2362 0.1772, -0.44 -0.2362 0.1969, -0.44 -0.2362 0.1772, -0.1801 -0.315 0.1969, -0.1801 -0.315 0.1772, -0.1797 -0.3086 0.1969, -0.1797 -0.3086 0.1772, -0.1786 -0.3022 0.1969, -0.1786 -0.3022 0.1772, -0.1768 -0.2961 0.1969, -0.1768 -0.2961 0.1772, -0.1743 -0.2902 0.1969, -0.1743 -0.2902 0.1772, -0.1711 -0.2847 0.1969, -0.1711 -0.2847 0.1772, -0.1672 -0.2795 0.1969, -0.1672 -0.2795 0.1772, -0.1628 -0.2749 0.1969, -0.1628 -0.2749 0.1772, -0.1579 -0.2707 0.1969, -0.1579 -0.2707 0.1772, -0.1526 -0.2672 0.1969, -0.1526 -0.2672 0.1772, -0.1468 -0.2644 0.1969, -0.1468 -0.2644 0.1772, -0.1408 -0.2622 0.1969, -0.1408 -0.2622 0.1772, -0.1346 -0.2607 0.1969, -0.1346 -0.2607 0.1772, -0.1282 -0.2599 0.1969, -0.1282 -0.2599 0.1772, -0.1218 -0.2599 0.1969, -0.1218 -0.2599 0.1772, -0.1154 -0.2607 0.1969, -0.1154 -0.2607 0.1772, -0.1092 -0.2622 0.1969, -0.1092 -0.2622 0.1772, -0.1032 -0.2644 0.1969, -0.1032 -0.2644 0.1772, -0.0974 -0.2672 0.1969, -0.0974 -0.2672 0.1772, -0.0921 -0.2707 0.1969, -0.0921 -0.2707 0.1772, -0.0872 -0.2749 0.1969, -0.0872 -0.2749 0.1772, -0.0828 -0.2795 0.1969, -0.0828 -0.2795 0.1772, -0.0789 -0.2847 0.1969, -0.0789 -0.2847 0.1772, -0.0757 -0.2902 0.1969, -0.0757 -0.2902 0.1772, -0.0732 -0.2961 0.1969, -0.0732 -0.2961 0.1772, -0.0714 -0.3022 0.1969, -0.0714 -0.3022 0.1772, -0.0703 -0.3086 0.1969, -0.0703 -0.3086 0.1772, -0.0699 -0.315 0.1969, -0.0699 -0.315 0.1772, -0.06 -0.315 0.1969, -0.06 -0.315 0.1772, -0.06 -0.2362 0.1969, -0.06 -0.2362 0.1772, -0.19 -0.2362 0.1969, -0.19 -0.2362 0.1772, -0.19 -0.315 0.1969, -0.19 -0.315 0.1772, 0.0699 -0.315 0.1969, 0.0699 -0.315 0.1772, 0.0703 -0.3086 0.1969, 0.0703 -0.3086 0.1772, 0.0714 -0.3022 0.1969, 0.0714 -0.3022 0.1772, 0.0732 -0.2961 0.1969, 0.0732 -0.2961 0.1772, 0.0757 -0.2902 0.1969, 0.0757 -0.2902 0.1772, 0.0789 -0.2847 0.1969, 0.0789 -0.2847 0.1772, 0.0828 -0.2795 0.1969, 0.0828 -0.2795 0.1772, 0.0872 -0.2749 0.1969, 0.0872 -0.2749 0.1772, 0.0921 -0.2707 0.1969, 0.0921 -0.2707 0.1772, 0.0974 -0.2672 0.1969, 0.0974 -0.2672 0.1772, 0.1032 -0.2644 0.1969, 0.1032 -0.2644 0.1772, 0.1092 -0.2622 0.1969, 0.1092 -0.2622 0.1772, 0.1154 -0.2607 0.1969, 0.1154 -0.2607 0.1772, 0.1218 -0.2599 0.1969, 0.1218 -0.2599 0.1772, 0.1282 -0.2599 0.1969, 0.1282 -0.2599 0.1772, 0.1346 -0.2607 0.1969, 0.1346 -0.2607 0.1772, 0.1408 -0.2622 0.1969, 0.1408 -0.2622 0.1772, 0.1468 -0.2644 0.1969, 0.1468 -0.2644 0.1772, 0.1526 -0.2672 0.1969, 0.1526 -0.2672 0.1772, 0.1579 -0.2707 0.1969, 0.1579 -0.2707 0.1772, 0.1628 -0.2749 0.1969, 0.1628 -0.2749 0.1772, 0.1672 -0.2795 0.1969, 0.1672 -0.2795 0.1772, 0.1711 -0.2847 0.1969, 0.1711 -0.2847 0.1772, 0.1743 -0.2902 0.1969, 0.1743 -0.2902 0.1772, 0.1768 -0.2961 0.1969, 0.1768 -0.2961 0.1772, 0.1786 -0.3022 0.1969, 0.1786 -0.3022 0.1772, 0.1797 -0.3086 0.1969, 0.1797 -0.3086 0.1772, 0.1801 -0.315 0.1969, 0.1801 -0.315 0.1772, 0.19 -0.315 0.1969, 0.19 -0.315 0.1772, 0.19 -0.2362 0.1969, 0.19 -0.2362 0.1772, 0.06 -0.2362 0.1969, 0.06 -0.2362 0.1772, 0.06 -0.315 0.1969, 0.06 -0.315 0.1772, 0.3199 -0.315 0.1969, 0.3199 -0.315 0.1772, 0.3203 -0.3086 0.1969, 0.3203 -0.3086 0.1772, 0.3214 -0.3022 0.1969, 0.3214 -0.3022 0.1772, 0.3232 -0.2961 0.1969, 0.3232 -0.2961 0.1772, 0.3257 -0.2902 0.1969, 0.3257 -0.2902 0.1772, 0.3289 -0.2847 0.1969, 0.3289 -0.2847 0.1772, 0.3328 -0.2795 0.1969, 0.3328 -0.2795 0.1772, 0.3372 -0.2749 0.1969, 0.3372 -0.2749 0.1772, 0.3421 -0.2707 0.1969, 0.3421 -0.2707 0.1772, 0.3474 -0.2672 0.1969, 0.3474 -0.2672 0.1772, 0.3532 -0.2644 0.1969, 0.3532 -0.2644 0.1772, 0.3592 -0.2622 0.1969, 0.3592 -0.2622 0.1772, 0.3654 -0.2607 0.1969, 0.3654 -0.2607 0.1772, 0.3718 -0.2599 0.1969, 0.3718 -0.2599 0.1772, 0.3782 -0.2599 0.1969, 0.3782 -0.2599 0.1772, 0.3846 -0.2607 0.1969, 0.3846 -0.2607 0.1772, 0.3908 -0.2622 0.1969, 0.3908 -0.2622 0.1772, 0.3968 -0.2644 0.1969, 0.3968 -0.2644 0.1772, 0.4026 -0.2672 0.1969, 0.4026 -0.2672 0.1772, 0.4079 -0.2707 0.1969, 0.4079 -0.2707 0.1772, 0.4128 -0.2749 0.1969, 0.4128 -0.2749 0.1772, 0.4172 -0.2795 0.1969, 0.4172 -0.2795 0.1772, 0.4211 -0.2847 0.1969, 0.4211 -0.2847 0.1772, 0.4243 -0.2902 0.1969, 0.4243 -0.2902 0.1772, 0.4268 -0.2961 0.1969, 0.4268 -0.2961 0.1772, 0.4286 -0.3022 0.1969, 0.4286 -0.3022 0.1772, 0.4297 -0.3086 0.1969, 0.4297 -0.3086 0.1772, 0.4301 -0.315 0.1969, 0.4301 -0.315 0.1772, 0.44 -0.315 0.1969, 0.44 -0.315 0.1772, 0.44 -0.2362 0.1969, 0.44 -0.2362 0.1772, 0.31 -0.2362 0.1969, 0.31 -0.2362 0.1772, 0.31 -0.315 0.1969, 0.31 -0.315 0.1772, 0.4301 0.315 0.1969, 0.4301 0.315 0.1772, 0.4297 0.3086 0.1969, 0.4297 0.3086 0.1772, 0.4286 0.3022 0.1969, 0.4286 0.3022 0.1772, 0.4268 0.2961 0.1969, 0.4268 0.2961 0.1772, 0.4243 0.2902 0.1969, 0.4243 0.2902 0.1772, 0.4211 0.2847 0.1969, 0.4211 0.2847 0.1772, 0.4172 0.2795 0.1969, 0.4172 0.2795 0.1772, 0.4128 0.2749 0.1969, 0.4128 0.2749 0.1772, 0.4079 0.2707 0.1969, 0.4079 0.2707 0.1772, 0.4026 0.2672 0.1969, 0.4026 0.2672 0.1772, 0.3968 0.2644 0.1969, 0.3968 0.2644 0.1772, 0.3908 0.2622 0.1969, 0.3908 0.2622 0.1772, 0.3846 0.2607 0.1969, 0.3846 0.2607 0.1772, 0.3782 0.2599 0.1969, 0.3782 0.2599 0.1772, 0.3718 0.2599 0.1969, 0.3718 0.2599 0.1772, 0.3654 0.2607 0.1969, 0.3654 0.2607 0.1772, 0.3592 0.2622 0.1969, 0.3592 0.2622 0.1772, 0.3532 0.2644 0.1969, 0.3532 0.2644 0.1772, 0.3474 0.2672 0.1969, 0.3474 0.2672 0.1772, 0.3421 0.2707 0.1969, 0.3421 0.2707 0.1772, 0.3372 0.2749 0.1969, 0.3372 0.2749 0.1772, 0.3328 0.2795 0.1969, 0.3328 0.2795 0.1772, 0.3289 0.2847 0.1969, 0.3289 0.2847 0.1772, 0.3257 0.2902 0.1969, 0.3257 0.2902 0.1772, 0.3232 0.2961 0.1969, 0.3232 0.2961 0.1772, 0.3214 0.3022 0.1969, 0.3214 0.3022 0.1772, 0.3203 0.3086 0.1969, 0.3203 0.3086 0.1772, 0.3199 0.315 0.1969, 0.3199 0.315 0.1772, 0.31 0.315 0.1969, 0.31 0.315 0.1772, 0.31 0.2362 0.1969, 0.31 0.2362 0.1772, 0.44 0.2362 0.1969, 0.44 0.2362 0.1772, 0.44 0.315 0.1969, 0.44 0.315 0.1772, 0.1801 0.315 0.1969, 0.1801 0.315 0.1772, 0.1797 0.3086 0.1969, 0.1797 0.3086 0.1772, 0.1786 0.3022 0.1969, 0.1786 0.3022 0.1772, 0.1768 0.2961 0.1969, 0.1768 0.2961 0.1772, 0.1743 0.2902 0.1969, 0.1743 0.2902 0.1772, 0.1711 0.2847 0.1969, 0.1711 0.2847 0.1772, 0.1672 0.2795 0.1969, 0.1672 0.2795 0.1772, 0.1628 0.2749 0.1969, 0.1628 0.2749 0.1772, 0.1579 0.2707 0.1969, 0.1579 0.2707 0.1772, 0.1526 0.2672 0.1969, 0.1526 0.2672 0.1772, 0.1468 0.2644 0.1969, 0.1468 0.2644 0.1772, 0.1408 0.2622 0.1969, 0.1408 0.2622 0.1772, 0.1346 0.2607 0.1969, 0.1346 0.2607 0.1772, 0.1282 0.2599 0.1969, 0.1282 0.2599 0.1772, 0.1218 0.2599 0.1969, 0.1218 0.2599 0.1772, 0.1154 0.2607 0.1969, 0.1154 0.2607 0.1772, 0.1092 0.2622 0.1969, 0.1092 0.2622 0.1772, 0.1032 0.2644 0.1969, 0.1032 0.2644 0.1772, 0.0974 0.2672 0.1969, 0.0974 0.2672 0.1772, 0.0921 0.2707 0.1969, 0.0921 0.2707 0.1772, 0.0872 0.2749 0.1969, 0.0872 0.2749 0.1772, 0.0828 0.2795 0.1969, 0.0828 0.2795 0.1772, 0.0789 0.2847 0.1969, 0.0789 0.2847 0.1772, 0.0757 0.2902 0.1969, 0.0757 0.2902 0.1772, 0.0732 0.2961 0.1969, 0.0732 0.2961 0.1772, 0.0714 0.3022 0.1969, 0.0714 0.3022 0.1772, 0.0703 0.3086 0.1969, 0.0703 0.3086 0.1772, 0.0699 0.315 0.1969, 0.0699 0.315 0.1772, 0.06 0.315 0.1969, 0.06 0.315 0.1772, 0.06 0.2362 0.1969, 0.06 0.2362 0.1772, 0.19 0.2362 0.1969, 0.19 0.2362 0.1772, 0.19 0.315 0.1969, 0.19 0.315 0.1772, -0.0699 0.315 0.1969, -0.0699 0.315 0.1772, -0.0703 0.3086 0.1969, -0.0703 0.3086 0.1772, -0.0714 0.3022 0.1969, -0.0714 0.3022 0.1772, -0.0732 0.2961 0.1969, -0.0732 0.2961 0.1772, -0.0757 0.2902 0.1969, -0.0757 0.2902 0.1772, -0.0789 0.2847 0.1969, -0.0789 0.2847 0.1772, -0.0828 0.2795 0.1969, -0.0828 0.2795 0.1772, -0.0872 0.2749 0.1969, -0.0872 0.2749 0.1772, -0.0921 0.2707 0.1969, -0.0921 0.2707 0.1772, -0.0974 0.2672 0.1969, -0.0974 0.2672 0.1772, -0.1032 0.2644 0.1969, -0.1032 0.2644 0.1772, -0.1092 0.2622 0.1969, -0.1092 0.2622 0.1772, -0.1154 0.2607 0.1969, -0.1154 0.2607 0.1772, -0.1218 0.2599 0.1969, -0.1218 0.2599 0.1772, -0.1282 0.2599 0.1969, -0.1282 0.2599 0.1772, -0.1346 0.2607 0.1969, -0.1346 0.2607 0.1772, -0.1408 0.2622 0.1969, -0.1408 0.2622 0.1772, -0.1468 0.2644 0.1969, -0.1468 0.2644 0.1772, -0.1526 0.2672 0.1969, -0.1526 0.2672 0.1772, -0.1579 0.2707 0.1969, -0.1579 0.2707 0.1772, -0.1628 0.2749 0.1969, -0.1628 0.2749 0.1772, -0.1672 0.2795 0.1969, -0.1672 0.2795 0.1772, -0.1711 0.2847 0.1969, -0.1711 0.2847 0.1772, -0.1743 0.2902 0.1969, -0.1743 0.2902 0.1772, -0.1768 0.2961 0.1969, -0.1768 0.2961 0.1772, -0.1786 0.3022 0.1969, -0.1786 0.3022 0.1772, -0.1797 0.3086 0.1969, -0.1797 0.3086 0.1772, -0.1801 0.315 0.1969, -0.1801 0.315 0.1772, -0.19 0.315 0.1969, -0.19 0.315 0.1772, -0.19 0.2362 0.1969, -0.19 0.2362 0.1772, -0.06 0.2362 0.1969, -0.06 0.2362 0.1772, -0.06 0.315 0.1969, -0.06 0.315 0.1772, -0.3199 0.315 0.1969, -0.3199 0.315 0.1772, -0.3203 0.3086 0.1969, -0.3203 0.3086 0.1772, -0.3214 0.3022 0.1969, -0.3214 0.3022 0.1772, -0.3232 0.2961 0.1969, -0.3232 0.2961 0.1772, -0.3257 0.2902 0.1969, -0.3257 0.2902 0.1772, -0.3289 0.2847 0.1969, -0.3289 0.2847 0.1772, -0.3328 0.2795 0.1969, -0.3328 0.2795 0.1772, -0.3372 0.2749 0.1969, -0.3372 0.2749 0.1772, -0.3421 0.2707 0.1969, -0.3421 0.2707 0.1772, -0.3474 0.2672 0.1969, -0.3474 0.2672 0.1772, -0.3532 0.2644 0.1969, -0.3532 0.2644 0.1772, -0.3592 0.2622 0.1969, -0.3592 0.2622 0.1772, -0.3654 0.2607 0.1969, -0.3654 0.2607 0.1772, -0.3718 0.2599 0.1969, -0.3718 0.2599 0.1772, -0.3782 0.2599 0.1969, -0.3782 0.2599 0.1772, -0.3846 0.2607 0.1969, -0.3846 0.2607 0.1772, -0.3908 0.2622 0.1969, -0.3908 0.2622 0.1772, -0.3968 0.2644 0.1969, -0.3968 0.2644 0.1772, -0.4026 0.2672 0.1969, -0.4026 0.2672 0.1772, -0.4079 0.2707 0.1969, -0.4079 0.2707 0.1772, -0.4128 0.2749 0.1969, -0.4128 0.2749 0.1772, -0.4172 0.2795 0.1969, -0.4172 0.2795 0.1772, -0.4211 0.2847 0.1969, -0.4211 0.2847 0.1772, -0.4243 0.2902 0.1969, -0.4243 0.2902 0.1772, -0.4268 0.2961 0.1969, -0.4268 0.2961 0.1772, -0.4286 0.3022 0.1969, -0.4286 0.3022 0.1772, -0.4297 0.3086 0.1969, -0.4297 0.3086 0.1772, -0.4301 0.315 0.1969, -0.4301 0.315 0.1772, -0.44 0.315 0.1969, -0.44 0.315 0.1772, -0.44 0.2362 0.1969, -0.44 0.2362 0.1772, -0.31 0.2362 0.1969, -0.31 0.2362 0.1772, -0.31 0.315 0.1969, -0.31 0.315 0.1772, 0.3159 0.315 0.0, 0.3159 0.1772 0.0, 0.3159 0.315 0.0197, 0.3159 0.1772 0.0197, 0.3199 0.315 0.0, 0.3199 0.315 0.0197, 0.3203 0.3081 0.0, 0.3203 0.3081 0.0197, 0.3216 0.3013 0.0, 0.3216 0.3013 0.0197, 0.3238 0.2947 0.0, 0.3238 0.2947 0.0197, 0.3267 0.2884 0.0, 0.3267 0.2884 0.0197, 0.3304 0.2826 0.0, 0.3304 0.2826 0.0197, 0.3348 0.2772 0.0, 0.3348 0.2772 0.0197, 0.3399 0.2725 0.0, 0.3399 0.2725 0.0197, 0.3455 0.2684 0.0, 0.3455 0.2684 0.0197, 0.3515 0.2651 0.0, 0.3515 0.2651 0.0197, 0.358 0.2625 0.0, 0.358 0.2625 0.0197, 0.3647 0.2608 0.0, 0.3647 0.2608 0.0197, 0.3715 0.26 0.0, 0.3715 0.26 0.0197, 0.3785 0.26 0.0, 0.3785 0.26 0.0197, 0.3853 0.2608 0.0, 0.3853 0.2608 0.0197, 0.392 0.2625 0.0, 0.392 0.2625 0.0197, 0.3985 0.2651 0.0, 0.3985 0.2651 0.0197, 0.4045 0.2684 0.0, 0.4045 0.2684 0.0197, 0.4101 0.2725 0.0, 0.4101 0.2725 0.0197, 0.4152 0.2772 0.0, 0.4152 0.2772 0.0197, 0.4196 0.2826 0.0, 0.4196 0.2826 0.0197, 0.4233 0.2884 0.0, 0.4233 0.2884 0.0197, 0.4262 0.2947 0.0, 0.4262 0.2947 0.0197, 0.4284 0.3013 0.0, 0.4284 0.3013 0.0197, 0.4297 0.3081 0.0, 0.4297 0.3081 0.0197, 0.4301 0.315 0.0, 0.4301 0.315 0.0197, 0.4341 0.315 0.0, 0.4341 0.315 0.0197, 0.4341 0.1772 0.0, 0.4341 0.1772 0.0197, 0.4296 0.3071 0.1969, 0.4296 0.3071 0.0, 0.4279 0.2994 0.1969, 0.4279 0.2994 0.0, 0.4251 0.2921 0.1969, 0.4251 0.2921 0.0, 0.4214 0.2852 0.1969, 0.4214 0.2852 0.0, 0.4167 0.2789 0.1969, 0.4167 0.2789 0.0, 0.4111 0.2733 0.1969, 0.4111 0.2733 0.0, 0.4048 0.2686 0.1969, 0.4048 0.2686 0.0, 0.3979 0.2648 0.1969, 0.3979 0.2648 0.0, 0.3905 0.2621 0.1969, 0.3905 0.2621 0.0, 0.3828 0.2604 0.1969, 0.3828 0.2604 0.0, 0.375 0.2598 0.1969, 0.375 0.2598 0.0, 0.3672 0.2604 0.1969, 0.3672 0.2604 0.0, 0.3595 0.2621 0.1969, 0.3595 0.2621 0.0, 0.3521 0.2648 0.1969, 0.3521 0.2648 0.0, 0.3452 0.2686 0.1969, 0.3452 0.2686 0.0, 0.3389 0.2733 0.1969, 0.3389 0.2733 0.0, 0.3333 0.2789 0.1969, 0.3333 0.2789 0.0, 0.3286 0.2852 0.1969, 0.3286 0.2852 0.0, 0.3249 0.2921 0.1969, 0.3249 0.2921 0.0, 0.3221 0.2994 0.1969, 0.3221 0.2994 0.0, 0.3204 0.3071 0.1969, 0.3204 0.3071 0.0, 0.3356 0.315 0.0, 0.3356 0.315 0.1969, 0.3362 0.3085 0.0, 0.3362 0.3085 0.1969, 0.3378 0.3022 0.0, 0.3378 0.3022 0.1969, 0.3404 0.2962 0.0, 0.3404 0.2962 0.1969, 0.3439 0.2908 0.0, 0.3439 0.2908 0.1969, 0.3483 0.286 0.0, 0.3483 0.286 0.1969, 0.3535 0.282 0.0, 0.3535 0.282 0.1969, 0.3592 0.2789 0.0, 0.3592 0.2789 0.1969, 0.3653 0.2768 0.0, 0.3653 0.2768 0.1969, 0.3717 0.2757 0.0, 0.3717 0.2757 0.1969, 0.3783 0.2757 0.0, 0.3783 0.2757 0.1969, 0.3847 0.2768 0.0, 0.3847 0.2768 0.1969, 0.3908 0.2789 0.0, 0.3908 0.2789 0.1969, 0.3965 0.282 0.0, 0.3965 0.282 0.1969, 0.4017 0.286 0.0, 0.4017 0.286 0.1969, 0.4061 0.2908 0.0, 0.4061 0.2908 0.1969, 0.4096 0.2962 0.0, 0.4096 0.2962 0.1969, 0.4122 0.3022 0.0, 0.4122 0.3022 0.1969, 0.4138 0.3085 0.0, 0.4138 0.3085 0.1969, 0.4144 0.315 0.0, 0.4144 0.315 0.1969, -0.6299 0.0551 0.1969, -0.6299 0.0551 0.1772, -0.6235 0.0547 0.1969, -0.6235 0.0547 0.1772, -0.6172 0.0536 0.1969, -0.6172 0.0536 0.1772, -0.6111 0.0518 0.1969, -0.6111 0.0518 0.1772, -0.6052 0.0493 0.1969, -0.6052 0.0493 0.1772, -0.5996 0.0461 0.1969, -0.5996 0.0461 0.1772, -0.5945 0.0422 0.1969, -0.5945 0.0422 0.1772, -0.5898 0.0378 0.1969, -0.5898 0.0378 0.1772, -0.5857 0.0329 0.1969, -0.5857 0.0329 0.1772, -0.5822 0.0276 0.1969, -0.5822 0.0276 0.1772, -0.5793 0.0218 0.1969, -0.5793 0.0218 0.1772, -0.5771 0.0158 0.1969, -0.5771 0.0158 0.1772, -0.5756 0.0096 0.1969, -0.5756 0.0096 0.1772, -0.5749 0.0032 0.1969, -0.5749 0.0032 0.1772, -0.5749 -0.0032 0.1969, -0.5749 -0.0032 0.1772, -0.5756 -0.0096 0.1969, -0.5756 -0.0096 0.1772, -0.5771 -0.0158 0.1969, -0.5771 -0.0158 0.1772, -0.5793 -0.0218 0.1969, -0.5793 -0.0218 0.1772, -0.5822 -0.0276 0.1969, -0.5822 -0.0276 0.1772, -0.5857 -0.0329 0.1969, -0.5857 -0.0329 0.1772, -0.5898 -0.0378 0.1969, -0.5898 -0.0378 0.1772, -0.5945 -0.0422 0.1969, -0.5945 -0.0422 0.1772, -0.5996 -0.0461 0.1969, -0.5996 -0.0461 0.1772, -0.6052 -0.0493 0.1969, -0.6052 -0.0493 0.1772, -0.6111 -0.0518 0.1969, -0.6111 -0.0518 0.1772, -0.6172 -0.0536 0.1969, -0.6172 -0.0536 0.1772, -0.6235 -0.0547 0.1969, -0.6235 -0.0547 0.1772, -0.6299 -0.0551 0.1969, -0.6299 -0.0551 0.1772, -0.6299 -0.065 0.1969, -0.6299 -0.065 0.1772, -0.5512 -0.065 0.1969, -0.5512 -0.065 0.1772, -0.5512 0.065 0.1969, -0.5512 0.065 0.1772, -0.6299 0.065 0.1969, -0.6299 0.065 0.1772, 0.6299 0.065 0.1969, 0.6299 0.0551 0.1969, 0.6299 0.065 0.1772, 0.6299 0.0551 0.1772, 0.5512 0.065 0.1969, 0.5512 0.065 0.1772, 0.5512 -0.065 0.1969, 0.5512 -0.065 0.1772, 0.6299 -0.065 0.1969, 0.6299 -0.065 0.1772, 0.6299 -0.0551 0.1969, 0.6299 -0.0551 0.1772, 0.6235 -0.0547 0.1969, 0.6235 -0.0547 0.1772, 0.6172 -0.0536 0.1969, 0.6172 -0.0536 0.1772, 0.6111 -0.0518 0.1969, 0.6111 -0.0518 0.1772, 0.6052 -0.0493 0.1969, 0.6052 -0.0493 0.1772, 0.5996 -0.0461 0.1969, 0.5996 -0.0461 0.1772, 0.5945 -0.0422 0.1969, 0.5945 -0.0422 0.1772, 0.5898 -0.0378 0.1969, 0.5898 -0.0378 0.1772, 0.5857 -0.0329 0.1969, 0.5857 -0.0329 0.1772, 0.5822 -0.0276 0.1969, 0.5822 -0.0276 0.1772, 0.5793 -0.0218 0.1969, 0.5793 -0.0218 0.1772, 0.5771 -0.0158 0.1969, 0.5771 -0.0158 0.1772, 0.5756 -0.0096 0.1969, 0.5756 -0.0096 0.1772, 0.5749 -0.0032 0.1969, 0.5749 -0.0032 0.1772, 0.5749 0.0032 0.1969, 0.5749 0.0032 0.1772, 0.5756 0.0096 0.1969, 0.5756 0.0096 0.1772, 0.5771 0.0158 0.1969, 0.5771 0.0158 0.1772, 0.5793 0.0218 0.1969, 0.5793 0.0218 0.1772, 0.5822 0.0276 0.1969, 0.5822 0.0276 0.1772, 0.5857 0.0329 0.1969, 0.5857 0.0329 0.1772, 0.5898 0.0378 0.1969, 0.5898 0.0378 0.1772, 0.5945 0.0422 0.1969, 0.5945 0.0422 0.1772, 0.5996 0.0461 0.1969, 0.5996 0.0461 0.1772, 0.6052 0.0493 0.1969, 0.6052 0.0493 0.1772, 0.6111 0.0518 0.1969, 0.6111 0.0518 0.1772, 0.6172 0.0536 0.1969, 0.6172 0.0536 0.1772, 0.6235 0.0547 0.1969, 0.6235 0.0547 0.1772, -0.6299 -0.0551 0.0, -0.6299 -0.0551 0.0197, -0.623 -0.0547 0.0, -0.623 -0.0547 0.0197, -0.6162 -0.0534 0.0, -0.6162 -0.0534 0.0197, -0.6096 -0.0512 0.0, -0.6096 -0.0512 0.0197, -0.6034 -0.0483 0.0, -0.6034 -0.0483 0.0197, -0.5975 -0.0446 0.0, -0.5975 -0.0446 0.0197, -0.5922 -0.0402 0.0, -0.5922 -0.0402 0.0197, -0.5875 -0.0351 0.0, -0.5875 -0.0351 0.0197, -0.5834 -0.0295 0.0, -0.5834 -0.0295 0.0197, -0.58 -0.0235 0.0, -0.58 -0.0235 0.0197, -0.5775 -0.017 0.0, -0.5775 -0.017 0.0197, -0.5758 -0.0103 0.0, -0.5758 -0.0103 0.0197, -0.5749 -0.0035 0.0, -0.5749 -0.0035 0.0197, -0.5749 0.0035 0.0, -0.5749 0.0035 0.0197, -0.5758 0.0103 0.0, -0.5758 0.0103 0.0197, -0.5775 0.017 0.0, -0.5775 0.017 0.0197, -0.58 0.0235 0.0, -0.58 0.0235 0.0197, -0.5834 0.0295 0.0, -0.5834 0.0295 0.0197, -0.5875 0.0351 0.0, -0.5875 0.0351 0.0197, -0.5922 0.0402 0.0, -0.5922 0.0402 0.0197, -0.5975 0.0446 0.0, -0.5975 0.0446 0.0197, -0.6034 0.0483 0.0, -0.6034 0.0483 0.0197, -0.6096 0.0512 0.0, -0.6096 0.0512 0.0197, -0.6162 0.0534 0.0, -0.6162 0.0534 0.0197, -0.623 0.0547 0.0, -0.623 0.0547 0.0197, -0.6299 0.0551 0.0, -0.6299 0.0551 0.0197, -0.6299 0.0787 0.0, -0.6299 0.0787 0.0197, -0.5315 0.0787 0.0, -0.5315 0.0787 0.0197, -0.5315 -0.0787 0.0, -0.5315 -0.0787 0.0197, -0.6299 -0.0787 0.0, -0.6299 -0.0787 0.0197, -0.4341 0.315 0.0, -0.4341 0.1772 0.0, -0.4341 0.315 0.0197, -0.4341 0.1772 0.0197, -0.4301 0.315 0.0, -0.4301 0.315 0.0197, -0.4297 0.3081 0.0, -0.4297 0.3081 0.0197, -0.4284 0.3013 0.0, -0.4284 0.3013 0.0197, -0.4262 0.2947 0.0, -0.4262 0.2947 0.0197, -0.4233 0.2884 0.0, -0.4233 0.2884 0.0197, -0.4196 0.2826 0.0, -0.4196 0.2826 0.0197, -0.4152 0.2772 0.0, -0.4152 0.2772 0.0197, -0.4101 0.2725 0.0, -0.4101 0.2725 0.0197, -0.4045 0.2684 0.0, -0.4045 0.2684 0.0197, -0.3985 0.2651 0.0, -0.3985 0.2651 0.0197, -0.392 0.2625 0.0, -0.392 0.2625 0.0197, -0.3853 0.2608 0.0, -0.3853 0.2608 0.0197, -0.3785 0.26 0.0, -0.3785 0.26 0.0197, -0.3715 0.26 0.0, -0.3715 0.26 0.0197, -0.3647 0.2608 0.0, -0.3647 0.2608 0.0197, -0.358 0.2625 0.0, -0.358 0.2625 0.0197, -0.3515 0.2651 0.0, -0.3515 0.2651 0.0197, -0.3455 0.2684 0.0, -0.3455 0.2684 0.0197, -0.3399 0.2725 0.0, -0.3399 0.2725 0.0197, -0.3348 0.2772 0.0, -0.3348 0.2772 0.0197, -0.3304 0.2826 0.0, -0.3304 0.2826 0.0197, -0.3267 0.2884 0.0, -0.3267 0.2884 0.0197, -0.3238 0.2947 0.0, -0.3238 0.2947 0.0197, -0.3216 0.3013 0.0, -0.3216 0.3013 0.0197, -0.3203 0.3081 0.0, -0.3203 0.3081 0.0197, -0.3199 0.315 0.0, -0.3199 0.315 0.0197, -0.3159 0.315 0.0, -0.3159 0.315 0.0197, -0.3159 0.1772 0.0, -0.3159 0.1772 0.0197, 0.4301 -0.315 0.0, 0.4301 -0.315 0.0197, 0.4297 -0.3081 0.0, 0.4297 -0.3081 0.0197, 0.4284 -0.3013 0.0, 0.4284 -0.3013 0.0197, 0.4262 -0.2947 0.0, 0.4262 -0.2947 0.0197, 0.4233 -0.2884 0.0, 0.4233 -0.2884 0.0197, 0.4196 -0.2826 0.0, 0.4196 -0.2826 0.0197, 0.4152 -0.2772 0.0, 0.4152 -0.2772 0.0197, 0.4101 -0.2725 0.0, 0.4101 -0.2725 0.0197, 0.4045 -0.2684 0.0, 0.4045 -0.2684 0.0197, 0.3985 -0.2651 0.0, 0.3985 -0.2651 0.0197, 0.392 -0.2625 0.0, 0.392 -0.2625 0.0197, 0.3853 -0.2608 0.0, 0.3853 -0.2608 0.0197, 0.3785 -0.26 0.0, 0.3785 -0.26 0.0197, 0.3715 -0.26 0.0, 0.3715 -0.26 0.0197, 0.3647 -0.2608 0.0, 0.3647 -0.2608 0.0197, 0.358 -0.2625 0.0, 0.358 -0.2625 0.0197, 0.3515 -0.2651 0.0, 0.3515 -0.2651 0.0197, 0.3455 -0.2684 0.0, 0.3455 -0.2684 0.0197, 0.3399 -0.2725 0.0, 0.3399 -0.2725 0.0197, 0.3348 -0.2772 0.0, 0.3348 -0.2772 0.0197, 0.3304 -0.2826 0.0, 0.3304 -0.2826 0.0197, 0.3267 -0.2884 0.0, 0.3267 -0.2884 0.0197, 0.3238 -0.2947 0.0, 0.3238 -0.2947 0.0197, 0.3216 -0.3013 0.0, 0.3216 -0.3013 0.0197, 0.3203 -0.3081 0.0, 0.3203 -0.3081 0.0197, 0.3199 -0.315 0.0, 0.3199 -0.315 0.0197, 0.3159 -0.315 0.0, 0.3159 -0.315 0.0197, 0.3159 -0.1772 0.0, 0.3159 -0.1772 0.0197, 0.4341 -0.1772 0.0, 0.4341 -0.1772 0.0197, 0.4341 -0.315 0.0, 0.4341 -0.315 0.0197, 0.1801 -0.315 0.0, 0.1801 -0.315 0.0197, 0.1797 -0.3081 0.0, 0.1797 -0.3081 0.0197, 0.1784 -0.3013 0.0, 0.1784 -0.3013 0.0197, 0.1762 -0.2947 0.0, 0.1762 -0.2947 0.0197, 0.1733 -0.2884 0.0, 0.1733 -0.2884 0.0197, 0.1696 -0.2826 0.0, 0.1696 -0.2826 0.0197, 0.1652 -0.2772 0.0, 0.1652 -0.2772 0.0197, 0.1601 -0.2725 0.0, 0.1601 -0.2725 0.0197, 0.1545 -0.2684 0.0, 0.1545 -0.2684 0.0197, 0.1485 -0.2651 0.0, 0.1485 -0.2651 0.0197, 0.142 -0.2625 0.0, 0.142 -0.2625 0.0197, 0.1353 -0.2608 0.0, 0.1353 -0.2608 0.0197, 0.1285 -0.26 0.0, 0.1285 -0.26 0.0197, 0.1215 -0.26 0.0, 0.1215 -0.26 0.0197, 0.1147 -0.2608 0.0, 0.1147 -0.2608 0.0197, 0.108 -0.2625 0.0, 0.108 -0.2625 0.0197, 0.1015 -0.2651 0.0, 0.1015 -0.2651 0.0197, 0.0955 -0.2684 0.0, 0.0955 -0.2684 0.0197, 0.0899 -0.2725 0.0, 0.0899 -0.2725 0.0197, 0.0848 -0.2772 0.0, 0.0848 -0.2772 0.0197, 0.0804 -0.2826 0.0, 0.0804 -0.2826 0.0197, 0.0767 -0.2884 0.0, 0.0767 -0.2884 0.0197, 0.0738 -0.2947 0.0, 0.0738 -0.2947 0.0197, 0.0716 -0.3013 0.0, 0.0716 -0.3013 0.0197, 0.0703 -0.3081 0.0, 0.0703 -0.3081 0.0197, 0.0699 -0.315 0.0, 0.0699 -0.315 0.0197, 0.0659 -0.315 0.0, 0.0659 -0.315 0.0197, 0.0659 -0.1772 0.0, 0.0659 -0.1772 0.0197, 0.1841 -0.1772 0.0, 0.1841 -0.1772 0.0197, 0.1841 -0.315 0.0, 0.1841 -0.315 0.0197, -0.3159 -0.1772 0.0, -0.4341 -0.1772 0.0, -0.3159 -0.1772 0.0197, -0.4341 -0.1772 0.0197, -0.3159 -0.315 0.0, -0.3159 -0.315 0.0197, -0.3199 -0.315 0.0, -0.3199 -0.315 0.0197, -0.3203 -0.3081 0.0, -0.3203 -0.3081 0.0197, -0.3216 -0.3013 0.0, -0.3216 -0.3013 0.0197, -0.3238 -0.2947 0.0, -0.3238 -0.2947 0.0197, -0.3267 -0.2884 0.0, -0.3267 -0.2884 0.0197, -0.3304 -0.2826 0.0, -0.3304 -0.2826 0.0197, -0.3348 -0.2772 0.0, -0.3348 -0.2772 0.0197, -0.3399 -0.2725 0.0, -0.3399 -0.2725 0.0197, -0.3455 -0.2684 0.0, -0.3455 -0.2684 0.0197, -0.3515 -0.2651 0.0, -0.3515 -0.2651 0.0197, -0.358 -0.2625 0.0, -0.358 -0.2625 0.0197, -0.3647 -0.2608 0.0, -0.3647 -0.2608 0.0197, -0.3715 -0.26 0.0, -0.3715 -0.26 0.0197, -0.3785 -0.26 0.0, -0.3785 -0.26 0.0197, -0.3853 -0.2608 0.0, -0.3853 -0.2608 0.0197, -0.392 -0.2625 0.0, -0.392 -0.2625 0.0197, -0.3985 -0.2651 0.0, -0.3985 -0.2651 0.0197, -0.4045 -0.2684 0.0, -0.4045 -0.2684 0.0197, -0.4101 -0.2725 0.0, -0.4101 -0.2725 0.0197, -0.4152 -0.2772 0.0, -0.4152 -0.2772 0.0197, -0.4196 -0.2826 0.0, -0.4196 -0.2826 0.0197, -0.4233 -0.2884 0.0, -0.4233 -0.2884 0.0197, -0.4262 -0.2947 0.0, -0.4262 -0.2947 0.0197, -0.4284 -0.3013 0.0, -0.4284 -0.3013 0.0197, -0.4297 -0.3081 0.0, -0.4297 -0.3081 0.0197, -0.4301 -0.315 0.0, -0.4301 -0.315 0.0197, -0.4341 -0.315 0.0, -0.4341 -0.315 0.0197, -0.0699 -0.315 0.0, -0.0699 -0.315 0.0197, -0.0703 -0.3081 0.0, -0.0703 -0.3081 0.0197, -0.0716 -0.3013 0.0, -0.0716 -0.3013 0.0197, -0.0738 -0.2947 0.0, -0.0738 -0.2947 0.0197, -0.0767 -0.2884 0.0, -0.0767 -0.2884 0.0197, -0.0804 -0.2826 0.0, -0.0804 -0.2826 0.0197, -0.0848 -0.2772 0.0, -0.0848 -0.2772 0.0197, -0.0899 -0.2725 0.0, -0.0899 -0.2725 0.0197, -0.0955 -0.2684 0.0, -0.0955 -0.2684 0.0197, -0.1015 -0.2651 0.0, -0.1015 -0.2651 0.0197, -0.108 -0.2625 0.0, -0.108 -0.2625 0.0197, -0.1147 -0.2608 0.0, -0.1147 -0.2608 0.0197, -0.1215 -0.26 0.0, -0.1215 -0.26 0.0197, -0.1285 -0.26 0.0, -0.1285 -0.26 0.0197, -0.1353 -0.2608 0.0, -0.1353 -0.2608 0.0197, -0.142 -0.2625 0.0, -0.142 -0.2625 0.0197, -0.1485 -0.2651 0.0, -0.1485 -0.2651 0.0197, -0.1545 -0.2684 0.0, -0.1545 -0.2684 0.0197, -0.1601 -0.2725 0.0, -0.1601 -0.2725 0.0197, -0.1652 -0.2772 0.0, -0.1652 -0.2772 0.0197, -0.1696 -0.2826 0.0, -0.1696 -0.2826 0.0197, -0.1733 -0.2884 0.0, -0.1733 -0.2884 0.0197, -0.1762 -0.2947 0.0, -0.1762 -0.2947 0.0197, -0.1784 -0.3013 0.0, -0.1784 -0.3013 0.0197, -0.1797 -0.3081 0.0, -0.1797 -0.3081 0.0197, -0.1801 -0.315 0.0, -0.1801 -0.315 0.0197, -0.1841 -0.315 0.0, -0.1841 -0.315 0.0197, -0.1841 -0.1772 0.0, -0.1841 -0.1772 0.0197, -0.0659 -0.1772 0.0, -0.0659 -0.1772 0.0197, -0.0659 -0.315 0.0, -0.0659 -0.315 0.0197, 0.0659 0.315 0.0, 0.0659 0.1772 0.0, 0.0659 0.315 0.0197, 0.0659 0.1772 0.0197, 0.0699 0.315 0.0, 0.0699 0.315 0.0197, 0.0703 0.3081 0.0, 0.0703 0.3081 0.0197, 0.0716 0.3013 0.0, 0.0716 0.3013 0.0197, 0.0738 0.2947 0.0, 0.0738 0.2947 0.0197, 0.0767 0.2884 0.0, 0.0767 0.2884 0.0197, 0.0804 0.2826 0.0, 0.0804 0.2826 0.0197, 0.0848 0.2772 0.0, 0.0848 0.2772 0.0197, 0.0899 0.2725 0.0, 0.0899 0.2725 0.0197, 0.0955 0.2684 0.0, 0.0955 0.2684 0.0197, 0.1015 0.2651 0.0, 0.1015 0.2651 0.0197, 0.108 0.2625 0.0, 0.108 0.2625 0.0197, 0.1147 0.2608 0.0, 0.1147 0.2608 0.0197, 0.1215 0.26 0.0, 0.1215 0.26 0.0197, 0.1285 0.26 0.0, 0.1285 0.26 0.0197, 0.1353 0.2608 0.0, 0.1353 0.2608 0.0197, 0.142 0.2625 0.0, 0.142 0.2625 0.0197, 0.1485 0.2651 0.0, 0.1485 0.2651 0.0197, 0.1545 0.2684 0.0, 0.1545 0.2684 0.0197, 0.1601 0.2725 0.0, 0.1601 0.2725 0.0197, 0.1652 0.2772 0.0, 0.1652 0.2772 0.0197, 0.1696 0.2826 0.0, 0.1696 0.2826 0.0197, 0.1733 0.2884 0.0, 0.1733 0.2884 0.0197, 0.1762 0.2947 0.0, 0.1762 0.2947 0.0197, 0.1784 0.3013 0.0, 0.1784 0.3013 0.0197, 0.1797 0.3081 0.0, 0.1797 0.3081 0.0197, 0.1801 0.315 0.0, 0.1801 0.315 0.0197, 0.1841 0.315 0.0, 0.1841 0.315 0.0197, 0.1841 0.1772 0.0, 0.1841 0.1772 0.0197, -0.1841 0.315 0.0, -0.1841 0.1772 0.0, -0.1841 0.315 0.0197, -0.1841 0.1772 0.0197, -0.1801 0.315 0.0, -0.1801 0.315 0.0197, -0.1797 0.3081 0.0, -0.1797 0.3081 0.0197, -0.1784 0.3013 0.0, -0.1784 0.3013 0.0197, -0.1762 0.2947 0.0, -0.1762 0.2947 0.0197, -0.1733 0.2884 0.0, -0.1733 0.2884 0.0197, -0.1696 0.2826 0.0, -0.1696 0.2826 0.0197, -0.1652 0.2772 0.0, -0.1652 0.2772 0.0197, -0.1601 0.2725 0.0, -0.1601 0.2725 0.0197, -0.1545 0.2684 0.0, -0.1545 0.2684 0.0197, -0.1485 0.2651 0.0, -0.1485 0.2651 0.0197, -0.142 0.2625 0.0, -0.142 0.2625 0.0197, -0.1353 0.2608 0.0, -0.1353 0.2608 0.0197, -0.1285 0.26 0.0, -0.1285 0.26 0.0197, -0.1215 0.26 0.0, -0.1215 0.26 0.0197, -0.1147 0.2608 0.0, -0.1147 0.2608 0.0197, -0.108 0.2625 0.0, -0.108 0.2625 0.0197, -0.1015 0.2651 0.0, -0.1015 0.2651 0.0197, -0.0955 0.2684 0.0, -0.0955 0.2684 0.0197, -0.0899 0.2725 0.0, -0.0899 0.2725 0.0197, -0.0848 0.2772 0.0, -0.0848 0.2772 0.0197, -0.0804 0.2826 0.0, -0.0804 0.2826 0.0197, -0.0767 0.2884 0.0, -0.0767 0.2884 0.0197, -0.0738 0.2947 0.0, -0.0738 0.2947 0.0197, -0.0716 0.3013 0.0, -0.0716 0.3013 0.0197, -0.0703 0.3081 0.0, -0.0703 0.3081 0.0197, -0.0699 0.315 0.0, -0.0699 0.315 0.0197, -0.0659 0.315 0.0, -0.0659 0.315 0.0197, -0.0659 0.1772 0.0, -0.0659 0.1772 0.0197, 0.5315 -0.0787 0.0, 0.6299 -0.0787 0.0, 0.5315 -0.0787 0.0197, 0.6299 -0.0787 0.0197, 0.5315 0.0787 0.0, 0.5315 0.0787 0.0197, 0.6299 0.0787 0.0, 0.6299 0.0787 0.0197, 0.6299 0.0551 0.0, 0.6299 0.0551 0.0197, 0.623 0.0547 0.0, 0.623 0.0547 0.0197, 0.6162 0.0534 0.0, 0.6162 0.0534 0.0197, 0.6096 0.0512 0.0, 0.6096 0.0512 0.0197, 0.6034 0.0483 0.0, 0.6034 0.0483 0.0197, 0.5975 0.0446 0.0, 0.5975 0.0446 0.0197, 0.5922 0.0402 0.0, 0.5922 0.0402 0.0197, 0.5875 0.0351 0.0, 0.5875 0.0351 0.0197, 0.5834 0.0295 0.0, 0.5834 0.0295 0.0197, 0.58 0.0235 0.0, 0.58 0.0235 0.0197, 0.5775 0.017 0.0, 0.5775 0.017 0.0197, 0.5758 0.0103 0.0, 0.5758 0.0103 0.0197, 0.5749 0.0035 0.0, 0.5749 0.0035 0.0197, 0.5749 -0.0035 0.0, 0.5749 -0.0035 0.0197, 0.5758 -0.0103 0.0, 0.5758 -0.0103 0.0197, 0.5775 -0.017 0.0, 0.5775 -0.017 0.0197, 0.58 -0.0235 0.0, 0.58 -0.0235 0.0197, 0.5834 -0.0295 0.0, 0.5834 -0.0295 0.0197, 0.5875 -0.0351 0.0, 0.5875 -0.0351 0.0197, 0.5922 -0.0402 0.0, 0.5922 -0.0402 0.0197, 0.5975 -0.0446 0.0, 0.5975 -0.0446 0.0197, 0.6034 -0.0483 0.0, 0.6034 -0.0483 0.0197, 0.6096 -0.0512 0.0, 0.6096 -0.0512 0.0197, 0.6162 -0.0534 0.0, 0.6162 -0.0534 0.0197, 0.623 -0.0547 0.0, 0.623 -0.0547 0.0197, 0.6299 -0.0551 0.0, 0.6299 -0.0551 0.0197, 0.6221 -0.0546 0.1969, 0.6221 -0.0546 0.0, 0.6144 -0.0529 0.1969, 0.6144 -0.0529 0.0, 0.607 -0.0501 0.1969, 0.607 -0.0501 0.0, 0.6001 -0.0464 0.1969, 0.6001 -0.0464 0.0, 0.5938 -0.0417 0.1969, 0.5938 -0.0417 0.0, 0.5883 -0.0361 0.1969, 0.5883 -0.0361 0.0, 0.5836 -0.0298 0.1969, 0.5836 -0.0298 0.0, 0.5798 -0.0229 0.1969, 0.5798 -0.0229 0.0, 0.577 -0.0155 0.1969, 0.577 -0.0155 0.0, 0.5754 -0.0078 0.1969, 0.5754 -0.0078 0.0, 0.5748 0.0 0.1969, 0.5748 0.0 0.0, 0.5754 0.0078 0.1969, 0.5754 0.0078 0.0, 0.577 0.0155 0.1969, 0.577 0.0155 0.0, 0.5798 0.0229 0.1969, 0.5798 0.0229 0.0, 0.5836 0.0298 0.1969, 0.5836 0.0298 0.0, 0.5883 0.0361 0.1969, 0.5883 0.0361 0.0, 0.5938 0.0417 0.1969, 0.5938 0.0417 0.0, 0.6001 0.0464 0.1969, 0.6001 0.0464 0.0, 0.607 0.0501 0.1969, 0.607 0.0501 0.0, 0.6144 0.0529 0.1969, 0.6144 0.0529 0.0, 0.6221 0.0546 0.1969, 0.6221 0.0546 0.0, 0.6299 0.0394 0.0, 0.6299 0.0394 0.1969, 0.6234 0.0388 0.0, 0.6234 0.0388 0.1969, 0.6171 0.0372 0.0, 0.6171 0.0372 0.1969, 0.6112 0.0346 0.0, 0.6112 0.0346 0.1969, 0.6057 0.0311 0.0, 0.6057 0.0311 0.1969, 0.601 0.0267 0.0, 0.601 0.0267 0.1969, 0.597 0.0215 0.0, 0.597 0.0215 0.1969, 0.5939 0.0158 0.0, 0.5939 0.0158 0.1969, 0.5918 0.0097 0.0, 0.5918 0.0097 0.1969, 0.5907 0.0033 0.0, 0.5907 0.0033 0.1969, 0.5907 -0.0033 0.0, 0.5907 -0.0033 0.1969, 0.5918 -0.0097 0.0, 0.5918 -0.0097 0.1969, 0.5939 -0.0158 0.0, 0.5939 -0.0158 0.1969, 0.597 -0.0215 0.0, 0.597 -0.0215 0.1969, 0.601 -0.0267 0.0, 0.601 -0.0267 0.1969, 0.6057 -0.0311 0.0, 0.6057 -0.0311 0.1969, 0.6112 -0.0346 0.0, 0.6112 -0.0346 0.1969, 0.6171 -0.0372 0.0, 0.6171 -0.0372 0.1969, 0.6234 -0.0388 0.0, 0.6234 -0.0388 0.1969, 0.6299 -0.0394 0.0, 0.6299 -0.0394 0.1969, -0.6221 0.0546 0.1969, -0.6221 0.0546 0.0, -0.6144 0.0529 0.1969, -0.6144 0.0529 0.0, -0.607 0.0501 0.1969, -0.607 0.0501 0.0, -0.6001 0.0464 0.1969, -0.6001 0.0464 0.0, -0.5938 0.0417 0.1969, -0.5938 0.0417 0.0, -0.5883 0.0361 0.1969, -0.5883 0.0361 0.0, -0.5836 0.0298 0.1969, -0.5836 0.0298 0.0, -0.5798 0.0229 0.1969, -0.5798 0.0229 0.0, -0.577 0.0155 0.1969, -0.577 0.0155 0.0, -0.5754 0.0078 0.1969, -0.5754 0.0078 0.0, -0.5748 -0.0 0.1969, -0.5748 -0.0 0.0, -0.5754 -0.0078 0.1969, -0.5754 -0.0078 0.0, -0.577 -0.0155 0.1969, -0.577 -0.0155 0.0, -0.5798 -0.0229 0.1969, -0.5798 -0.0229 0.0, -0.5836 -0.0298 0.1969, -0.5836 -0.0298 0.0, -0.5883 -0.0361 0.1969, -0.5883 -0.0361 0.0, -0.5938 -0.0417 0.1969, -0.5938 -0.0417 0.0, -0.6001 -0.0464 0.1969, -0.6001 -0.0464 0.0, -0.607 -0.0501 0.1969, -0.607 -0.0501 0.0, -0.6144 -0.0529 0.1969, -0.6144 -0.0529 0.0, -0.6221 -0.0546 0.1969, -0.6221 -0.0546 0.0, -0.6299 -0.0394 0.0, -0.6299 -0.0394 0.1969, -0.6234 -0.0388 0.0, -0.6234 -0.0388 0.1969, -0.6171 -0.0372 0.0, -0.6171 -0.0372 0.1969, -0.6112 -0.0346 0.0, -0.6112 -0.0346 0.1969, -0.6057 -0.0311 0.0, -0.6057 -0.0311 0.1969, -0.601 -0.0267 0.0, -0.601 -0.0267 0.1969, -0.597 -0.0215 0.0, -0.597 -0.0215 0.1969, -0.5939 -0.0158 0.0, -0.5939 -0.0158 0.1969, -0.5918 -0.0097 0.0, -0.5918 -0.0097 0.1969, -0.5907 -0.0033 0.0, -0.5907 -0.0033 0.1969, -0.5907 0.0033 0.0, -0.5907 0.0033 0.1969, -0.5918 0.0097 0.0, -0.5918 0.0097 0.1969, -0.5939 0.0158 0.0, -0.5939 0.0158 0.1969, -0.597 0.0215 0.0, -0.597 0.0215 0.1969, -0.601 0.0267 0.0, -0.601 0.0267 0.1969, -0.6057 0.0311 0.0, -0.6057 0.0311 0.1969, -0.6112 0.0346 0.0, -0.6112 0.0346 0.1969, -0.6171 0.0372 0.0, -0.6171 0.0372 0.1969, -0.6234 0.0388 0.0, -0.6234 0.0388 0.1969, -0.6299 0.0394 0.0, -0.6299 0.0394 0.1969, -0.4296 -0.3071 0.1969, -0.4296 -0.3071 0.0, -0.4279 -0.2994 0.1969, -0.4279 -0.2994 0.0, -0.4251 -0.2921 0.1969, -0.4251 -0.2921 0.0, -0.4214 -0.2852 0.1969, -0.4214 -0.2852 0.0, -0.4167 -0.2789 0.1969, -0.4167 -0.2789 0.0, -0.4111 -0.2733 0.1969, -0.4111 -0.2733 0.0, -0.4048 -0.2686 0.1969, -0.4048 -0.2686 0.0, -0.3979 -0.2648 0.1969, -0.3979 -0.2648 0.0, -0.3905 -0.2621 0.1969, -0.3905 -0.2621 0.0, -0.3828 -0.2604 0.1969, -0.3828 -0.2604 0.0, -0.375 -0.2598 0.1969, -0.375 -0.2598 0.0, -0.3672 -0.2604 0.1969, -0.3672 -0.2604 0.0, -0.3595 -0.2621 0.1969, -0.3595 -0.2621 0.0, -0.3521 -0.2648 0.1969, -0.3521 -0.2648 0.0, -0.3452 -0.2686 0.1969, -0.3452 -0.2686 0.0, -0.3389 -0.2733 0.1969, -0.3389 -0.2733 0.0, -0.3333 -0.2789 0.1969, -0.3333 -0.2789 0.0, -0.3286 -0.2852 0.1969, -0.3286 -0.2852 0.0, -0.3249 -0.2921 0.1969, -0.3249 -0.2921 0.0, -0.3221 -0.2994 0.1969, -0.3221 -0.2994 0.0, -0.3204 -0.3071 0.1969, -0.3204 -0.3071 0.0, -0.3356 -0.315 0.0, -0.3356 -0.315 0.1969, -0.3362 -0.3085 0.0, -0.3362 -0.3085 0.1969, -0.3378 -0.3022 0.0, -0.3378 -0.3022 0.1969, -0.3404 -0.2962 0.0, -0.3404 -0.2962 0.1969, -0.3439 -0.2908 0.0, -0.3439 -0.2908 0.1969, -0.3483 -0.286 0.0, -0.3483 -0.286 0.1969, -0.3535 -0.282 0.0, -0.3535 -0.282 0.1969, -0.3592 -0.2789 0.0, -0.3592 -0.2789 0.1969, -0.3653 -0.2768 0.0, -0.3653 -0.2768 0.1969, -0.3717 -0.2757 0.0, -0.3717 -0.2757 0.1969, -0.3783 -0.2757 0.0, -0.3783 -0.2757 0.1969, -0.3847 -0.2768 0.0, -0.3847 -0.2768 0.1969, -0.3908 -0.2789 0.0, -0.3908 -0.2789 0.1969, -0.3965 -0.282 0.0, -0.3965 -0.282 0.1969, -0.4017 -0.286 0.0, -0.4017 -0.286 0.1969, -0.4061 -0.2908 0.0, -0.4061 -0.2908 0.1969, -0.4096 -0.2962 0.0, -0.4096 -0.2962 0.1969, -0.4122 -0.3022 0.0, -0.4122 -0.3022 0.1969, -0.4138 -0.3085 0.0, -0.4138 -0.3085 0.1969, -0.4144 -0.315 0.0, -0.4144 -0.315 0.1969, 0.1796 0.3071 0.1969, 0.1796 0.3071 0.0, 0.1779 0.2994 0.1969, 0.1779 0.2994 0.0, 0.1751 0.2921 0.1969, 0.1751 0.2921 0.0, 0.1714 0.2852 0.1969, 0.1714 0.2852 0.0, 0.1667 0.2789 0.1969, 0.1667 0.2789 0.0, 0.1611 0.2733 0.1969, 0.1611 0.2733 0.0, 0.1548 0.2686 0.1969, 0.1548 0.2686 0.0, 0.1479 0.2648 0.1969, 0.1479 0.2648 0.0, 0.1405 0.2621 0.1969, 0.1405 0.2621 0.0, 0.1328 0.2604 0.1969, 0.1328 0.2604 0.0, 0.125 0.2598 0.1969, 0.125 0.2598 0.0, 0.1172 0.2604 0.1969, 0.1172 0.2604 0.0, 0.1095 0.2621 0.1969, 0.1095 0.2621 0.0, 0.1021 0.2648 0.1969, 0.1021 0.2648 0.0, 0.0952 0.2686 0.1969, 0.0952 0.2686 0.0, 0.0889 0.2733 0.1969, 0.0889 0.2733 0.0, 0.0833 0.2789 0.1969, 0.0833 0.2789 0.0, 0.0786 0.2852 0.1969, 0.0786 0.2852 0.0, 0.0749 0.2921 0.1969, 0.0749 0.2921 0.0, 0.0721 0.2994 0.1969, 0.0721 0.2994 0.0, 0.0704 0.3071 0.1969, 0.0704 0.3071 0.0, 0.0856 0.315 0.0, 0.0856 0.315 0.1969, 0.0862 0.3085 0.0, 0.0862 0.3085 0.1969, 0.0878 0.3022 0.0, 0.0878 0.3022 0.1969, 0.0904 0.2962 0.0, 0.0904 0.2962 0.1969, 0.0939 0.2908 0.0, 0.0939 0.2908 0.1969, 0.0983 0.286 0.0, 0.0983 0.286 0.1969, 0.1035 0.282 0.0, 0.1035 0.282 0.1969, 0.1092 0.2789 0.0, 0.1092 0.2789 0.1969, 0.1153 0.2768 0.0, 0.1153 0.2768 0.1969, 0.1217 0.2757 0.0, 0.1217 0.2757 0.1969, 0.1283 0.2757 0.0, 0.1283 0.2757 0.1969, 0.1347 0.2768 0.0, 0.1347 0.2768 0.1969, 0.1408 0.2789 0.0, 0.1408 0.2789 0.1969, 0.1465 0.282 0.0, 0.1465 0.282 0.1969, 0.1517 0.286 0.0, 0.1517 0.286 0.1969, 0.1561 0.2908 0.0, 0.1561 0.2908 0.1969, 0.1596 0.2962 0.0, 0.1596 0.2962 0.1969, 0.1622 0.3022 0.0, 0.1622 0.3022 0.1969, 0.1638 0.3085 0.0, 0.1638 0.3085 0.1969, 0.1644 0.315 0.0, 0.1644 0.315 0.1969, -0.0704 0.3071 0.1969, -0.0704 0.3071 0.0, -0.0721 0.2994 0.1969, -0.0721 0.2994 0.0, -0.0749 0.2921 0.1969, -0.0749 0.2921 0.0, -0.0786 0.2852 0.1969, -0.0786 0.2852 0.0, -0.0833 0.2789 0.1969, -0.0833 0.2789 0.0, -0.0889 0.2733 0.1969, -0.0889 0.2733 0.0, -0.0952 0.2686 0.1969, -0.0952 0.2686 0.0, -0.1021 0.2648 0.1969, -0.1021 0.2648 0.0, -0.1095 0.2621 0.1969, -0.1095 0.2621 0.0, -0.1172 0.2604 0.1969, -0.1172 0.2604 0.0, -0.125 0.2598 0.1969, -0.125 0.2598 0.0, -0.1328 0.2604 0.1969, -0.1328 0.2604 0.0, -0.1405 0.2621 0.1969, -0.1405 0.2621 0.0, -0.1479 0.2648 0.1969, -0.1479 0.2648 0.0, -0.1548 0.2686 0.1969, -0.1548 0.2686 0.0, -0.1611 0.2733 0.1969, -0.1611 0.2733 0.0, -0.1667 0.2789 0.1969, -0.1667 0.2789 0.0, -0.1714 0.2852 0.1969, -0.1714 0.2852 0.0, -0.1751 0.2921 0.1969, -0.1751 0.2921 0.0, -0.1779 0.2994 0.1969, -0.1779 0.2994 0.0, -0.1796 0.3071 0.1969, -0.1796 0.3071 0.0, -0.1644 0.315 0.0, -0.1644 0.315 0.1969, -0.1638 0.3085 0.0, -0.1638 0.3085 0.1969, -0.1622 0.3022 0.0, -0.1622 0.3022 0.1969, -0.1596 0.2962 0.0, -0.1596 0.2962 0.1969, -0.1561 0.2908 0.0, -0.1561 0.2908 0.1969, -0.1517 0.286 0.0, -0.1517 0.286 0.1969, -0.1465 0.282 0.0, -0.1465 0.282 0.1969, -0.1408 0.2789 0.0, -0.1408 0.2789 0.1969, -0.1347 0.2768 0.0, -0.1347 0.2768 0.1969, -0.1283 0.2757 0.0, -0.1283 0.2757 0.1969, -0.1217 0.2757 0.0, -0.1217 0.2757 0.1969, -0.1153 0.2768 0.0, -0.1153 0.2768 0.1969, -0.1092 0.2789 0.0, -0.1092 0.2789 0.1969, -0.1035 0.282 0.0, -0.1035 0.282 0.1969, -0.0983 0.286 0.0, -0.0983 0.286 0.1969, -0.0939 0.2908 0.0, -0.0939 0.2908 0.1969, -0.0904 0.2962 0.0, -0.0904 0.2962 0.1969, -0.0878 0.3022 0.0, -0.0878 0.3022 0.1969, -0.0862 0.3085 0.0, -0.0862 0.3085 0.1969, -0.0856 0.315 0.0, -0.0856 0.315 0.1969, -0.3204 0.3071 0.1969, -0.3204 0.3071 0.0, -0.3221 0.2994 0.1969, -0.3221 0.2994 0.0, -0.3249 0.2921 0.1969, -0.3249 0.2921 0.0, -0.3286 0.2852 0.1969, -0.3286 0.2852 0.0, -0.3333 0.2789 0.1969, -0.3333 0.2789 0.0, -0.3389 0.2733 0.1969, -0.3389 0.2733 0.0, -0.3452 0.2686 0.1969, -0.3452 0.2686 0.0, -0.3521 0.2648 0.1969, -0.3521 0.2648 0.0, -0.3595 0.2621 0.1969, -0.3595 0.2621 0.0, -0.3672 0.2604 0.1969, -0.3672 0.2604 0.0, -0.375 0.2598 0.1969, -0.375 0.2598 0.0, -0.3828 0.2604 0.1969, -0.3828 0.2604 0.0, -0.3905 0.2621 0.1969, -0.3905 0.2621 0.0, -0.3979 0.2648 0.1969, -0.3979 0.2648 0.0, -0.4048 0.2686 0.1969, -0.4048 0.2686 0.0, -0.4111 0.2733 0.1969, -0.4111 0.2733 0.0, -0.4167 0.2789 0.1969, -0.4167 0.2789 0.0, -0.4214 0.2852 0.1969, -0.4214 0.2852 0.0, -0.4251 0.2921 0.1969, -0.4251 0.2921 0.0, -0.4279 0.2994 0.1969, -0.4279 0.2994 0.0, -0.4296 0.3071 0.1969, -0.4296 0.3071 0.0, -0.4144 0.315 0.0, -0.4144 0.315 0.1969, -0.4138 0.3085 0.0, -0.4138 0.3085 0.1969, -0.4122 0.3022 0.0, -0.4122 0.3022 0.1969, -0.4096 0.2962 0.0, -0.4096 0.2962 0.1969, -0.4061 0.2908 0.0, -0.4061 0.2908 0.1969, -0.4017 0.286 0.0, -0.4017 0.286 0.1969, -0.3965 0.282 0.0, -0.3965 0.282 0.1969, -0.3908 0.2789 0.0, -0.3908 0.2789 0.1969, -0.3847 0.2768 0.0, -0.3847 0.2768 0.1969, -0.3783 0.2757 0.0, -0.3783 0.2757 0.1969, -0.3717 0.2757 0.0, -0.3717 0.2757 0.1969, -0.3653 0.2768 0.0, -0.3653 0.2768 0.1969, -0.3592 0.2789 0.0, -0.3592 0.2789 0.1969, -0.3535 0.282 0.0, -0.3535 0.282 0.1969, -0.3483 0.286 0.0, -0.3483 0.286 0.1969, -0.3439 0.2908 0.0, -0.3439 0.2908 0.1969, -0.3404 0.2962 0.0, -0.3404 0.2962 0.1969, -0.3378 0.3022 0.0, -0.3378 0.3022 0.1969, -0.3362 0.3085 0.0, -0.3362 0.3085 0.1969, -0.3356 0.315 0.0, -0.3356 0.315 0.1969, -0.1796 -0.3071 0.1969, -0.1796 -0.3071 0.0, -0.1779 -0.2994 0.1969, -0.1779 -0.2994 0.0, -0.1751 -0.2921 0.1969, -0.1751 -0.2921 0.0, -0.1714 -0.2852 0.1969, -0.1714 -0.2852 0.0, -0.1667 -0.2789 0.1969, -0.1667 -0.2789 0.0, -0.1611 -0.2733 0.1969, -0.1611 -0.2733 0.0, -0.1548 -0.2686 0.1969, -0.1548 -0.2686 0.0, -0.1479 -0.2648 0.1969, -0.1479 -0.2648 0.0, -0.1405 -0.2621 0.1969, -0.1405 -0.2621 0.0, -0.1328 -0.2604 0.1969, -0.1328 -0.2604 0.0, -0.125 -0.2598 0.1969, -0.125 -0.2598 0.0, -0.1172 -0.2604 0.1969, -0.1172 -0.2604 0.0, -0.1095 -0.2621 0.1969, -0.1095 -0.2621 0.0, -0.1021 -0.2648 0.1969, -0.1021 -0.2648 0.0, -0.0952 -0.2686 0.1969, -0.0952 -0.2686 0.0, -0.0889 -0.2733 0.1969, -0.0889 -0.2733 0.0, -0.0833 -0.2789 0.1969, -0.0833 -0.2789 0.0, -0.0786 -0.2852 0.1969, -0.0786 -0.2852 0.0, -0.0749 -0.2921 0.1969, -0.0749 -0.2921 0.0, -0.0721 -0.2994 0.1969, -0.0721 -0.2994 0.0, -0.0704 -0.3071 0.1969, -0.0704 -0.3071 0.0, -0.0856 -0.315 0.0, -0.0856 -0.315 0.1969, -0.0862 -0.3085 0.0, -0.0862 -0.3085 0.1969, -0.0878 -0.3022 0.0, -0.0878 -0.3022 0.1969, -0.0904 -0.2962 0.0, -0.0904 -0.2962 0.1969, -0.0939 -0.2908 0.0, -0.0939 -0.2908 0.1969, -0.0983 -0.286 0.0, -0.0983 -0.286 0.1969, -0.1035 -0.282 0.0, -0.1035 -0.282 0.1969, -0.1092 -0.2789 0.0, -0.1092 -0.2789 0.1969, -0.1153 -0.2768 0.0, -0.1153 -0.2768 0.1969, -0.1217 -0.2757 0.0, -0.1217 -0.2757 0.1969, -0.1283 -0.2757 0.0, -0.1283 -0.2757 0.1969, -0.1347 -0.2768 0.0, -0.1347 -0.2768 0.1969, -0.1408 -0.2789 0.0, -0.1408 -0.2789 0.1969, -0.1465 -0.282 0.0, -0.1465 -0.282 0.1969, -0.1517 -0.286 0.0, -0.1517 -0.286 0.1969, -0.1561 -0.2908 0.0, -0.1561 -0.2908 0.1969, -0.1596 -0.2962 0.0, -0.1596 -0.2962 0.1969, -0.1622 -0.3022 0.0, -0.1622 -0.3022 0.1969, -0.1638 -0.3085 0.0, -0.1638 -0.3085 0.1969, -0.1644 -0.315 0.0, -0.1644 -0.315 0.1969, 0.0704 -0.3071 0.1969, 0.0704 -0.3071 0.0, 0.0721 -0.2994 0.1969, 0.0721 -0.2994 0.0, 0.0749 -0.2921 0.1969, 0.0749 -0.2921 0.0, 0.0786 -0.2852 0.1969, 0.0786 -0.2852 0.0, 0.0833 -0.2789 0.1969, 0.0833 -0.2789 0.0, 0.0889 -0.2733 0.1969, 0.0889 -0.2733 0.0, 0.0952 -0.2686 0.1969, 0.0952 -0.2686 0.0, 0.1021 -0.2648 0.1969, 0.1021 -0.2648 0.0, 0.1095 -0.2621 0.1969, 0.1095 -0.2621 0.0, 0.1172 -0.2604 0.1969, 0.1172 -0.2604 0.0, 0.125 -0.2598 0.1969, 0.125 -0.2598 0.0, 0.1328 -0.2604 0.1969, 0.1328 -0.2604 0.0, 0.1405 -0.2621 0.1969, 0.1405 -0.2621 0.0, 0.1479 -0.2648 0.1969, 0.1479 -0.2648 0.0, 0.1548 -0.2686 0.1969, 0.1548 -0.2686 0.0, 0.1611 -0.2733 0.1969, 0.1611 -0.2733 0.0, 0.1667 -0.2789 0.1969, 0.1667 -0.2789 0.0, 0.1714 -0.2852 0.1969, 0.1714 -0.2852 0.0, 0.1751 -0.2921 0.1969, 0.1751 -0.2921 0.0, 0.1779 -0.2994 0.1969, 0.1779 -0.2994 0.0, 0.1796 -0.3071 0.1969, 0.1796 -0.3071 0.0, 0.1644 -0.315 0.0, 0.1644 -0.315 0.1969, 0.1638 -0.3085 0.0, 0.1638 -0.3085 0.1969, 0.1622 -0.3022 0.0, 0.1622 -0.3022 0.1969, 0.1596 -0.2962 0.0, 0.1596 -0.2962 0.1969, 0.1561 -0.2908 0.0, 0.1561 -0.2908 0.1969, 0.1517 -0.286 0.0, 0.1517 -0.286 0.1969, 0.1465 -0.282 0.0, 0.1465 -0.282 0.1969, 0.1408 -0.2789 0.0, 0.1408 -0.2789 0.1969, 0.1347 -0.2768 0.0, 0.1347 -0.2768 0.1969, 0.1283 -0.2757 0.0, 0.1283 -0.2757 0.1969, 0.1217 -0.2757 0.0, 0.1217 -0.2757 0.1969, 0.1153 -0.2768 0.0, 0.1153 -0.2768 0.1969, 0.1092 -0.2789 0.0, 0.1092 -0.2789 0.1969, 0.1035 -0.282 0.0, 0.1035 -0.282 0.1969, 0.0983 -0.286 0.0, 0.0983 -0.286 0.1969, 0.0939 -0.2908 0.0, 0.0939 -0.2908 0.1969, 0.0904 -0.2962 0.0, 0.0904 -0.2962 0.1969, 0.0878 -0.3022 0.0, 0.0878 -0.3022 0.1969, 0.0862 -0.3085 0.0, 0.0862 -0.3085 0.1969, 0.0856 -0.315 0.0, 0.0856 -0.315 0.1969, 0.3204 -0.3071 0.1969, 0.3204 -0.3071 0.0, 0.3221 -0.2994 0.1969, 0.3221 -0.2994 0.0, 0.3249 -0.2921 0.1969, 0.3249 -0.2921 0.0, 0.3286 -0.2852 0.1969, 0.3286 -0.2852 0.0, 0.3333 -0.2789 0.1969, 0.3333 -0.2789 0.0, 0.3389 -0.2733 0.1969, 0.3389 -0.2733 0.0, 0.3452 -0.2686 0.1969, 0.3452 -0.2686 0.0, 0.3521 -0.2648 0.1969, 0.3521 -0.2648 0.0, 0.3595 -0.2621 0.1969, 0.3595 -0.2621 0.0, 0.3672 -0.2604 0.1969, 0.3672 -0.2604 0.0, 0.375 -0.2598 0.1969, 0.375 -0.2598 0.0, 0.3828 -0.2604 0.1969, 0.3828 -0.2604 0.0, 0.3905 -0.2621 0.1969, 0.3905 -0.2621 0.0, 0.3979 -0.2648 0.1969, 0.3979 -0.2648 0.0, 0.4048 -0.2686 0.1969, 0.4048 -0.2686 0.0, 0.4111 -0.2733 0.1969, 0.4111 -0.2733 0.0, 0.4167 -0.2789 0.1969, 0.4167 -0.2789 0.0, 0.4214 -0.2852 0.1969, 0.4214 -0.2852 0.0, 0.4251 -0.2921 0.1969, 0.4251 -0.2921 0.0, 0.4279 -0.2994 0.1969, 0.4279 -0.2994 0.0, 0.4296 -0.3071 0.1969, 0.4296 -0.3071 0.0, 0.4144 -0.315 0.0, 0.4144 -0.315 0.1969, 0.4138 -0.3085 0.0, 0.4138 -0.3085 0.1969, 0.4122 -0.3022 0.0, 0.4122 -0.3022 0.1969, 0.4096 -0.2962 0.0, 0.4096 -0.2962 0.1969, 0.4061 -0.2908 0.0, 0.4061 -0.2908 0.1969, 0.4017 -0.286 0.0, 0.4017 -0.286 0.1969, 0.3965 -0.282 0.0, 0.3965 -0.282 0.1969, 0.3908 -0.2789 0.0, 0.3908 -0.2789 0.1969, 0.3847 -0.2768 0.0, 0.3847 -0.2768 0.1969, 0.3783 -0.2757 0.0, 0.3783 -0.2757 0.1969, 0.3717 -0.2757 0.0, 0.3717 -0.2757 0.1969, 0.3653 -0.2768 0.0, 0.3653 -0.2768 0.1969, 0.3592 -0.2789 0.0, 0.3592 -0.2789 0.1969, 0.3535 -0.282 0.0, 0.3535 -0.282 0.1969, 0.3483 -0.286 0.0, 0.3483 -0.286 0.1969, 0.3439 -0.2908 0.0, 0.3439 -0.2908 0.1969, 0.3404 -0.2962 0.0, 0.3404 -0.2962 0.1969, 0.3378 -0.3022 0.0, 0.3378 -0.3022 0.1969, 0.3362 -0.3085 0.0, 0.3362 -0.3085 0.1969, 0.3356 -0.315 0.0, 0.3356 -0.315 0.1969
            ]
        }
        coordIndex [
            0,1,2,-1,2,1,3,-1,0,2,4,-1,4,2,5,-1,4,5,6,-1,6,5,7,-1,6,7,8,-1,8,7,9,-1,8,9,10,-1,10,9,11,-1,10,11,12,-1,12,11,13,-1,12,13,14,-1,14,13,15,-1,14,15,16,-1,16,15,17,-1,16,17,18,-1,18,17,19,-1,18,19,20,-1,20,19,21,-1,20,21,22,-1,22,21,23,-1,22,23,24,-1,24,23,25,-1,24,25,26,-1,26,25,27,-1,26,27,28,-1,28,27,29,-1,28,29,30,-1,30,29,31,-1,30,31,32,-1,32,31,33,-1,32,33,34,-1,34,33,35,-1,34,35,36,-1,36,35,37,-1,36,37,38,-1,38,37,39,-1,38,39,40,-1,40,39,41,-1,40,41,42,-1,42,41,43,-1,42,43,44,-1,44,43,45,-1,44,45,46,-1,46,45,47,-1,46,47,48,-1,48,47,49,-1,48,49,50,-1,50,49,51,-1,50,51,52,-1,52,51,53,-1,52,53,54,-1,54,53,55,-1,54,55,56,-1,56,55,57,-1,58,56,59,-1,59,56,57,-1,60,58,61,-1,61,58,59,-1,62,60,63,-1,63,60,61,-1,1,62,3,-1,3,62,63,-1,54,56,58,-1,38,40,60,-1,62,10,12,-1,40,42,60,-1,60,42,44,-1,60,44,46,-1,46,48,60,-1,60,48,50,-1,60,50,58,-1,58,50,52,-1,58,52,54,-1,0,4,1,-1,1,4,6,-1,1,6,62,-1,62,6,8,-1,62,8,10,-1,32,34,60,-1,60,34,36,-1,60,36,38,-1,12,14,62,-1,62,14,16,-1,62,16,18,-1,18,20,62,-1,62,20,22,-1,62,22,24,-1,24,26,62,-1,62,26,28,-1,62,28,60,-1,60,28,30,-1,60,30,32,-1,43,41,61,-1,2,3,5,-1,5,3,7,-1,57,55,59,-1,59,55,53,-1,59,53,61,-1,61,53,51,-1,61,51,49,-1,49,47,61,-1,61,47,45,-1,61,45,43,-1,41,39,61,-1,61,39,37,-1,61,37,35,-1,7,3,9,-1,9,3,63,-1,9,63,11,-1,23,63,25,-1,25,63,27,-1,35,33,61,-1,61,33,31,-1,61,31,63,-1,63,31,29,-1,63,29,27,-1,23,21,63,-1,63,21,19,-1,63,19,17,-1,17,15,63,-1,63,15,13,-1,63,13,11,-1,64,65,66,-1,66,65,67,-1,66,67,68,-1,68,67,69,-1,68,69,70,-1,70,69,71,-1,70,71,72,-1,72,71,73,-1,72,73,74,-1,74,73,75,-1,74,75,76,-1,76,75,77,-1,76,77,78,-1,78,77,79,-1,78,79,80,-1,80,79,81,-1,80,81,82,-1,82,81,83,-1,82,83,84,-1,84,83,85,-1,84,85,86,-1,86,85,87,-1,86,87,88,-1,88,87,89,-1,88,89,90,-1,90,89,91,-1,90,91,92,-1,92,91,93,-1,92,93,94,-1,94,93,95,-1,94,95,96,-1,96,95,97,-1,96,97,98,-1,98,97,99,-1,98,99,100,-1,100,99,101,-1,100,101,102,-1,102,101,103,-1,102,103,104,-1,104,103,105,-1,104,105,106,-1,106,105,107,-1,106,107,108,-1,108,107,109,-1,108,109,110,-1,110,109,111,-1,110,111,112,-1,112,111,113,-1,112,113,114,-1,114,113,115,-1,114,115,116,-1,116,115,117,-1,116,117,118,-1,118,117,119,-1,120,118,121,-1,121,118,119,-1,122,120,123,-1,123,120,121,-1,124,122,125,-1,125,122,123,-1,126,124,127,-1,127,124,125,-1,64,126,65,-1,65,126,127,-1,116,118,120,-1,124,78,80,-1,80,82,124,-1,124,82,84,-1,124,84,86,-1,110,112,122,-1,86,88,124,-1,124,88,90,-1,124,90,122,-1,122,90,92,-1,92,94,122,-1,122,94,96,-1,122,96,98,-1,64,66,126,-1,126,66,68,-1,126,68,124,-1,124,68,70,-1,124,70,72,-1,72,74,124,-1,124,74,76,-1,124,76,78,-1,98,100,122,-1,122,100,102,-1,122,102,104,-1,122,112,120,-1,120,112,114,-1,120,114,116,-1,104,106,122,-1,122,106,108,-1,122,108,110,-1,67,65,127,-1,111,109,123,-1,89,87,125,-1,103,101,123,-1,123,101,99,-1,123,99,97,-1,119,117,121,-1,121,117,115,-1,121,115,123,-1,123,115,113,-1,123,113,111,-1,109,107,123,-1,123,107,105,-1,123,105,103,-1,97,95,123,-1,123,95,93,-1,123,93,125,-1,125,93,91,-1,125,91,89,-1,87,85,125,-1,125,85,83,-1,125,83,81,-1,81,79,125,-1,125,79,77,-1,125,77,75,-1,75,73,125,-1,125,73,71,-1,125,71,127,-1,127,71,69,-1,127,69,67,-1,128,129,130,-1,130,129,131,-1,130,131,132,-1,132,131,133,-1,132,133,134,-1,134,133,135,-1,134,135,136,-1,136,135,137,-1,136,137,138,-1,138,137,139,-1,138,139,140,-1,140,139,141,-1,140,141,142,-1,142,141,143,-1,142,143,144,-1,144,143,145,-1,144,145,146,-1,146,145,147,-1,146,147,148,-1,148,147,149,-1,148,149,150,-1,150,149,151,-1,150,151,152,-1,152,151,153,-1,152,153,154,-1,154,153,155,-1,154,155,156,-1,156,155,157,-1,156,157,158,-1,158,157,159,-1,158,159,160,-1,160,159,161,-1,160,161,162,-1,162,161,163,-1,162,163,164,-1,164,163,165,-1,164,165,166,-1,166,165,167,-1,166,167,168,-1,168,167,169,-1,168,169,170,-1,170,169,171,-1,170,171,172,-1,172,171,173,-1,172,173,174,-1,174,173,175,-1,174,175,176,-1,176,175,177,-1,176,177,178,-1,178,177,179,-1,178,179,180,-1,180,179,181,-1,180,181,182,-1,182,181,183,-1,184,182,185,-1,185,182,183,-1,186,184,187,-1,187,184,185,-1,188,186,189,-1,189,186,187,-1,190,188,191,-1,191,188,189,-1,128,190,129,-1,129,190,191,-1,180,182,184,-1,142,144,188,-1,158,160,186,-1,144,146,188,-1,188,146,148,-1,188,148,150,-1,160,162,186,-1,186,162,164,-1,186,164,166,-1,166,168,186,-1,186,168,170,-1,186,170,172,-1,172,174,186,-1,186,174,176,-1,186,176,184,-1,184,176,178,-1,184,178,180,-1,136,138,188,-1,188,138,140,-1,188,140,142,-1,128,130,190,-1,190,130,132,-1,190,132,188,-1,188,132,134,-1,188,134,136,-1,150,152,188,-1,188,152,154,-1,188,154,186,-1,186,154,156,-1,186,156,158,-1,131,129,191,-1,153,151,189,-1,187,175,173,-1,183,181,185,-1,185,181,179,-1,185,179,187,-1,187,179,177,-1,187,177,175,-1,173,171,187,-1,187,171,169,-1,187,169,167,-1,167,165,187,-1,187,165,163,-1,187,163,161,-1,151,149,189,-1,189,149,147,-1,189,147,145,-1,145,143,189,-1,189,143,141,-1,189,141,139,-1,161,159,187,-1,187,159,157,-1,187,157,189,-1,189,157,155,-1,189,155,153,-1,139,137,189,-1,189,137,135,-1,189,135,191,-1,191,135,133,-1,191,133,131,-1,192,193,194,-1,194,193,195,-1,194,195,196,-1,196,195,197,-1,196,197,198,-1,198,197,199,-1,198,199,200,-1,200,199,201,-1,200,201,202,-1,202,201,203,-1,202,203,204,-1,204,203,205,-1,204,205,206,-1,206,205,207,-1,206,207,208,-1,208,207,209,-1,208,209,210,-1,210,209,211,-1,210,211,212,-1,212,211,213,-1,212,213,214,-1,214,213,215,-1,214,215,216,-1,216,215,217,-1,216,217,218,-1,218,217,219,-1,218,219,220,-1,220,219,221,-1,220,221,222,-1,222,221,223,-1,222,223,224,-1,224,223,225,-1,224,225,226,-1,226,225,227,-1,226,227,228,-1,228,227,229,-1,228,229,230,-1,230,229,231,-1,230,231,232,-1,232,231,233,-1,232,233,234,-1,234,233,235,-1,234,235,236,-1,236,235,237,-1,236,237,238,-1,238,237,239,-1,238,239,240,-1,240,239,241,-1,240,241,242,-1,242,241,243,-1,242,243,244,-1,244,243,245,-1,244,245,246,-1,246,245,247,-1,248,246,249,-1,249,246,247,-1,250,248,251,-1,251,248,249,-1,252,250,253,-1,253,250,251,-1,254,252,255,-1,255,252,253,-1,192,254,193,-1,193,254,255,-1,244,246,248,-1,222,224,250,-1,250,224,226,-1,250,226,228,-1,250,234,236,-1,214,252,212,-1,212,252,210,-1,228,230,250,-1,250,230,232,-1,250,232,234,-1,236,238,250,-1,250,238,240,-1,250,240,248,-1,248,240,242,-1,248,242,244,-1,198,252,196,-1,196,252,254,-1,196,254,194,-1,194,254,192,-1,214,216,252,-1,252,216,218,-1,252,218,250,-1,250,218,220,-1,250,220,222,-1,198,200,252,-1,252,200,202,-1,252,202,204,-1,204,206,252,-1,252,206,208,-1,252,208,210,-1,195,193,255,-1,227,225,251,-1,217,215,253,-1,239,237,251,-1,251,237,235,-1,251,235,233,-1,247,245,249,-1,249,245,243,-1,249,243,251,-1,251,243,241,-1,251,241,239,-1,233,231,251,-1,251,231,229,-1,251,229,227,-1,215,213,253,-1,253,213,211,-1,253,211,209,-1,225,223,251,-1,251,223,221,-1,251,221,253,-1,253,221,219,-1,253,219,217,-1,203,201,253,-1,253,201,199,-1,253,199,255,-1,255,199,197,-1,255,197,195,-1,209,207,253,-1,253,207,205,-1,253,205,203,-1,256,257,258,-1,258,257,259,-1,258,259,260,-1,260,259,261,-1,260,261,262,-1,262,261,263,-1,262,263,264,-1,264,263,265,-1,264,265,266,-1,266,265,267,-1,266,267,268,-1,268,267,269,-1,268,269,270,-1,270,269,271,-1,270,271,272,-1,272,271,273,-1,272,273,274,-1,274,273,275,-1,274,275,276,-1,276,275,277,-1,276,277,278,-1,278,277,279,-1,278,279,280,-1,280,279,281,-1,280,281,282,-1,282,281,283,-1,282,283,284,-1,284,283,285,-1,284,285,286,-1,286,285,287,-1,286,287,288,-1,288,287,289,-1,288,289,290,-1,290,289,291,-1,290,291,292,-1,292,291,293,-1,292,293,294,-1,294,293,295,-1,294,295,296,-1,296,295,297,-1,296,297,298,-1,298,297,299,-1,298,299,300,-1,300,299,301,-1,300,301,302,-1,302,301,303,-1,302,303,304,-1,304,303,305,-1,304,305,306,-1,306,305,307,-1,306,307,308,-1,308,307,309,-1,308,309,310,-1,310,309,311,-1,312,310,313,-1,313,310,311,-1,314,312,315,-1,315,312,313,-1,316,314,317,-1,317,314,315,-1,318,316,319,-1,319,316,317,-1,256,318,257,-1,257,318,319,-1,308,310,312,-1,256,258,318,-1,318,258,260,-1,318,260,316,-1,260,262,316,-1,316,262,264,-1,316,264,266,-1,266,268,316,-1,316,268,270,-1,316,270,272,-1,286,288,314,-1,288,290,314,-1,314,290,292,-1,314,292,294,-1,272,274,316,-1,316,274,276,-1,316,276,278,-1,278,280,316,-1,316,280,282,-1,316,282,314,-1,314,282,284,-1,314,284,286,-1,294,296,314,-1,314,296,298,-1,314,298,300,-1,300,302,314,-1,314,302,304,-1,314,304,312,-1,312,304,306,-1,312,306,308,-1,259,257,319,-1,275,273,317,-1,267,265,317,-1,317,265,263,-1,317,263,319,-1,319,263,261,-1,319,261,259,-1,273,271,317,-1,317,271,269,-1,317,269,267,-1,315,297,295,-1,295,293,315,-1,315,293,291,-1,315,291,289,-1,281,279,317,-1,317,279,277,-1,317,277,275,-1,311,309,313,-1,313,309,307,-1,313,307,315,-1,315,307,305,-1,315,305,303,-1,303,301,315,-1,315,301,299,-1,315,299,297,-1,289,287,315,-1,315,287,285,-1,315,285,317,-1,317,285,283,-1,317,283,281,-1,320,321,322,-1,322,321,323,-1,322,323,324,-1,324,323,325,-1,324,325,326,-1,326,325,327,-1,326,327,328,-1,328,327,329,-1,328,329,330,-1,330,329,331,-1,330,331,332,-1,332,331,333,-1,332,333,334,-1,334,333,335,-1,334,335,336,-1,336,335,337,-1,336,337,338,-1,338,337,339,-1,338,339,340,-1,340,339,341,-1,340,341,342,-1,342,341,343,-1,342,343,344,-1,344,343,345,-1,344,345,346,-1,346,345,347,-1,346,347,348,-1,348,347,349,-1,348,349,350,-1,350,349,351,-1,350,351,352,-1,352,351,353,-1,352,353,354,-1,354,353,355,-1,354,355,356,-1,356,355,357,-1,356,357,358,-1,358,357,359,-1,358,359,360,-1,360,359,361,-1,360,361,362,-1,362,361,363,-1,362,363,364,-1,364,363,365,-1,364,365,366,-1,366,365,367,-1,366,367,368,-1,368,367,369,-1,368,369,370,-1,370,369,371,-1,370,371,372,-1,372,371,373,-1,372,373,374,-1,374,373,375,-1,376,374,377,-1,377,374,375,-1,378,376,379,-1,379,376,377,-1,380,378,381,-1,381,378,379,-1,382,380,383,-1,383,380,381,-1,320,382,321,-1,321,382,383,-1,372,374,376,-1,372,376,370,-1,380,328,330,-1,350,352,378,-1,378,352,354,-1,330,332,380,-1,380,332,334,-1,380,334,336,-1,336,338,380,-1,380,338,340,-1,380,340,342,-1,320,322,382,-1,382,322,324,-1,382,324,380,-1,380,324,326,-1,380,326,328,-1,342,344,380,-1,380,344,346,-1,380,346,378,-1,378,346,348,-1,378,348,350,-1,354,356,378,-1,378,356,358,-1,378,358,360,-1,370,376,368,-1,368,376,378,-1,368,378,366,-1,360,362,378,-1,378,362,364,-1,378,364,366,-1,323,321,383,-1,345,343,381,-1,359,357,379,-1,379,357,355,-1,379,355,353,-1,343,341,381,-1,381,341,339,-1,381,339,337,-1,337,335,381,-1,381,335,333,-1,381,333,331,-1,379,367,365,-1,353,351,379,-1,379,351,349,-1,379,349,381,-1,381,349,347,-1,381,347,345,-1,331,329,381,-1,381,329,327,-1,381,327,383,-1,383,327,325,-1,383,325,323,-1,375,373,377,-1,377,373,371,-1,377,371,379,-1,379,371,369,-1,379,369,367,-1,365,363,379,-1,379,363,361,-1,379,361,359,-1,384,385,386,-1,386,385,387,-1,386,387,388,-1,388,387,389,-1,388,389,390,-1,390,389,391,-1,390,391,392,-1,392,391,393,-1,392,393,394,-1,394,393,395,-1,394,395,396,-1,396,395,397,-1,396,397,398,-1,398,397,399,-1,398,399,400,-1,400,399,401,-1,400,401,402,-1,402,401,403,-1,402,403,404,-1,404,403,405,-1,404,405,406,-1,406,405,407,-1,406,407,408,-1,408,407,409,-1,408,409,410,-1,410,409,411,-1,410,411,412,-1,412,411,413,-1,412,413,414,-1,414,413,415,-1,414,415,416,-1,416,415,417,-1,416,417,418,-1,418,417,419,-1,418,419,420,-1,420,419,421,-1,420,421,422,-1,422,421,423,-1,422,423,424,-1,424,423,425,-1,424,425,426,-1,426,425,427,-1,426,427,428,-1,428,427,429,-1,428,429,430,-1,430,429,431,-1,430,431,432,-1,432,431,433,-1,432,433,434,-1,434,433,435,-1,434,435,436,-1,436,435,437,-1,436,437,438,-1,438,437,439,-1,440,438,441,-1,441,438,439,-1,442,440,443,-1,443,440,441,-1,444,442,445,-1,445,442,443,-1,446,444,447,-1,447,444,445,-1,384,446,385,-1,385,446,447,-1,436,438,440,-1,414,416,442,-1,398,400,444,-1,400,402,444,-1,444,402,404,-1,444,404,406,-1,406,408,444,-1,444,408,410,-1,444,410,442,-1,442,410,412,-1,442,412,414,-1,416,418,442,-1,442,418,420,-1,442,420,422,-1,384,386,446,-1,446,386,388,-1,446,388,444,-1,444,388,390,-1,444,390,392,-1,422,424,442,-1,442,424,426,-1,442,426,428,-1,392,394,444,-1,444,394,396,-1,444,396,398,-1,428,430,442,-1,442,430,432,-1,442,432,440,-1,440,432,434,-1,440,434,436,-1,387,385,447,-1,409,407,445,-1,425,423,443,-1,423,421,443,-1,443,421,419,-1,443,419,417,-1,417,415,443,-1,443,415,413,-1,443,413,445,-1,445,413,411,-1,445,411,409,-1,407,405,445,-1,445,405,403,-1,445,403,401,-1,431,429,443,-1,443,429,427,-1,443,427,425,-1,401,399,445,-1,445,399,397,-1,445,397,395,-1,395,393,445,-1,445,393,391,-1,445,391,447,-1,447,391,389,-1,447,389,387,-1,439,437,441,-1,441,437,435,-1,441,435,443,-1,443,435,433,-1,443,433,431,-1,448,449,450,-1,450,449,451,-1,450,451,452,-1,452,451,453,-1,452,453,454,-1,454,453,455,-1,454,455,456,-1,456,455,457,-1,456,457,458,-1,458,457,459,-1,458,459,460,-1,460,459,461,-1,460,461,462,-1,462,461,463,-1,462,463,464,-1,464,463,465,-1,464,465,466,-1,466,465,467,-1,466,467,468,-1,468,467,469,-1,468,469,470,-1,470,469,471,-1,470,471,472,-1,472,471,473,-1,472,473,474,-1,474,473,475,-1,474,475,476,-1,476,475,477,-1,476,477,478,-1,478,477,479,-1,478,479,480,-1,480,479,481,-1,480,481,482,-1,482,481,483,-1,482,483,484,-1,484,483,485,-1,484,485,486,-1,486,485,487,-1,486,487,488,-1,488,487,489,-1,488,489,490,-1,490,489,491,-1,490,491,492,-1,492,491,493,-1,492,493,494,-1,494,493,495,-1,494,495,496,-1,496,495,497,-1,496,497,498,-1,498,497,499,-1,498,499,500,-1,500,499,501,-1,500,501,502,-1,502,501,503,-1,504,502,505,-1,505,502,503,-1,506,504,507,-1,507,504,505,-1,508,506,509,-1,509,506,507,-1,510,508,511,-1,511,508,509,-1,448,510,449,-1,449,510,511,-1,500,502,504,-1,478,480,506,-1,486,488,506,-1,506,488,490,-1,506,490,492,-1,492,494,506,-1,506,494,496,-1,506,496,504,-1,504,496,498,-1,504,498,500,-1,480,482,506,-1,506,482,484,-1,506,484,486,-1,508,456,458,-1,458,460,508,-1,508,460,462,-1,508,462,464,-1,464,466,508,-1,508,466,468,-1,508,468,470,-1,448,450,510,-1,510,450,452,-1,510,452,508,-1,508,452,454,-1,508,454,456,-1,470,472,508,-1,508,472,474,-1,508,474,506,-1,506,474,476,-1,506,476,478,-1,451,449,511,-1,495,493,507,-1,503,501,505,-1,505,501,499,-1,505,499,507,-1,507,499,497,-1,507,497,495,-1,493,491,507,-1,507,491,489,-1,507,489,487,-1,487,485,507,-1,507,485,483,-1,507,483,481,-1,473,471,509,-1,471,469,509,-1,509,469,467,-1,509,467,465,-1,465,463,509,-1,509,463,461,-1,509,461,459,-1,481,479,507,-1,507,479,477,-1,507,477,509,-1,509,477,475,-1,509,475,473,-1,459,457,509,-1,509,457,455,-1,509,455,511,-1,511,455,453,-1,511,453,451,-1,512,513,514,-1,514,513,515,-1,516,512,517,-1,517,512,514,-1,516,517,518,-1,518,517,519,-1,518,519,520,-1,520,519,521,-1,520,521,522,-1,522,521,523,-1,522,523,524,-1,524,523,525,-1,524,525,526,-1,526,525,527,-1,526,527,528,-1,528,527,529,-1,528,529,530,-1,530,529,531,-1,530,531,532,-1,532,531,533,-1,532,533,534,-1,534,533,535,-1,534,535,536,-1,536,535,537,-1,536,537,538,-1,538,537,539,-1,538,539,540,-1,540,539,541,-1,540,541,542,-1,542,541,543,-1,542,543,544,-1,544,543,545,-1,544,545,546,-1,546,545,547,-1,546,547,548,-1,548,547,549,-1,548,549,550,-1,550,549,551,-1,550,551,552,-1,552,551,553,-1,552,553,554,-1,554,553,555,-1,554,555,556,-1,556,555,557,-1,556,557,558,-1,558,557,559,-1,558,559,560,-1,560,559,561,-1,560,561,562,-1,562,561,563,-1,562,563,564,-1,564,563,565,-1,564,565,566,-1,566,565,567,-1,568,566,569,-1,569,566,567,-1,570,568,571,-1,571,568,569,-1,513,570,515,-1,515,570,571,-1,544,546,570,-1,516,518,512,-1,512,518,520,-1,512,520,513,-1,513,520,522,-1,513,522,524,-1,524,526,513,-1,513,526,528,-1,513,528,530,-1,530,532,513,-1,513,532,534,-1,513,534,536,-1,536,538,513,-1,513,538,540,-1,513,540,570,-1,570,540,542,-1,570,542,544,-1,546,548,570,-1,570,548,550,-1,570,550,552,-1,552,554,570,-1,570,554,556,-1,570,556,558,-1,558,560,570,-1,570,560,562,-1,570,562,568,-1,568,562,564,-1,568,564,566,-1,545,543,571,-1,559,557,571,-1,571,543,515,-1,515,543,541,-1,515,541,539,-1,539,537,515,-1,515,537,535,-1,515,535,533,-1,515,527,525,-1,525,523,515,-1,515,523,521,-1,515,521,514,-1,514,521,519,-1,514,519,517,-1,557,555,571,-1,571,555,553,-1,571,553,551,-1,533,531,515,-1,515,531,529,-1,515,529,527,-1,567,565,569,-1,569,565,563,-1,569,563,571,-1,571,563,561,-1,571,561,559,-1,551,549,571,-1,571,549,547,-1,571,547,545,-1,566,256,572,-1,566,572,573,-1,573,572,574,-1,573,574,575,-1,575,574,576,-1,575,576,577,-1,577,576,578,-1,577,578,579,-1,579,578,580,-1,579,580,581,-1,581,580,582,-1,581,582,583,-1,583,582,584,-1,583,584,585,-1,585,584,586,-1,585,586,587,-1,587,586,588,-1,587,588,589,-1,589,588,590,-1,589,590,591,-1,591,590,592,-1,591,592,593,-1,593,592,594,-1,593,594,595,-1,595,594,596,-1,595,596,597,-1,597,596,598,-1,597,598,599,-1,599,598,600,-1,599,600,601,-1,601,600,602,-1,601,602,603,-1,603,602,604,-1,603,604,605,-1,605,604,606,-1,605,606,607,-1,607,606,608,-1,607,608,609,-1,609,608,610,-1,609,610,611,-1,611,610,612,-1,611,612,613,-1,613,612,310,-1,613,310,516,-1,614,516,615,-1,615,516,310,-1,614,615,616,-1,616,615,617,-1,616,617,618,-1,618,617,619,-1,618,619,620,-1,620,619,621,-1,620,621,622,-1,622,621,623,-1,622,623,624,-1,624,623,625,-1,624,625,626,-1,626,625,627,-1,626,627,628,-1,628,627,629,-1,628,629,630,-1,630,629,631,-1,630,631,632,-1,632,631,633,-1,632,633,634,-1,634,633,635,-1,634,635,636,-1,636,635,637,-1,636,637,638,-1,638,637,639,-1,638,639,640,-1,640,639,641,-1,640,641,642,-1,642,641,643,-1,642,643,644,-1,644,643,645,-1,644,645,646,-1,646,645,647,-1,646,647,648,-1,648,647,649,-1,648,649,650,-1,650,649,651,-1,650,651,652,-1,652,651,653,-1,566,652,256,-1,256,652,653,-1,516,614,613,-1,613,614,616,-1,613,616,611,-1,611,616,618,-1,611,618,609,-1,609,618,620,-1,609,620,607,-1,607,620,622,-1,652,566,650,-1,650,566,573,-1,650,573,648,-1,648,573,575,-1,648,575,646,-1,634,593,632,-1,632,593,595,-1,632,595,630,-1,630,595,597,-1,630,597,628,-1,628,597,599,-1,628,599,626,-1,626,599,601,-1,626,601,624,-1,624,601,603,-1,624,603,622,-1,622,603,605,-1,622,605,607,-1,575,577,646,-1,646,577,579,-1,646,579,644,-1,644,579,581,-1,644,581,642,-1,642,581,583,-1,642,583,640,-1,640,583,585,-1,640,585,638,-1,638,585,587,-1,638,587,636,-1,636,587,589,-1,636,589,634,-1,634,589,591,-1,634,591,593,-1,615,310,617,-1,617,310,612,-1,617,612,619,-1,619,612,610,-1,619,610,621,-1,256,653,572,-1,572,653,651,-1,572,651,574,-1,574,651,649,-1,574,649,576,-1,576,649,647,-1,576,647,578,-1,578,647,645,-1,633,592,635,-1,635,592,590,-1,635,590,637,-1,637,590,588,-1,637,588,639,-1,639,588,586,-1,639,586,641,-1,641,586,584,-1,641,584,643,-1,643,584,582,-1,643,582,645,-1,645,582,580,-1,645,580,578,-1,610,608,621,-1,621,608,606,-1,621,606,623,-1,623,606,604,-1,623,604,625,-1,625,604,602,-1,625,602,627,-1,627,602,600,-1,627,600,629,-1,629,600,598,-1,629,598,631,-1,631,598,596,-1,631,596,633,-1,633,596,594,-1,633,594,592,-1,654,655,656,-1,656,655,657,-1,656,657,658,-1,658,657,659,-1,658,659,660,-1,660,659,661,-1,660,661,662,-1,662,661,663,-1,662,663,664,-1,664,663,665,-1,664,665,666,-1,666,665,667,-1,666,667,668,-1,668,667,669,-1,668,669,670,-1,670,669,671,-1,670,671,672,-1,672,671,673,-1,672,673,674,-1,674,673,675,-1,674,675,676,-1,676,675,677,-1,676,677,678,-1,678,677,679,-1,678,679,680,-1,680,679,681,-1,680,681,682,-1,682,681,683,-1,682,683,684,-1,684,683,685,-1,684,685,686,-1,686,685,687,-1,686,687,688,-1,688,687,689,-1,688,689,690,-1,690,689,691,-1,690,691,692,-1,692,691,693,-1,692,693,694,-1,694,693,695,-1,694,695,696,-1,696,695,697,-1,696,697,698,-1,698,697,699,-1,698,699,700,-1,700,699,701,-1,700,701,702,-1,702,701,703,-1,702,703,704,-1,704,703,705,-1,704,705,706,-1,706,705,707,-1,706,707,708,-1,708,707,709,-1,710,708,711,-1,711,708,709,-1,712,710,713,-1,713,710,711,-1,714,712,715,-1,715,712,713,-1,716,714,717,-1,717,714,715,-1,654,716,655,-1,655,716,717,-1,706,708,710,-1,666,714,664,-1,664,714,662,-1,676,714,674,-1,674,714,672,-1,684,686,712,-1,712,686,688,-1,700,702,712,-1,666,668,714,-1,714,668,670,-1,714,670,672,-1,712,702,710,-1,710,702,704,-1,710,704,706,-1,654,656,716,-1,716,656,658,-1,716,658,714,-1,714,658,660,-1,714,660,662,-1,676,678,714,-1,714,678,680,-1,714,680,712,-1,712,680,682,-1,712,682,684,-1,688,690,712,-1,712,690,692,-1,712,692,694,-1,694,696,712,-1,712,696,698,-1,712,698,700,-1,657,655,717,-1,689,687,713,-1,679,677,715,-1,709,707,711,-1,711,707,705,-1,711,705,713,-1,713,705,703,-1,713,703,701,-1,677,675,715,-1,715,675,673,-1,715,673,671,-1,701,699,713,-1,713,699,697,-1,713,697,695,-1,695,693,713,-1,713,693,691,-1,713,691,689,-1,671,669,715,-1,715,669,667,-1,715,667,665,-1,687,685,713,-1,713,685,683,-1,713,683,715,-1,715,683,681,-1,715,681,679,-1,665,663,715,-1,715,663,661,-1,715,661,717,-1,717,661,659,-1,717,659,657,-1,718,719,720,-1,720,719,721,-1,722,718,723,-1,723,718,720,-1,724,722,725,-1,725,722,723,-1,726,724,727,-1,727,724,725,-1,728,726,729,-1,729,726,727,-1,728,729,730,-1,730,729,731,-1,730,731,732,-1,732,731,733,-1,732,733,734,-1,734,733,735,-1,734,735,736,-1,736,735,737,-1,736,737,738,-1,738,737,739,-1,738,739,740,-1,740,739,741,-1,740,741,742,-1,742,741,743,-1,742,743,744,-1,744,743,745,-1,744,745,746,-1,746,745,747,-1,746,747,748,-1,748,747,749,-1,748,749,750,-1,750,749,751,-1,750,751,752,-1,752,751,753,-1,752,753,754,-1,754,753,755,-1,754,755,756,-1,756,755,757,-1,756,757,758,-1,758,757,759,-1,758,759,760,-1,760,759,761,-1,760,761,762,-1,762,761,763,-1,762,763,764,-1,764,763,765,-1,764,765,766,-1,766,765,767,-1,766,767,768,-1,768,767,769,-1,768,769,770,-1,770,769,771,-1,770,771,772,-1,772,771,773,-1,772,773,774,-1,774,773,775,-1,774,775,776,-1,776,775,777,-1,776,777,778,-1,778,777,779,-1,778,779,780,-1,780,779,781,-1,780,781,719,-1,719,781,721,-1,780,719,718,-1,722,756,758,-1,728,730,726,-1,726,730,732,-1,726,732,724,-1,724,744,746,-1,756,722,754,-1,754,722,724,-1,754,724,752,-1,758,760,722,-1,722,760,762,-1,722,762,764,-1,722,770,772,-1,732,734,724,-1,724,734,736,-1,724,736,738,-1,746,748,724,-1,724,748,750,-1,724,750,752,-1,764,766,722,-1,722,766,768,-1,722,768,770,-1,738,740,724,-1,724,740,742,-1,724,742,744,-1,772,774,722,-1,722,774,776,-1,722,776,718,-1,718,776,778,-1,718,778,780,-1,763,761,723,-1,753,751,725,-1,761,759,723,-1,723,759,757,-1,723,757,725,-1,725,757,755,-1,725,755,753,-1,725,745,743,-1,729,727,731,-1,731,727,733,-1,775,773,723,-1,723,773,771,-1,723,771,769,-1,769,767,723,-1,723,767,765,-1,723,765,763,-1,751,749,725,-1,725,749,747,-1,725,747,745,-1,733,727,735,-1,735,727,725,-1,735,725,737,-1,721,781,720,-1,720,781,779,-1,720,779,723,-1,723,779,777,-1,723,777,775,-1,743,741,725,-1,725,741,739,-1,725,739,737,-1,782,783,784,-1,784,783,785,-1,784,785,786,-1,786,785,787,-1,786,787,788,-1,788,787,789,-1,788,789,790,-1,790,789,791,-1,790,791,792,-1,792,791,793,-1,792,793,794,-1,794,793,795,-1,794,795,796,-1,796,795,797,-1,796,797,798,-1,798,797,799,-1,798,799,800,-1,800,799,801,-1,800,801,802,-1,802,801,803,-1,802,803,804,-1,804,803,805,-1,804,805,806,-1,806,805,807,-1,806,807,808,-1,808,807,809,-1,808,809,810,-1,810,809,811,-1,810,811,812,-1,812,811,813,-1,812,813,814,-1,814,813,815,-1,814,815,816,-1,816,815,817,-1,816,817,818,-1,818,817,819,-1,818,819,820,-1,820,819,821,-1,820,821,822,-1,822,821,823,-1,822,823,824,-1,824,823,825,-1,824,825,826,-1,826,825,827,-1,826,827,828,-1,828,827,829,-1,828,829,830,-1,830,829,831,-1,830,831,832,-1,832,831,833,-1,834,832,835,-1,835,832,833,-1,836,834,837,-1,837,834,835,-1,838,836,839,-1,839,836,837,-1,840,838,841,-1,841,838,839,-1,782,840,783,-1,783,840,841,-1,830,832,834,-1,800,802,838,-1,820,822,836,-1,800,838,798,-1,810,812,836,-1,836,812,814,-1,814,816,836,-1,836,816,818,-1,836,818,820,-1,822,824,836,-1,836,824,826,-1,836,826,834,-1,834,826,828,-1,834,828,830,-1,790,792,838,-1,782,784,840,-1,840,784,786,-1,840,786,838,-1,838,786,788,-1,838,788,790,-1,792,794,838,-1,838,794,796,-1,838,796,798,-1,802,804,838,-1,838,804,806,-1,838,806,836,-1,836,806,808,-1,836,808,810,-1,785,783,841,-1,825,823,837,-1,837,823,821,-1,837,821,819,-1,819,817,837,-1,837,817,815,-1,837,815,813,-1,833,831,835,-1,835,831,829,-1,835,829,837,-1,837,829,827,-1,837,827,825,-1,805,803,839,-1,839,803,801,-1,839,801,799,-1,799,797,839,-1,839,797,795,-1,839,795,793,-1,813,811,837,-1,837,811,809,-1,837,809,839,-1,839,809,807,-1,839,807,805,-1,793,791,839,-1,839,791,789,-1,839,789,841,-1,841,789,787,-1,841,787,785,-1,842,843,844,-1,844,843,845,-1,846,842,847,-1,847,842,844,-1,846,847,848,-1,848,847,849,-1,848,849,850,-1,850,849,851,-1,850,851,852,-1,852,851,853,-1,852,853,854,-1,854,853,855,-1,854,855,856,-1,856,855,857,-1,856,857,858,-1,858,857,859,-1,858,859,860,-1,860,859,861,-1,860,861,862,-1,862,861,863,-1,862,863,864,-1,864,863,865,-1,864,865,866,-1,866,865,867,-1,866,867,868,-1,868,867,869,-1,868,869,870,-1,870,869,871,-1,870,871,872,-1,872,871,873,-1,872,873,874,-1,874,873,875,-1,874,875,876,-1,876,875,877,-1,876,877,878,-1,878,877,879,-1,878,879,880,-1,880,879,881,-1,880,881,882,-1,882,881,883,-1,882,883,884,-1,884,883,885,-1,884,885,886,-1,886,885,887,-1,886,887,888,-1,888,887,889,-1,888,889,890,-1,890,889,891,-1,890,891,892,-1,892,891,893,-1,892,893,894,-1,894,893,895,-1,894,895,896,-1,896,895,897,-1,898,896,899,-1,899,896,897,-1,900,898,901,-1,901,898,899,-1,843,900,845,-1,845,900,901,-1,894,896,898,-1,862,864,843,-1,843,864,866,-1,846,848,842,-1,842,848,850,-1,842,850,843,-1,850,852,843,-1,843,852,854,-1,843,854,856,-1,856,858,843,-1,843,858,860,-1,843,860,862,-1,894,898,892,-1,892,898,900,-1,892,900,890,-1,872,900,870,-1,870,900,843,-1,870,843,868,-1,868,843,866,-1,872,874,900,-1,900,874,876,-1,900,876,878,-1,878,880,900,-1,900,880,882,-1,900,882,884,-1,884,886,900,-1,900,886,888,-1,900,888,890,-1,845,869,867,-1,867,865,845,-1,845,865,863,-1,845,863,861,-1,855,853,845,-1,845,853,851,-1,845,851,844,-1,844,851,849,-1,844,849,847,-1,861,859,845,-1,845,859,857,-1,845,857,855,-1,897,895,899,-1,899,895,893,-1,899,893,901,-1,901,893,891,-1,901,891,889,-1,889,887,901,-1,901,887,885,-1,901,885,883,-1,877,875,901,-1,901,875,873,-1,901,873,845,-1,845,873,871,-1,845,871,869,-1,883,881,901,-1,901,881,879,-1,901,879,877,-1,902,903,904,-1,904,903,905,-1,904,905,906,-1,906,905,907,-1,906,907,908,-1,908,907,909,-1,908,909,910,-1,910,909,911,-1,910,911,912,-1,912,911,913,-1,912,913,914,-1,914,913,915,-1,914,915,916,-1,916,915,917,-1,916,917,918,-1,918,917,919,-1,918,919,920,-1,920,919,921,-1,920,921,922,-1,922,921,923,-1,922,923,924,-1,924,923,925,-1,924,925,926,-1,926,925,927,-1,926,927,928,-1,928,927,929,-1,928,929,930,-1,930,929,931,-1,930,931,932,-1,932,931,933,-1,932,933,934,-1,934,933,935,-1,934,935,936,-1,936,935,937,-1,936,937,938,-1,938,937,939,-1,938,939,940,-1,940,939,941,-1,940,941,942,-1,942,941,943,-1,942,943,944,-1,944,943,945,-1,944,945,946,-1,946,945,947,-1,946,947,948,-1,948,947,949,-1,948,949,950,-1,950,949,951,-1,950,951,952,-1,952,951,953,-1,954,952,955,-1,955,952,953,-1,956,954,957,-1,957,954,955,-1,958,956,959,-1,959,956,957,-1,960,958,961,-1,961,958,959,-1,902,960,903,-1,903,960,961,-1,930,932,956,-1,902,904,960,-1,960,904,906,-1,960,906,958,-1,958,906,908,-1,958,908,910,-1,910,912,958,-1,958,912,914,-1,958,914,916,-1,916,918,958,-1,958,918,920,-1,958,920,922,-1,922,924,958,-1,958,924,926,-1,958,926,956,-1,956,926,928,-1,956,928,930,-1,932,934,956,-1,956,934,936,-1,956,936,938,-1,938,940,956,-1,956,940,942,-1,956,942,944,-1,944,946,956,-1,956,946,948,-1,956,948,954,-1,954,948,950,-1,954,950,952,-1,959,907,961,-1,961,907,905,-1,961,905,903,-1,925,923,959,-1,959,923,921,-1,959,921,919,-1,919,917,959,-1,959,917,915,-1,959,915,913,-1,913,911,959,-1,959,911,909,-1,959,909,907,-1,957,945,943,-1,933,957,935,-1,935,957,937,-1,933,931,957,-1,957,931,929,-1,957,929,959,-1,959,929,927,-1,959,927,925,-1,943,941,957,-1,957,941,939,-1,957,939,937,-1,953,951,955,-1,955,951,949,-1,955,949,957,-1,957,949,947,-1,957,947,945,-1,962,963,964,-1,964,963,965,-1,964,965,966,-1,966,965,967,-1,966,967,968,-1,968,967,969,-1,968,969,970,-1,970,969,971,-1,970,971,972,-1,972,971,973,-1,972,973,974,-1,974,973,975,-1,974,975,976,-1,976,975,977,-1,976,977,978,-1,978,977,979,-1,978,979,980,-1,980,979,981,-1,980,981,982,-1,982,981,983,-1,982,983,984,-1,984,983,985,-1,984,985,986,-1,986,985,987,-1,986,987,988,-1,988,987,989,-1,988,989,990,-1,990,989,991,-1,990,991,992,-1,992,991,993,-1,992,993,994,-1,994,993,995,-1,994,995,996,-1,996,995,997,-1,996,997,998,-1,998,997,999,-1,998,999,1000,-1,1000,999,1001,-1,1000,1001,1002,-1,1002,1001,1003,-1,1002,1003,1004,-1,1004,1003,1005,-1,1004,1005,1006,-1,1006,1005,1007,-1,1006,1007,1008,-1,1008,1007,1009,-1,1008,1009,1010,-1,1010,1009,1011,-1,1010,1011,1012,-1,1012,1011,1013,-1,1014,1012,1015,-1,1015,1012,1013,-1,1016,1014,1017,-1,1017,1014,1015,-1,1018,1016,1019,-1,1019,1016,1017,-1,1020,1018,1021,-1,1021,1018,1019,-1,962,1020,963,-1,963,1020,1021,-1,970,972,1018,-1,1018,972,974,-1,1018,974,976,-1,990,992,1016,-1,962,964,1020,-1,1020,964,966,-1,1020,966,1018,-1,1018,966,968,-1,1018,968,970,-1,976,978,1018,-1,1018,978,980,-1,1018,980,982,-1,982,984,1018,-1,1018,984,986,-1,1018,986,1016,-1,1016,986,988,-1,1016,988,990,-1,992,994,1016,-1,1016,994,996,-1,1016,996,998,-1,998,1000,1016,-1,1016,1000,1002,-1,1016,1002,1004,-1,1004,1006,1016,-1,1016,1006,1008,-1,1016,1008,1014,-1,1014,1008,1010,-1,1014,1010,1012,-1,999,997,1017,-1,1017,997,995,-1,1017,995,993,-1,993,991,1017,-1,1017,991,989,-1,1017,989,1019,-1,1019,989,987,-1,1013,1011,1015,-1,1015,1011,1009,-1,1015,1009,1017,-1,1017,1009,1007,-1,1017,1007,1005,-1,1005,1003,1017,-1,1017,1003,1001,-1,1017,1001,999,-1,987,985,1019,-1,1019,985,983,-1,1019,983,981,-1,975,973,1019,-1,1019,973,971,-1,981,979,1019,-1,1019,979,977,-1,1019,977,975,-1,971,969,1019,-1,1019,969,967,-1,1019,967,1021,-1,1021,967,965,-1,1021,965,963,-1,1022,1023,1024,-1,1024,1023,1025,-1,1026,1022,1027,-1,1027,1022,1024,-1,1028,1026,1029,-1,1029,1026,1027,-1,1028,1029,1030,-1,1030,1029,1031,-1,1030,1031,1032,-1,1032,1031,1033,-1,1032,1033,1034,-1,1034,1033,1035,-1,1034,1035,1036,-1,1036,1035,1037,-1,1036,1037,1038,-1,1038,1037,1039,-1,1038,1039,1040,-1,1040,1039,1041,-1,1040,1041,1042,-1,1042,1041,1043,-1,1042,1043,1044,-1,1044,1043,1045,-1,1044,1045,1046,-1,1046,1045,1047,-1,1046,1047,1048,-1,1048,1047,1049,-1,1048,1049,1050,-1,1050,1049,1051,-1,1050,1051,1052,-1,1052,1051,1053,-1,1052,1053,1054,-1,1054,1053,1055,-1,1054,1055,1056,-1,1056,1055,1057,-1,1056,1057,1058,-1,1058,1057,1059,-1,1058,1059,1060,-1,1060,1059,1061,-1,1060,1061,1062,-1,1062,1061,1063,-1,1062,1063,1064,-1,1064,1063,1065,-1,1064,1065,1066,-1,1066,1065,1067,-1,1066,1067,1068,-1,1068,1067,1069,-1,1068,1069,1070,-1,1070,1069,1071,-1,1070,1071,1072,-1,1072,1071,1073,-1,1072,1073,1074,-1,1074,1073,1075,-1,1074,1075,1076,-1,1076,1075,1077,-1,1076,1077,1078,-1,1078,1077,1079,-1,1080,1078,1081,-1,1081,1078,1079,-1,1023,1080,1025,-1,1025,1080,1081,-1,1070,1072,1023,-1,1023,1072,1074,-1,1023,1074,1080,-1,1080,1074,1076,-1,1080,1076,1078,-1,1023,1056,1058,-1,1028,1030,1026,-1,1026,1030,1032,-1,1026,1032,1022,-1,1022,1032,1034,-1,1022,1034,1036,-1,1036,1038,1022,-1,1022,1038,1040,-1,1022,1040,1042,-1,1042,1044,1022,-1,1022,1044,1046,-1,1022,1046,1048,-1,1048,1050,1022,-1,1022,1050,1052,-1,1022,1052,1023,-1,1023,1052,1054,-1,1023,1054,1056,-1,1058,1060,1023,-1,1023,1060,1062,-1,1023,1062,1064,-1,1064,1066,1023,-1,1023,1066,1068,-1,1023,1068,1070,-1,1071,1069,1025,-1,1079,1077,1081,-1,1081,1077,1075,-1,1081,1075,1025,-1,1025,1075,1073,-1,1025,1073,1071,-1,1063,1061,1025,-1,1025,1061,1059,-1,1051,1049,1024,-1,1037,1035,1024,-1,1024,1035,1033,-1,1024,1033,1027,-1,1027,1033,1031,-1,1027,1031,1029,-1,1059,1057,1025,-1,1025,1057,1055,-1,1025,1055,1024,-1,1024,1055,1053,-1,1024,1053,1051,-1,1049,1047,1024,-1,1024,1047,1045,-1,1024,1045,1043,-1,1043,1041,1024,-1,1024,1041,1039,-1,1024,1039,1037,-1,1069,1067,1025,-1,1025,1067,1065,-1,1025,1065,1063,-1,1082,1083,1084,-1,1084,1083,1085,-1,1084,1085,1086,-1,1086,1085,1087,-1,1086,1087,1088,-1,1088,1087,1089,-1,1088,1089,1090,-1,1090,1089,1091,-1,1090,1091,1092,-1,1092,1091,1093,-1,1092,1093,1094,-1,1094,1093,1095,-1,1094,1095,1096,-1,1096,1095,1097,-1,1096,1097,1098,-1,1098,1097,1099,-1,1098,1099,1100,-1,1100,1099,1101,-1,1100,1101,1102,-1,1102,1101,1103,-1,1102,1103,1104,-1,1104,1103,1105,-1,1104,1105,1106,-1,1106,1105,1107,-1,1106,1107,1108,-1,1108,1107,1109,-1,1108,1109,1110,-1,1110,1109,1111,-1,1110,1111,1112,-1,1112,1111,1113,-1,1112,1113,1114,-1,1114,1113,1115,-1,1114,1115,1116,-1,1116,1115,1117,-1,1116,1117,1118,-1,1118,1117,1119,-1,1118,1119,1120,-1,1120,1119,1121,-1,1120,1121,1122,-1,1122,1121,1123,-1,1122,1123,1124,-1,1124,1123,1125,-1,1124,1125,1126,-1,1126,1125,1127,-1,1126,1127,1128,-1,1128,1127,1129,-1,1128,1129,1130,-1,1130,1129,1131,-1,1130,1131,1132,-1,1132,1131,1133,-1,1134,1132,1135,-1,1135,1132,1133,-1,1136,1134,1137,-1,1137,1134,1135,-1,1138,1136,1139,-1,1139,1136,1137,-1,1140,1138,1141,-1,1141,1138,1139,-1,1082,1140,1083,-1,1083,1140,1141,-1,1110,1112,1136,-1,1096,1098,1138,-1,1138,1098,1100,-1,1138,1100,1102,-1,1102,1104,1138,-1,1138,1104,1106,-1,1138,1106,1136,-1,1136,1106,1108,-1,1136,1108,1110,-1,1082,1084,1140,-1,1140,1084,1086,-1,1140,1086,1138,-1,1138,1086,1088,-1,1138,1088,1090,-1,1112,1114,1136,-1,1136,1114,1116,-1,1136,1116,1118,-1,1118,1120,1136,-1,1136,1120,1122,-1,1136,1122,1124,-1,1124,1126,1136,-1,1136,1126,1128,-1,1136,1128,1134,-1,1134,1128,1130,-1,1134,1130,1132,-1,1090,1092,1138,-1,1138,1092,1094,-1,1138,1094,1096,-1,1085,1083,1141,-1,1111,1109,1137,-1,1105,1103,1139,-1,1139,1103,1101,-1,1137,1109,1139,-1,1139,1109,1107,-1,1139,1107,1105,-1,1133,1131,1135,-1,1135,1131,1129,-1,1135,1129,1137,-1,1129,1127,1137,-1,1137,1127,1125,-1,1137,1125,1123,-1,1117,1115,1137,-1,1137,1115,1113,-1,1137,1113,1111,-1,1101,1099,1139,-1,1139,1099,1097,-1,1139,1097,1095,-1,1085,1141,1087,-1,1087,1141,1139,-1,1087,1139,1089,-1,1123,1121,1137,-1,1137,1121,1119,-1,1137,1119,1117,-1,1095,1093,1139,-1,1139,1093,1091,-1,1139,1091,1089,-1,1142,1143,1144,-1,1144,1143,1145,-1,1146,1142,1147,-1,1147,1142,1144,-1,1146,1147,1148,-1,1148,1147,1149,-1,1148,1149,1150,-1,1150,1149,1151,-1,1150,1151,1152,-1,1152,1151,1153,-1,1152,1153,1154,-1,1154,1153,1155,-1,1154,1155,1156,-1,1156,1155,1157,-1,1156,1157,1158,-1,1158,1157,1159,-1,1158,1159,1160,-1,1160,1159,1161,-1,1160,1161,1162,-1,1162,1161,1163,-1,1162,1163,1164,-1,1164,1163,1165,-1,1164,1165,1166,-1,1166,1165,1167,-1,1166,1167,1168,-1,1168,1167,1169,-1,1168,1169,1170,-1,1170,1169,1171,-1,1170,1171,1172,-1,1172,1171,1173,-1,1172,1173,1174,-1,1174,1173,1175,-1,1174,1175,1176,-1,1176,1175,1177,-1,1176,1177,1178,-1,1178,1177,1179,-1,1178,1179,1180,-1,1180,1179,1181,-1,1180,1181,1182,-1,1182,1181,1183,-1,1182,1183,1184,-1,1184,1183,1185,-1,1184,1185,1186,-1,1186,1185,1187,-1,1186,1187,1188,-1,1188,1187,1189,-1,1188,1189,1190,-1,1190,1189,1191,-1,1190,1191,1192,-1,1192,1191,1193,-1,1192,1193,1194,-1,1194,1193,1195,-1,1194,1195,1196,-1,1196,1195,1197,-1,1198,1196,1199,-1,1199,1196,1197,-1,1200,1198,1201,-1,1201,1198,1199,-1,1143,1200,1145,-1,1145,1200,1201,-1,1174,1176,1200,-1,1146,1148,1142,-1,1142,1148,1150,-1,1142,1150,1143,-1,1143,1150,1152,-1,1143,1152,1154,-1,1154,1156,1143,-1,1143,1156,1158,-1,1143,1158,1160,-1,1160,1162,1143,-1,1143,1162,1164,-1,1143,1164,1166,-1,1166,1168,1143,-1,1143,1168,1170,-1,1143,1170,1200,-1,1200,1170,1172,-1,1200,1172,1174,-1,1176,1178,1200,-1,1200,1178,1180,-1,1200,1180,1182,-1,1182,1184,1200,-1,1200,1184,1186,-1,1200,1186,1188,-1,1188,1190,1200,-1,1200,1190,1192,-1,1200,1192,1198,-1,1198,1192,1194,-1,1198,1194,1196,-1,1169,1167,1145,-1,1177,1175,1201,-1,1201,1175,1173,-1,1201,1173,1145,-1,1145,1173,1171,-1,1145,1171,1169,-1,1167,1165,1145,-1,1145,1165,1163,-1,1145,1163,1161,-1,1161,1159,1145,-1,1145,1159,1157,-1,1145,1157,1155,-1,1155,1153,1145,-1,1145,1153,1151,-1,1145,1151,1144,-1,1144,1151,1149,-1,1144,1149,1147,-1,1189,1187,1201,-1,1201,1187,1185,-1,1201,1185,1183,-1,1183,1181,1201,-1,1201,1181,1179,-1,1201,1179,1177,-1,1197,1195,1199,-1,1199,1195,1193,-1,1199,1193,1201,-1,1201,1193,1191,-1,1201,1191,1189,-1,1202,1203,1204,-1,1204,1203,1205,-1,1206,1202,1207,-1,1207,1202,1204,-1,1206,1207,1208,-1,1208,1207,1209,-1,1208,1209,1210,-1,1210,1209,1211,-1,1210,1211,1212,-1,1212,1211,1213,-1,1212,1213,1214,-1,1214,1213,1215,-1,1214,1215,1216,-1,1216,1215,1217,-1,1216,1217,1218,-1,1218,1217,1219,-1,1218,1219,1220,-1,1220,1219,1221,-1,1220,1221,1222,-1,1222,1221,1223,-1,1222,1223,1224,-1,1224,1223,1225,-1,1224,1225,1226,-1,1226,1225,1227,-1,1226,1227,1228,-1,1228,1227,1229,-1,1228,1229,1230,-1,1230,1229,1231,-1,1230,1231,1232,-1,1232,1231,1233,-1,1232,1233,1234,-1,1234,1233,1235,-1,1234,1235,1236,-1,1236,1235,1237,-1,1236,1237,1238,-1,1238,1237,1239,-1,1238,1239,1240,-1,1240,1239,1241,-1,1240,1241,1242,-1,1242,1241,1243,-1,1242,1243,1244,-1,1244,1243,1245,-1,1244,1245,1246,-1,1246,1245,1247,-1,1246,1247,1248,-1,1248,1247,1249,-1,1248,1249,1250,-1,1250,1249,1251,-1,1250,1251,1252,-1,1252,1251,1253,-1,1252,1253,1254,-1,1254,1253,1255,-1,1254,1255,1256,-1,1256,1255,1257,-1,1258,1256,1259,-1,1259,1256,1257,-1,1260,1258,1261,-1,1261,1258,1259,-1,1203,1260,1205,-1,1205,1260,1261,-1,1224,1226,1203,-1,1234,1236,1260,-1,1218,1203,1216,-1,1216,1203,1214,-1,1218,1220,1203,-1,1203,1220,1222,-1,1203,1222,1224,-1,1226,1228,1203,-1,1203,1228,1230,-1,1203,1230,1260,-1,1260,1230,1232,-1,1260,1232,1234,-1,1242,1244,1260,-1,1260,1244,1246,-1,1260,1246,1248,-1,1206,1208,1202,-1,1202,1208,1210,-1,1202,1210,1203,-1,1203,1210,1212,-1,1203,1212,1214,-1,1236,1238,1260,-1,1260,1238,1240,-1,1260,1240,1242,-1,1248,1250,1260,-1,1260,1250,1252,-1,1260,1252,1258,-1,1258,1252,1254,-1,1258,1254,1256,-1,1249,1247,1261,-1,1261,1247,1245,-1,1261,1245,1243,-1,1217,1215,1205,-1,1243,1241,1261,-1,1261,1241,1239,-1,1261,1239,1237,-1,1237,1235,1261,-1,1261,1235,1233,-1,1261,1233,1205,-1,1205,1233,1231,-1,1205,1231,1229,-1,1229,1227,1205,-1,1205,1227,1225,-1,1205,1225,1223,-1,1257,1255,1259,-1,1259,1255,1253,-1,1259,1253,1261,-1,1261,1253,1251,-1,1261,1251,1249,-1,1223,1221,1205,-1,1205,1221,1219,-1,1205,1219,1217,-1,1215,1213,1205,-1,1205,1213,1211,-1,1205,1211,1204,-1,1204,1211,1209,-1,1204,1209,1207,-1,1262,1263,1264,-1,1264,1263,1265,-1,1266,1262,1267,-1,1267,1262,1264,-1,1268,1266,1269,-1,1269,1266,1267,-1,1270,1268,1271,-1,1271,1268,1269,-1,1270,1271,1272,-1,1272,1271,1273,-1,1272,1273,1274,-1,1274,1273,1275,-1,1274,1275,1276,-1,1276,1275,1277,-1,1276,1277,1278,-1,1278,1277,1279,-1,1278,1279,1280,-1,1280,1279,1281,-1,1280,1281,1282,-1,1282,1281,1283,-1,1282,1283,1284,-1,1284,1283,1285,-1,1284,1285,1286,-1,1286,1285,1287,-1,1286,1287,1288,-1,1288,1287,1289,-1,1288,1289,1290,-1,1290,1289,1291,-1,1290,1291,1292,-1,1292,1291,1293,-1,1292,1293,1294,-1,1294,1293,1295,-1,1294,1295,1296,-1,1296,1295,1297,-1,1296,1297,1298,-1,1298,1297,1299,-1,1298,1299,1300,-1,1300,1299,1301,-1,1300,1301,1302,-1,1302,1301,1303,-1,1302,1303,1304,-1,1304,1303,1305,-1,1304,1305,1306,-1,1306,1305,1307,-1,1306,1307,1308,-1,1308,1307,1309,-1,1308,1309,1310,-1,1310,1309,1311,-1,1310,1311,1312,-1,1312,1311,1313,-1,1312,1313,1314,-1,1314,1313,1315,-1,1314,1315,1316,-1,1316,1315,1317,-1,1316,1317,1318,-1,1318,1317,1319,-1,1318,1319,1320,-1,1320,1319,1321,-1,1263,1320,1265,-1,1265,1320,1321,-1,1318,1320,1263,-1,1288,1290,1266,-1,1288,1266,1286,-1,1278,1280,1266,-1,1298,1300,1262,-1,1262,1300,1302,-1,1262,1302,1304,-1,1304,1306,1262,-1,1262,1306,1308,-1,1262,1308,1310,-1,1310,1312,1262,-1,1262,1312,1314,-1,1262,1314,1263,-1,1263,1314,1316,-1,1263,1316,1318,-1,1280,1282,1266,-1,1266,1282,1284,-1,1266,1284,1286,-1,1270,1272,1268,-1,1268,1272,1274,-1,1268,1274,1266,-1,1266,1274,1276,-1,1266,1276,1278,-1,1290,1292,1266,-1,1266,1292,1294,-1,1266,1294,1262,-1,1262,1294,1296,-1,1262,1296,1298,-1,1273,1271,1269,-1,1313,1311,1264,-1,1264,1311,1309,-1,1264,1309,1307,-1,1321,1319,1265,-1,1265,1319,1317,-1,1265,1317,1264,-1,1264,1317,1315,-1,1264,1315,1313,-1,1293,1291,1267,-1,1267,1291,1289,-1,1267,1289,1287,-1,1307,1305,1264,-1,1264,1305,1303,-1,1264,1303,1301,-1,1287,1285,1267,-1,1267,1285,1283,-1,1267,1283,1281,-1,1301,1299,1264,-1,1264,1299,1297,-1,1264,1297,1267,-1,1267,1297,1295,-1,1267,1295,1293,-1,1281,1279,1267,-1,1267,1279,1277,-1,1267,1277,1269,-1,1269,1277,1275,-1,1269,1275,1273,-1,1320,728,1322,-1,1320,1322,1323,-1,1323,1322,1324,-1,1323,1324,1325,-1,1325,1324,1326,-1,1325,1326,1327,-1,1327,1326,1328,-1,1327,1328,1329,-1,1329,1328,1330,-1,1329,1330,1331,-1,1331,1330,1332,-1,1331,1332,1333,-1,1333,1332,1334,-1,1333,1334,1335,-1,1335,1334,1336,-1,1335,1336,1337,-1,1337,1336,1338,-1,1337,1338,1339,-1,1339,1338,1340,-1,1339,1340,1341,-1,1341,1340,1342,-1,1341,1342,1343,-1,1343,1342,1344,-1,1343,1344,1345,-1,1345,1344,1346,-1,1345,1346,1347,-1,1347,1346,1348,-1,1347,1348,1349,-1,1349,1348,1350,-1,1349,1350,1351,-1,1351,1350,1352,-1,1351,1352,1353,-1,1353,1352,1354,-1,1353,1354,1355,-1,1355,1354,1356,-1,1355,1356,1357,-1,1357,1356,1358,-1,1357,1358,1359,-1,1359,1358,1360,-1,1359,1360,1361,-1,1361,1360,1362,-1,1361,1362,1363,-1,1363,1362,719,-1,1363,719,1270,-1,1364,1270,1365,-1,1365,1270,719,-1,1364,1365,1366,-1,1366,1365,1367,-1,1366,1367,1368,-1,1368,1367,1369,-1,1368,1369,1370,-1,1370,1369,1371,-1,1370,1371,1372,-1,1372,1371,1373,-1,1372,1373,1374,-1,1374,1373,1375,-1,1374,1375,1376,-1,1376,1375,1377,-1,1376,1377,1378,-1,1378,1377,1379,-1,1378,1379,1380,-1,1380,1379,1381,-1,1380,1381,1382,-1,1382,1381,1383,-1,1382,1383,1384,-1,1384,1383,1385,-1,1384,1385,1386,-1,1386,1385,1387,-1,1386,1387,1388,-1,1388,1387,1389,-1,1388,1389,1390,-1,1390,1389,1391,-1,1390,1391,1392,-1,1392,1391,1393,-1,1392,1393,1394,-1,1394,1393,1395,-1,1394,1395,1396,-1,1396,1395,1397,-1,1396,1397,1398,-1,1398,1397,1399,-1,1398,1399,1400,-1,1400,1399,1401,-1,1400,1401,1402,-1,1402,1401,1403,-1,1320,1402,728,-1,728,1402,1403,-1,1270,1364,1363,-1,1363,1364,1366,-1,1363,1366,1361,-1,1361,1366,1368,-1,1361,1368,1359,-1,1359,1368,1370,-1,1359,1370,1357,-1,1357,1370,1372,-1,1384,1343,1382,-1,1382,1343,1345,-1,1382,1345,1380,-1,1380,1345,1347,-1,1380,1347,1378,-1,1378,1347,1349,-1,1378,1349,1376,-1,1376,1349,1351,-1,1376,1351,1374,-1,1374,1351,1353,-1,1374,1353,1372,-1,1372,1353,1355,-1,1372,1355,1357,-1,1402,1320,1400,-1,1400,1320,1323,-1,1400,1323,1398,-1,1398,1323,1325,-1,1398,1325,1396,-1,1325,1327,1396,-1,1396,1327,1329,-1,1396,1329,1394,-1,1394,1329,1331,-1,1394,1331,1392,-1,1392,1331,1333,-1,1392,1333,1390,-1,1390,1333,1335,-1,1390,1335,1388,-1,1388,1335,1337,-1,1388,1337,1386,-1,1386,1337,1339,-1,1386,1339,1384,-1,1384,1339,1341,-1,1384,1341,1343,-1,1365,719,1367,-1,1367,719,1362,-1,1367,1362,1369,-1,1369,1362,1360,-1,1369,1360,1371,-1,728,1403,1322,-1,1322,1403,1401,-1,1322,1401,1324,-1,1324,1401,1399,-1,1324,1399,1326,-1,1326,1399,1397,-1,1326,1397,1328,-1,1328,1397,1395,-1,1360,1358,1371,-1,1371,1358,1356,-1,1371,1356,1373,-1,1373,1356,1354,-1,1373,1354,1375,-1,1375,1354,1352,-1,1375,1352,1377,-1,1377,1352,1350,-1,1377,1350,1379,-1,1379,1350,1348,-1,1379,1348,1381,-1,1381,1348,1346,-1,1381,1346,1383,-1,1346,1344,1383,-1,1383,1344,1342,-1,1383,1342,1385,-1,1385,1342,1340,-1,1385,1340,1387,-1,1387,1340,1338,-1,1387,1338,1389,-1,1389,1338,1336,-1,1389,1336,1391,-1,1391,1336,1334,-1,1391,1334,1393,-1,1393,1334,1332,-1,1393,1332,1395,-1,1395,1332,1330,-1,1395,1330,1328,-1,832,654,1404,-1,832,1404,1405,-1,1405,1404,1406,-1,1405,1406,1407,-1,1407,1406,1408,-1,1407,1408,1409,-1,1409,1408,1410,-1,1409,1410,1411,-1,1411,1410,1412,-1,1411,1412,1413,-1,1413,1412,1414,-1,1413,1414,1415,-1,1415,1414,1416,-1,1415,1416,1417,-1,1417,1416,1418,-1,1417,1418,1419,-1,1419,1418,1420,-1,1419,1420,1421,-1,1421,1420,1422,-1,1421,1422,1423,-1,1423,1422,1424,-1,1423,1424,1425,-1,1425,1424,1426,-1,1425,1426,1427,-1,1427,1426,1428,-1,1427,1428,1429,-1,1429,1428,1430,-1,1429,1430,1431,-1,1431,1430,1432,-1,1431,1432,1433,-1,1433,1432,1434,-1,1433,1434,1435,-1,1435,1434,1436,-1,1435,1436,1437,-1,1437,1436,1438,-1,1437,1438,1439,-1,1439,1438,1440,-1,1439,1440,1441,-1,1441,1440,1442,-1,1441,1442,1443,-1,1443,1442,1444,-1,1443,1444,1445,-1,1445,1444,708,-1,1445,708,782,-1,1446,782,1447,-1,1447,782,708,-1,1446,1447,1448,-1,1448,1447,1449,-1,1448,1449,1450,-1,1450,1449,1451,-1,1450,1451,1452,-1,1452,1451,1453,-1,1452,1453,1454,-1,1454,1453,1455,-1,1454,1455,1456,-1,1456,1455,1457,-1,1456,1457,1458,-1,1458,1457,1459,-1,1458,1459,1460,-1,1460,1459,1461,-1,1460,1461,1462,-1,1462,1461,1463,-1,1462,1463,1464,-1,1464,1463,1465,-1,1464,1465,1466,-1,1466,1465,1467,-1,1466,1467,1468,-1,1468,1467,1469,-1,1468,1469,1470,-1,1470,1469,1471,-1,1470,1471,1472,-1,1472,1471,1473,-1,1472,1473,1474,-1,1474,1473,1475,-1,1474,1475,1476,-1,1476,1475,1477,-1,1476,1477,1478,-1,1478,1477,1479,-1,1478,1479,1480,-1,1480,1479,1481,-1,1480,1481,1482,-1,1482,1481,1483,-1,1482,1483,1484,-1,1484,1483,1485,-1,832,1484,654,-1,654,1484,1485,-1,1454,1439,1452,-1,1452,1439,1441,-1,1452,1441,1450,-1,1450,1441,1443,-1,1450,1443,1448,-1,1448,1443,1445,-1,1448,1445,1446,-1,1446,1445,782,-1,1484,832,1482,-1,1482,832,1405,-1,1482,1405,1480,-1,1480,1405,1407,-1,1480,1407,1478,-1,1466,1425,1464,-1,1464,1425,1427,-1,1464,1427,1462,-1,1462,1427,1429,-1,1462,1429,1460,-1,1460,1429,1431,-1,1460,1431,1458,-1,1458,1431,1433,-1,1458,1433,1456,-1,1456,1433,1435,-1,1456,1435,1454,-1,1454,1435,1437,-1,1454,1437,1439,-1,1407,1409,1478,-1,1478,1409,1411,-1,1478,1411,1476,-1,1476,1411,1413,-1,1476,1413,1474,-1,1474,1413,1415,-1,1474,1415,1472,-1,1472,1415,1417,-1,1472,1417,1470,-1,1470,1417,1419,-1,1470,1419,1468,-1,1468,1419,1421,-1,1468,1421,1466,-1,1466,1421,1423,-1,1466,1423,1425,-1,654,1485,1404,-1,1404,1485,1483,-1,1404,1483,1406,-1,1406,1483,1481,-1,1406,1481,1408,-1,1408,1481,1479,-1,1408,1479,1410,-1,1410,1479,1477,-1,1465,1424,1467,-1,1467,1424,1422,-1,1467,1422,1469,-1,1469,1422,1420,-1,1469,1420,1471,-1,1471,1420,1418,-1,1471,1418,1473,-1,1473,1418,1416,-1,1473,1416,1475,-1,1475,1416,1414,-1,1475,1414,1477,-1,1477,1414,1412,-1,1477,1412,1410,-1,1447,708,1449,-1,1449,708,1444,-1,1449,1444,1451,-1,1451,1444,1442,-1,1451,1442,1453,-1,1442,1440,1453,-1,1453,1440,1438,-1,1453,1438,1455,-1,1455,1438,1436,-1,1455,1436,1457,-1,1457,1436,1434,-1,1457,1434,1459,-1,1459,1434,1432,-1,1459,1432,1461,-1,1461,1432,1430,-1,1461,1430,1463,-1,1463,1430,1428,-1,1463,1428,1465,-1,1465,1428,1426,-1,1465,1426,1424,-1,1078,0,1486,-1,1078,1486,1487,-1,1487,1486,1488,-1,1487,1488,1489,-1,1489,1488,1490,-1,1489,1490,1491,-1,1491,1490,1492,-1,1491,1492,1493,-1,1493,1492,1494,-1,1493,1494,1495,-1,1495,1494,1496,-1,1495,1496,1497,-1,1497,1496,1498,-1,1497,1498,1499,-1,1499,1498,1500,-1,1499,1500,1501,-1,1501,1500,1502,-1,1501,1502,1503,-1,1503,1502,1504,-1,1503,1504,1505,-1,1505,1504,1506,-1,1505,1506,1507,-1,1507,1506,1508,-1,1507,1508,1509,-1,1509,1508,1510,-1,1509,1510,1511,-1,1511,1510,1512,-1,1511,1512,1513,-1,1513,1512,1514,-1,1513,1514,1515,-1,1515,1514,1516,-1,1515,1516,1517,-1,1517,1516,1518,-1,1517,1518,1519,-1,1519,1518,1520,-1,1519,1520,1521,-1,1521,1520,1522,-1,1521,1522,1523,-1,1523,1522,1524,-1,1523,1524,1525,-1,1525,1524,1526,-1,1525,1526,1527,-1,1527,1526,56,-1,1527,56,1028,-1,1528,1028,1529,-1,1529,1028,56,-1,1528,1529,1530,-1,1530,1529,1531,-1,1530,1531,1532,-1,1532,1531,1533,-1,1532,1533,1534,-1,1534,1533,1535,-1,1534,1535,1536,-1,1536,1535,1537,-1,1536,1537,1538,-1,1538,1537,1539,-1,1538,1539,1540,-1,1540,1539,1541,-1,1540,1541,1542,-1,1542,1541,1543,-1,1542,1543,1544,-1,1544,1543,1545,-1,1544,1545,1546,-1,1546,1545,1547,-1,1546,1547,1548,-1,1548,1547,1549,-1,1548,1549,1550,-1,1550,1549,1551,-1,1550,1551,1552,-1,1552,1551,1553,-1,1552,1553,1554,-1,1554,1553,1555,-1,1554,1555,1556,-1,1556,1555,1557,-1,1556,1557,1558,-1,1558,1557,1559,-1,1558,1559,1560,-1,1560,1559,1561,-1,1560,1561,1562,-1,1562,1561,1563,-1,1562,1563,1564,-1,1564,1563,1565,-1,1564,1565,1566,-1,1566,1565,1567,-1,1078,1566,0,-1,0,1566,1567,-1,1566,1078,1564,-1,1564,1078,1487,-1,1564,1487,1562,-1,1562,1487,1489,-1,1562,1489,1560,-1,1489,1491,1560,-1,1560,1491,1493,-1,1560,1493,1558,-1,1558,1493,1495,-1,1558,1495,1556,-1,1556,1495,1497,-1,1556,1497,1554,-1,1554,1497,1499,-1,1554,1499,1552,-1,1552,1499,1501,-1,1552,1501,1550,-1,1550,1501,1503,-1,1550,1503,1548,-1,1536,1521,1534,-1,1534,1521,1523,-1,1534,1523,1532,-1,1532,1523,1525,-1,1532,1525,1530,-1,1530,1525,1527,-1,1530,1527,1528,-1,1528,1527,1028,-1,1503,1505,1548,-1,1548,1505,1507,-1,1548,1507,1546,-1,1546,1507,1509,-1,1546,1509,1544,-1,1544,1509,1511,-1,1544,1511,1542,-1,1542,1511,1513,-1,1542,1513,1540,-1,1540,1513,1515,-1,1540,1515,1538,-1,1538,1515,1517,-1,1538,1517,1536,-1,1536,1517,1519,-1,1536,1519,1521,-1,0,1567,1486,-1,1486,1567,1565,-1,1486,1565,1488,-1,1488,1565,1563,-1,1488,1563,1490,-1,1490,1563,1561,-1,1490,1561,1492,-1,1492,1561,1559,-1,1529,56,1531,-1,1531,56,1526,-1,1531,1526,1533,-1,1533,1526,1524,-1,1533,1524,1535,-1,1547,1506,1549,-1,1549,1506,1504,-1,1549,1504,1551,-1,1551,1504,1502,-1,1551,1502,1553,-1,1553,1502,1500,-1,1553,1500,1555,-1,1555,1500,1498,-1,1555,1498,1557,-1,1557,1498,1496,-1,1557,1496,1559,-1,1559,1496,1494,-1,1559,1494,1492,-1,1524,1522,1535,-1,1535,1522,1520,-1,1535,1520,1537,-1,1537,1520,1518,-1,1537,1518,1539,-1,1539,1518,1516,-1,1539,1516,1541,-1,1541,1516,1514,-1,1541,1514,1543,-1,1543,1514,1512,-1,1543,1512,1545,-1,1545,1512,1510,-1,1545,1510,1547,-1,1547,1510,1508,-1,1547,1508,1506,-1,1196,320,1568,-1,1196,1568,1569,-1,1569,1568,1570,-1,1569,1570,1571,-1,1571,1570,1572,-1,1571,1572,1573,-1,1573,1572,1574,-1,1573,1574,1575,-1,1575,1574,1576,-1,1575,1576,1577,-1,1577,1576,1578,-1,1577,1578,1579,-1,1579,1578,1580,-1,1579,1580,1581,-1,1581,1580,1582,-1,1581,1582,1583,-1,1583,1582,1584,-1,1583,1584,1585,-1,1585,1584,1586,-1,1585,1586,1587,-1,1587,1586,1588,-1,1587,1588,1589,-1,1589,1588,1590,-1,1589,1590,1591,-1,1591,1590,1592,-1,1591,1592,1593,-1,1593,1592,1594,-1,1593,1594,1595,-1,1595,1594,1596,-1,1595,1596,1597,-1,1597,1596,1598,-1,1597,1598,1599,-1,1599,1598,1600,-1,1599,1600,1601,-1,1601,1600,1602,-1,1601,1602,1603,-1,1603,1602,1604,-1,1603,1604,1605,-1,1605,1604,1606,-1,1605,1606,1607,-1,1607,1606,1608,-1,1607,1608,1609,-1,1609,1608,374,-1,1609,374,1146,-1,1610,1146,1611,-1,1611,1146,374,-1,1610,1611,1612,-1,1612,1611,1613,-1,1612,1613,1614,-1,1614,1613,1615,-1,1614,1615,1616,-1,1616,1615,1617,-1,1616,1617,1618,-1,1618,1617,1619,-1,1618,1619,1620,-1,1620,1619,1621,-1,1620,1621,1622,-1,1622,1621,1623,-1,1622,1623,1624,-1,1624,1623,1625,-1,1624,1625,1626,-1,1626,1625,1627,-1,1626,1627,1628,-1,1628,1627,1629,-1,1628,1629,1630,-1,1630,1629,1631,-1,1630,1631,1632,-1,1632,1631,1633,-1,1632,1633,1634,-1,1634,1633,1635,-1,1634,1635,1636,-1,1636,1635,1637,-1,1636,1637,1638,-1,1638,1637,1639,-1,1638,1639,1640,-1,1640,1639,1641,-1,1640,1641,1642,-1,1642,1641,1643,-1,1642,1643,1644,-1,1644,1643,1645,-1,1644,1645,1646,-1,1646,1645,1647,-1,1646,1647,1648,-1,1648,1647,1649,-1,1196,1648,320,-1,320,1648,1649,-1,1146,1610,1609,-1,1609,1610,1612,-1,1609,1612,1607,-1,1607,1612,1614,-1,1607,1614,1605,-1,1605,1614,1616,-1,1605,1616,1603,-1,1603,1616,1618,-1,1648,1196,1646,-1,1646,1196,1569,-1,1646,1569,1644,-1,1644,1569,1571,-1,1644,1571,1642,-1,1571,1573,1642,-1,1642,1573,1575,-1,1642,1575,1640,-1,1640,1575,1577,-1,1640,1577,1638,-1,1638,1577,1579,-1,1638,1579,1636,-1,1636,1579,1581,-1,1636,1581,1634,-1,1634,1581,1583,-1,1634,1583,1632,-1,1632,1583,1585,-1,1632,1585,1630,-1,1585,1587,1630,-1,1630,1587,1589,-1,1630,1589,1628,-1,1628,1589,1591,-1,1628,1591,1626,-1,1626,1591,1593,-1,1626,1593,1624,-1,1624,1593,1595,-1,1624,1595,1622,-1,1622,1595,1597,-1,1622,1597,1620,-1,1620,1597,1599,-1,1620,1599,1618,-1,1618,1599,1601,-1,1618,1601,1603,-1,1611,374,1613,-1,1613,374,1608,-1,1613,1608,1615,-1,1615,1608,1606,-1,1615,1606,1617,-1,320,1649,1568,-1,1568,1649,1647,-1,1568,1647,1570,-1,1570,1647,1645,-1,1570,1645,1572,-1,1572,1645,1643,-1,1572,1643,1574,-1,1574,1643,1641,-1,1629,1588,1631,-1,1631,1588,1586,-1,1631,1586,1633,-1,1633,1586,1584,-1,1633,1584,1635,-1,1635,1584,1582,-1,1635,1582,1637,-1,1637,1582,1580,-1,1637,1580,1639,-1,1639,1580,1578,-1,1639,1578,1641,-1,1641,1578,1576,-1,1641,1576,1574,-1,1606,1604,1617,-1,1617,1604,1602,-1,1617,1602,1619,-1,1619,1602,1600,-1,1619,1600,1621,-1,1621,1600,1598,-1,1621,1598,1623,-1,1623,1598,1596,-1,1623,1596,1625,-1,1625,1596,1594,-1,1625,1594,1627,-1,1627,1594,1592,-1,1627,1592,1629,-1,1629,1592,1590,-1,1629,1590,1588,-1,1256,384,1650,-1,1256,1650,1651,-1,1651,1650,1652,-1,1651,1652,1653,-1,1653,1652,1654,-1,1653,1654,1655,-1,1655,1654,1656,-1,1655,1656,1657,-1,1657,1656,1658,-1,1657,1658,1659,-1,1659,1658,1660,-1,1659,1660,1661,-1,1661,1660,1662,-1,1661,1662,1663,-1,1663,1662,1664,-1,1663,1664,1665,-1,1665,1664,1666,-1,1665,1666,1667,-1,1667,1666,1668,-1,1667,1668,1669,-1,1669,1668,1670,-1,1669,1670,1671,-1,1671,1670,1672,-1,1671,1672,1673,-1,1673,1672,1674,-1,1673,1674,1675,-1,1675,1674,1676,-1,1675,1676,1677,-1,1677,1676,1678,-1,1677,1678,1679,-1,1679,1678,1680,-1,1679,1680,1681,-1,1681,1680,1682,-1,1681,1682,1683,-1,1683,1682,1684,-1,1683,1684,1685,-1,1685,1684,1686,-1,1685,1686,1687,-1,1687,1686,1688,-1,1687,1688,1689,-1,1689,1688,1690,-1,1689,1690,1691,-1,1691,1690,438,-1,1691,438,1206,-1,1692,1206,1693,-1,1693,1206,438,-1,1692,1693,1694,-1,1694,1693,1695,-1,1694,1695,1696,-1,1696,1695,1697,-1,1696,1697,1698,-1,1698,1697,1699,-1,1698,1699,1700,-1,1700,1699,1701,-1,1700,1701,1702,-1,1702,1701,1703,-1,1702,1703,1704,-1,1704,1703,1705,-1,1704,1705,1706,-1,1706,1705,1707,-1,1706,1707,1708,-1,1708,1707,1709,-1,1708,1709,1710,-1,1710,1709,1711,-1,1710,1711,1712,-1,1712,1711,1713,-1,1712,1713,1714,-1,1714,1713,1715,-1,1714,1715,1716,-1,1716,1715,1717,-1,1716,1717,1718,-1,1718,1717,1719,-1,1718,1719,1720,-1,1720,1719,1721,-1,1720,1721,1722,-1,1722,1721,1723,-1,1722,1723,1724,-1,1724,1723,1725,-1,1724,1725,1726,-1,1726,1725,1727,-1,1726,1727,1728,-1,1728,1727,1729,-1,1728,1729,1730,-1,1730,1729,1731,-1,1256,1730,384,-1,384,1730,1731,-1,1206,1692,1691,-1,1691,1692,1694,-1,1691,1694,1689,-1,1689,1694,1696,-1,1689,1696,1687,-1,1687,1696,1698,-1,1687,1698,1685,-1,1685,1698,1700,-1,1730,1256,1728,-1,1728,1256,1651,-1,1728,1651,1726,-1,1726,1651,1653,-1,1726,1653,1724,-1,1653,1655,1724,-1,1724,1655,1657,-1,1724,1657,1722,-1,1722,1657,1659,-1,1722,1659,1720,-1,1720,1659,1661,-1,1720,1661,1718,-1,1718,1661,1663,-1,1718,1663,1716,-1,1716,1663,1665,-1,1716,1665,1714,-1,1714,1665,1667,-1,1714,1667,1712,-1,1667,1669,1712,-1,1712,1669,1671,-1,1712,1671,1710,-1,1710,1671,1673,-1,1710,1673,1708,-1,1708,1673,1675,-1,1708,1675,1706,-1,1706,1675,1677,-1,1706,1677,1704,-1,1704,1677,1679,-1,1704,1679,1702,-1,1702,1679,1681,-1,1702,1681,1700,-1,1700,1681,1683,-1,1700,1683,1685,-1,1693,438,1695,-1,1695,438,1690,-1,1695,1690,1697,-1,1697,1690,1688,-1,1697,1688,1699,-1,384,1731,1650,-1,1650,1731,1729,-1,1650,1729,1652,-1,1652,1729,1727,-1,1652,1727,1654,-1,1654,1727,1725,-1,1654,1725,1656,-1,1656,1725,1723,-1,1711,1670,1713,-1,1713,1670,1668,-1,1713,1668,1715,-1,1715,1668,1666,-1,1715,1666,1717,-1,1717,1666,1664,-1,1717,1664,1719,-1,1719,1664,1662,-1,1719,1662,1721,-1,1721,1662,1660,-1,1721,1660,1723,-1,1723,1660,1658,-1,1723,1658,1656,-1,1688,1686,1699,-1,1699,1686,1684,-1,1699,1684,1701,-1,1701,1684,1682,-1,1701,1682,1703,-1,1703,1682,1680,-1,1703,1680,1705,-1,1705,1680,1678,-1,1705,1678,1707,-1,1707,1678,1676,-1,1707,1676,1709,-1,1709,1676,1674,-1,1709,1674,1711,-1,1711,1674,1672,-1,1711,1672,1670,-1,896,448,1732,-1,896,1732,1733,-1,1733,1732,1734,-1,1733,1734,1735,-1,1735,1734,1736,-1,1735,1736,1737,-1,1737,1736,1738,-1,1737,1738,1739,-1,1739,1738,1740,-1,1739,1740,1741,-1,1741,1740,1742,-1,1741,1742,1743,-1,1743,1742,1744,-1,1743,1744,1745,-1,1745,1744,1746,-1,1745,1746,1747,-1,1747,1746,1748,-1,1747,1748,1749,-1,1749,1748,1750,-1,1749,1750,1751,-1,1751,1750,1752,-1,1751,1752,1753,-1,1753,1752,1754,-1,1753,1754,1755,-1,1755,1754,1756,-1,1755,1756,1757,-1,1757,1756,1758,-1,1757,1758,1759,-1,1759,1758,1760,-1,1759,1760,1761,-1,1761,1760,1762,-1,1761,1762,1763,-1,1763,1762,1764,-1,1763,1764,1765,-1,1765,1764,1766,-1,1765,1766,1767,-1,1767,1766,1768,-1,1767,1768,1769,-1,1769,1768,1770,-1,1769,1770,1771,-1,1771,1770,1772,-1,1771,1772,1773,-1,1773,1772,502,-1,1773,502,846,-1,1774,846,1775,-1,1775,846,502,-1,1774,1775,1776,-1,1776,1775,1777,-1,1776,1777,1778,-1,1778,1777,1779,-1,1778,1779,1780,-1,1780,1779,1781,-1,1780,1781,1782,-1,1782,1781,1783,-1,1782,1783,1784,-1,1784,1783,1785,-1,1784,1785,1786,-1,1786,1785,1787,-1,1786,1787,1788,-1,1788,1787,1789,-1,1788,1789,1790,-1,1790,1789,1791,-1,1790,1791,1792,-1,1792,1791,1793,-1,1792,1793,1794,-1,1794,1793,1795,-1,1794,1795,1796,-1,1796,1795,1797,-1,1796,1797,1798,-1,1798,1797,1799,-1,1798,1799,1800,-1,1800,1799,1801,-1,1800,1801,1802,-1,1802,1801,1803,-1,1802,1803,1804,-1,1804,1803,1805,-1,1804,1805,1806,-1,1806,1805,1807,-1,1806,1807,1808,-1,1808,1807,1809,-1,1808,1809,1810,-1,1810,1809,1811,-1,1810,1811,1812,-1,1812,1811,1813,-1,896,1812,448,-1,448,1812,1813,-1,846,1774,1773,-1,1773,1774,1776,-1,1773,1776,1771,-1,1771,1776,1778,-1,1771,1778,1769,-1,1769,1778,1780,-1,1769,1780,1767,-1,1767,1780,1782,-1,1812,896,1810,-1,1810,896,1733,-1,1810,1733,1808,-1,1808,1733,1735,-1,1808,1735,1806,-1,1794,1753,1792,-1,1792,1753,1755,-1,1792,1755,1790,-1,1790,1755,1757,-1,1790,1757,1788,-1,1788,1757,1759,-1,1788,1759,1786,-1,1786,1759,1761,-1,1786,1761,1784,-1,1784,1761,1763,-1,1784,1763,1782,-1,1782,1763,1765,-1,1782,1765,1767,-1,1735,1737,1806,-1,1806,1737,1739,-1,1806,1739,1804,-1,1804,1739,1741,-1,1804,1741,1802,-1,1802,1741,1743,-1,1802,1743,1800,-1,1800,1743,1745,-1,1800,1745,1798,-1,1798,1745,1747,-1,1798,1747,1796,-1,1796,1747,1749,-1,1796,1749,1794,-1,1794,1749,1751,-1,1794,1751,1753,-1,1775,502,1777,-1,1777,502,1772,-1,1777,1772,1779,-1,1779,1772,1770,-1,1779,1770,1781,-1,448,1813,1732,-1,1732,1813,1811,-1,1732,1811,1734,-1,1734,1811,1809,-1,1734,1809,1736,-1,1736,1809,1807,-1,1736,1807,1738,-1,1738,1807,1805,-1,1770,1768,1781,-1,1781,1768,1766,-1,1781,1766,1783,-1,1783,1766,1764,-1,1783,1764,1785,-1,1785,1764,1762,-1,1785,1762,1787,-1,1787,1762,1760,-1,1787,1760,1789,-1,1789,1760,1758,-1,1789,1758,1791,-1,1791,1758,1756,-1,1791,1756,1793,-1,1756,1754,1793,-1,1793,1754,1752,-1,1793,1752,1795,-1,1795,1752,1750,-1,1795,1750,1797,-1,1797,1750,1748,-1,1797,1748,1799,-1,1799,1748,1746,-1,1799,1746,1801,-1,1801,1746,1744,-1,1801,1744,1803,-1,1803,1744,1742,-1,1803,1742,1805,-1,1805,1742,1740,-1,1805,1740,1738,-1,1132,64,1814,-1,1132,1814,1815,-1,1815,1814,1816,-1,1815,1816,1817,-1,1817,1816,1818,-1,1817,1818,1819,-1,1819,1818,1820,-1,1819,1820,1821,-1,1821,1820,1822,-1,1821,1822,1823,-1,1823,1822,1824,-1,1823,1824,1825,-1,1825,1824,1826,-1,1825,1826,1827,-1,1827,1826,1828,-1,1827,1828,1829,-1,1829,1828,1830,-1,1829,1830,1831,-1,1831,1830,1832,-1,1831,1832,1833,-1,1833,1832,1834,-1,1833,1834,1835,-1,1835,1834,1836,-1,1835,1836,1837,-1,1837,1836,1838,-1,1837,1838,1839,-1,1839,1838,1840,-1,1839,1840,1841,-1,1841,1840,1842,-1,1841,1842,1843,-1,1843,1842,1844,-1,1843,1844,1845,-1,1845,1844,1846,-1,1845,1846,1847,-1,1847,1846,1848,-1,1847,1848,1849,-1,1849,1848,1850,-1,1849,1850,1851,-1,1851,1850,1852,-1,1851,1852,1853,-1,1853,1852,1854,-1,1853,1854,1855,-1,1855,1854,118,-1,1855,118,1082,-1,1856,1082,1857,-1,1857,1082,118,-1,1856,1857,1858,-1,1858,1857,1859,-1,1858,1859,1860,-1,1860,1859,1861,-1,1860,1861,1862,-1,1862,1861,1863,-1,1862,1863,1864,-1,1864,1863,1865,-1,1864,1865,1866,-1,1866,1865,1867,-1,1866,1867,1868,-1,1868,1867,1869,-1,1868,1869,1870,-1,1870,1869,1871,-1,1870,1871,1872,-1,1872,1871,1873,-1,1872,1873,1874,-1,1874,1873,1875,-1,1874,1875,1876,-1,1876,1875,1877,-1,1876,1877,1878,-1,1878,1877,1879,-1,1878,1879,1880,-1,1880,1879,1881,-1,1880,1881,1882,-1,1882,1881,1883,-1,1882,1883,1884,-1,1884,1883,1885,-1,1884,1885,1886,-1,1886,1885,1887,-1,1886,1887,1888,-1,1888,1887,1889,-1,1888,1889,1890,-1,1890,1889,1891,-1,1890,1891,1892,-1,1892,1891,1893,-1,1892,1893,1894,-1,1894,1893,1895,-1,1132,1894,64,-1,64,1894,1895,-1,1082,1856,1855,-1,1855,1856,1858,-1,1855,1858,1853,-1,1853,1858,1860,-1,1853,1860,1851,-1,1851,1860,1862,-1,1851,1862,1849,-1,1849,1862,1864,-1,1876,1835,1874,-1,1874,1835,1837,-1,1874,1837,1872,-1,1872,1837,1839,-1,1872,1839,1870,-1,1870,1839,1841,-1,1870,1841,1868,-1,1868,1841,1843,-1,1868,1843,1866,-1,1866,1843,1845,-1,1866,1845,1864,-1,1864,1845,1847,-1,1864,1847,1849,-1,1894,1132,1892,-1,1892,1132,1815,-1,1892,1815,1890,-1,1890,1815,1817,-1,1890,1817,1888,-1,1817,1819,1888,-1,1888,1819,1821,-1,1888,1821,1886,-1,1886,1821,1823,-1,1886,1823,1884,-1,1884,1823,1825,-1,1884,1825,1882,-1,1882,1825,1827,-1,1882,1827,1880,-1,1880,1827,1829,-1,1880,1829,1878,-1,1878,1829,1831,-1,1878,1831,1876,-1,1876,1831,1833,-1,1876,1833,1835,-1,1857,118,1859,-1,1859,118,1854,-1,1859,1854,1861,-1,1861,1854,1852,-1,1861,1852,1863,-1,64,1895,1814,-1,1814,1895,1893,-1,1814,1893,1816,-1,1816,1893,1891,-1,1816,1891,1818,-1,1818,1891,1889,-1,1818,1889,1820,-1,1820,1889,1887,-1,1875,1834,1877,-1,1877,1834,1832,-1,1877,1832,1879,-1,1879,1832,1830,-1,1879,1830,1881,-1,1881,1830,1828,-1,1881,1828,1883,-1,1883,1828,1826,-1,1883,1826,1885,-1,1885,1826,1824,-1,1885,1824,1887,-1,1887,1824,1822,-1,1887,1822,1820,-1,1852,1850,1863,-1,1863,1850,1848,-1,1863,1848,1865,-1,1865,1848,1846,-1,1865,1846,1867,-1,1867,1846,1844,-1,1867,1844,1869,-1,1869,1844,1842,-1,1869,1842,1871,-1,1871,1842,1840,-1,1871,1840,1873,-1,1873,1840,1838,-1,1873,1838,1875,-1,1875,1838,1836,-1,1875,1836,1834,-1,1012,128,1896,-1,1012,1896,1897,-1,1897,1896,1898,-1,1897,1898,1899,-1,1899,1898,1900,-1,1899,1900,1901,-1,1901,1900,1902,-1,1901,1902,1903,-1,1903,1902,1904,-1,1903,1904,1905,-1,1905,1904,1906,-1,1905,1906,1907,-1,1907,1906,1908,-1,1907,1908,1909,-1,1909,1908,1910,-1,1909,1910,1911,-1,1911,1910,1912,-1,1911,1912,1913,-1,1913,1912,1914,-1,1913,1914,1915,-1,1915,1914,1916,-1,1915,1916,1917,-1,1917,1916,1918,-1,1917,1918,1919,-1,1919,1918,1920,-1,1919,1920,1921,-1,1921,1920,1922,-1,1921,1922,1923,-1,1923,1922,1924,-1,1923,1924,1925,-1,1925,1924,1926,-1,1925,1926,1927,-1,1927,1926,1928,-1,1927,1928,1929,-1,1929,1928,1930,-1,1929,1930,1931,-1,1931,1930,1932,-1,1931,1932,1933,-1,1933,1932,1934,-1,1933,1934,1935,-1,1935,1934,1936,-1,1935,1936,1937,-1,1937,1936,182,-1,1937,182,962,-1,1938,962,1939,-1,1939,962,182,-1,1938,1939,1940,-1,1940,1939,1941,-1,1940,1941,1942,-1,1942,1941,1943,-1,1942,1943,1944,-1,1944,1943,1945,-1,1944,1945,1946,-1,1946,1945,1947,-1,1946,1947,1948,-1,1948,1947,1949,-1,1948,1949,1950,-1,1950,1949,1951,-1,1950,1951,1952,-1,1952,1951,1953,-1,1952,1953,1954,-1,1954,1953,1955,-1,1954,1955,1956,-1,1956,1955,1957,-1,1956,1957,1958,-1,1958,1957,1959,-1,1958,1959,1960,-1,1960,1959,1961,-1,1960,1961,1962,-1,1962,1961,1963,-1,1962,1963,1964,-1,1964,1963,1965,-1,1964,1965,1966,-1,1966,1965,1967,-1,1966,1967,1968,-1,1968,1967,1969,-1,1968,1969,1970,-1,1970,1969,1971,-1,1970,1971,1972,-1,1972,1971,1973,-1,1972,1973,1974,-1,1974,1973,1975,-1,1974,1975,1976,-1,1976,1975,1977,-1,1012,1976,128,-1,128,1976,1977,-1,1958,1917,1956,-1,1956,1917,1919,-1,1956,1919,1954,-1,1954,1919,1921,-1,1954,1921,1952,-1,1952,1921,1923,-1,1952,1923,1950,-1,1950,1923,1925,-1,1950,1925,1948,-1,1948,1925,1927,-1,1948,1927,1946,-1,1976,1012,1974,-1,1974,1012,1897,-1,1974,1897,1972,-1,1972,1897,1899,-1,1972,1899,1970,-1,962,1938,1937,-1,1937,1938,1940,-1,1937,1940,1935,-1,1935,1940,1942,-1,1935,1942,1933,-1,1933,1942,1944,-1,1933,1944,1931,-1,1931,1944,1946,-1,1931,1946,1929,-1,1929,1946,1927,-1,1899,1901,1970,-1,1970,1901,1903,-1,1970,1903,1968,-1,1968,1903,1905,-1,1968,1905,1966,-1,1966,1905,1907,-1,1966,1907,1964,-1,1964,1907,1909,-1,1964,1909,1962,-1,1962,1909,1911,-1,1962,1911,1960,-1,1960,1911,1913,-1,1960,1913,1958,-1,1958,1913,1915,-1,1958,1915,1917,-1,1939,182,1941,-1,1941,182,1936,-1,1941,1936,1943,-1,1943,1936,1934,-1,1943,1934,1945,-1,128,1977,1896,-1,1896,1977,1975,-1,1896,1975,1898,-1,1898,1975,1973,-1,1898,1973,1900,-1,1900,1973,1971,-1,1900,1971,1902,-1,1902,1971,1969,-1,1957,1916,1959,-1,1959,1916,1914,-1,1959,1914,1961,-1,1961,1914,1912,-1,1961,1912,1963,-1,1963,1912,1910,-1,1963,1910,1965,-1,1965,1910,1908,-1,1965,1908,1967,-1,1967,1908,1906,-1,1967,1906,1969,-1,1969,1906,1904,-1,1969,1904,1902,-1,1934,1932,1945,-1,1945,1932,1930,-1,1945,1930,1947,-1,1947,1930,1928,-1,1947,1928,1949,-1,1949,1928,1926,-1,1949,1926,1951,-1,1951,1926,1924,-1,1951,1924,1953,-1,1953,1924,1922,-1,1953,1922,1955,-1,1955,1922,1920,-1,1955,1920,1957,-1,1957,1920,1918,-1,1957,1918,1916,-1,952,192,1978,-1,952,1978,1979,-1,1979,1978,1980,-1,1979,1980,1981,-1,1981,1980,1982,-1,1981,1982,1983,-1,1983,1982,1984,-1,1983,1984,1985,-1,1985,1984,1986,-1,1985,1986,1987,-1,1987,1986,1988,-1,1987,1988,1989,-1,1989,1988,1990,-1,1989,1990,1991,-1,1991,1990,1992,-1,1991,1992,1993,-1,1993,1992,1994,-1,1993,1994,1995,-1,1995,1994,1996,-1,1995,1996,1997,-1,1997,1996,1998,-1,1997,1998,1999,-1,1999,1998,2000,-1,1999,2000,2001,-1,2001,2000,2002,-1,2001,2002,2003,-1,2003,2002,2004,-1,2003,2004,2005,-1,2005,2004,2006,-1,2005,2006,2007,-1,2007,2006,2008,-1,2007,2008,2009,-1,2009,2008,2010,-1,2009,2010,2011,-1,2011,2010,2012,-1,2011,2012,2013,-1,2013,2012,2014,-1,2013,2014,2015,-1,2015,2014,2016,-1,2015,2016,2017,-1,2017,2016,2018,-1,2017,2018,2019,-1,2019,2018,246,-1,2019,246,902,-1,2020,902,2021,-1,2021,902,246,-1,2020,2021,2022,-1,2022,2021,2023,-1,2022,2023,2024,-1,2024,2023,2025,-1,2024,2025,2026,-1,2026,2025,2027,-1,2026,2027,2028,-1,2028,2027,2029,-1,2028,2029,2030,-1,2030,2029,2031,-1,2030,2031,2032,-1,2032,2031,2033,-1,2032,2033,2034,-1,2034,2033,2035,-1,2034,2035,2036,-1,2036,2035,2037,-1,2036,2037,2038,-1,2038,2037,2039,-1,2038,2039,2040,-1,2040,2039,2041,-1,2040,2041,2042,-1,2042,2041,2043,-1,2042,2043,2044,-1,2044,2043,2045,-1,2044,2045,2046,-1,2046,2045,2047,-1,2046,2047,2048,-1,2048,2047,2049,-1,2048,2049,2050,-1,2050,2049,2051,-1,2050,2051,2052,-1,2052,2051,2053,-1,2052,2053,2054,-1,2054,2053,2055,-1,2054,2055,2056,-1,2056,2055,2057,-1,2056,2057,2058,-1,2058,2057,2059,-1,952,2058,192,-1,192,2058,2059,-1,902,2020,2019,-1,2019,2020,2022,-1,2019,2022,2017,-1,2017,2022,2024,-1,2017,2024,2015,-1,2015,2024,2026,-1,2015,2026,2013,-1,2013,2026,2028,-1,2058,952,2056,-1,2056,952,1979,-1,2056,1979,2054,-1,2054,1979,1981,-1,2054,1981,2052,-1,2040,1999,2038,-1,2038,1999,2001,-1,2038,2001,2036,-1,2036,2001,2003,-1,2036,2003,2034,-1,2034,2003,2005,-1,2034,2005,2032,-1,2032,2005,2007,-1,2032,2007,2030,-1,2030,2007,2009,-1,2030,2009,2028,-1,2028,2009,2011,-1,2028,2011,2013,-1,1981,1983,2052,-1,2052,1983,1985,-1,2052,1985,2050,-1,2050,1985,1987,-1,2050,1987,2048,-1,2048,1987,1989,-1,2048,1989,2046,-1,2046,1989,1991,-1,2046,1991,2044,-1,2044,1991,1993,-1,2044,1993,2042,-1,2042,1993,1995,-1,2042,1995,2040,-1,2040,1995,1997,-1,2040,1997,1999,-1,2021,246,2023,-1,2023,246,2018,-1,2023,2018,2025,-1,2025,2018,2016,-1,2025,2016,2027,-1,2051,1984,2053,-1,2053,1984,1982,-1,2053,1982,2055,-1,2055,1982,1980,-1,2055,1980,2057,-1,2057,1980,1978,-1,2057,1978,2059,-1,2059,1978,192,-1,2039,1998,2041,-1,2041,1998,1996,-1,2041,1996,2043,-1,2043,1996,1994,-1,2043,1994,2045,-1,2045,1994,1992,-1,2045,1992,2047,-1,2047,1992,1990,-1,2047,1990,2049,-1,2049,1990,1988,-1,2049,1988,2051,-1,2051,1988,1986,-1,2051,1986,1984,-1,2016,2014,2027,-1,2027,2014,2012,-1,2027,2012,2029,-1,2029,2012,2010,-1,2029,2010,2031,-1,2031,2010,2008,-1,2031,2008,2033,-1,2033,2008,2006,-1,2033,2006,2035,-1,2035,2006,2004,-1,2035,2004,2037,-1,2037,2004,2002,-1,2037,2002,2039,-1,2039,2002,2000,-1,2039,2000,1998,-1,
        ]
    }
}